SET session_replication_role = replica;

--
-- PostgreSQL database dump
--

-- Dumped from database version 17.4
-- Dumped by pg_dump version 17.4

SET statement_timeout = 0;
SET lock_timeout = 0;
SET idle_in_transaction_session_timeout = 0;
SET transaction_timeout = 0;
SET client_encoding = 'UTF8';
SET standard_conforming_strings = on;
SELECT pg_catalog.set_config('search_path', '', false);
SET check_function_bodies = false;
SET xmloption = content;
SET client_min_messages = warning;
SET row_security = off;

--
-- Data for Name: audit_log_entries; Type: TABLE DATA; Schema: auth; Owner: supabase_auth_admin
--

INSERT INTO "auth"."audit_log_entries" ("instance_id", "id", "payload", "created_at", "ip_address") VALUES
	('00000000-0000-0000-0000-000000000000', '675d768d-d772-4d46-b75c-8c849c8f87e3', '{"action":"user_confirmation_requested","actor_id":"6817b433-fce4-4c3e-9e3f-02510fced788","actor_username":"macharetelucas@gmail.com","actor_via_sso":false,"log_type":"user","traits":{"provider":"email"}}', '2025-07-18 19:40:14.182684+00', ''),
	('00000000-0000-0000-0000-000000000000', 'eac48489-e823-40ec-92ef-8337ce9b81a4', '{"action":"user_confirmation_requested","actor_id":"6817b433-fce4-4c3e-9e3f-02510fced788","actor_username":"macharetelucas@gmail.com","actor_via_sso":false,"log_type":"user","traits":{"provider":"email"}}', '2025-07-18 19:43:12.765735+00', ''),
	('00000000-0000-0000-0000-000000000000', '697eb0c0-b6d9-49d8-a1ce-349e09876dcd', '{"action":"user_signedup","actor_id":"6817b433-fce4-4c3e-9e3f-02510fced788","actor_username":"macharetelucas@gmail.com","actor_via_sso":false,"log_type":"team","traits":{"provider":"email"}}', '2025-07-18 19:43:54.413028+00', ''),
	('00000000-0000-0000-0000-000000000000', '1de4e285-8a85-4022-83dc-1d4d7e94a1da', '{"action":"login","actor_id":"6817b433-fce4-4c3e-9e3f-02510fced788","actor_username":"macharetelucas@gmail.com","actor_via_sso":false,"log_type":"account","traits":{"provider":"email"}}', '2025-07-18 19:44:01.580762+00', ''),
	('00000000-0000-0000-0000-000000000000', 'e539fe78-f32c-4559-8e9b-3b9100f5fc37', '{"action":"login","actor_id":"6817b433-fce4-4c3e-9e3f-02510fced788","actor_username":"macharetelucas@gmail.com","actor_via_sso":false,"log_type":"account","traits":{"provider":"email"}}', '2025-07-18 19:44:06.041627+00', ''),
	('00000000-0000-0000-0000-000000000000', '51ab4a6d-a3dc-4108-9401-751be92e2a2e', '{"action":"login","actor_id":"6817b433-fce4-4c3e-9e3f-02510fced788","actor_username":"macharetelucas@gmail.com","actor_via_sso":false,"log_type":"account","traits":{"provider":"email"}}', '2025-07-18 19:44:20.706962+00', ''),
	('00000000-0000-0000-0000-000000000000', 'b74f41f5-8fe8-4156-9cd2-0cfc710ab780', '{"action":"login","actor_id":"6817b433-fce4-4c3e-9e3f-02510fced788","actor_username":"macharetelucas@gmail.com","actor_via_sso":false,"log_type":"account","traits":{"provider":"email"}}', '2025-07-18 19:47:03.959158+00', ''),
	('00000000-0000-0000-0000-000000000000', '886ee226-0597-43bf-b31d-08685f03b420', '{"action":"login","actor_id":"6817b433-fce4-4c3e-9e3f-02510fced788","actor_username":"macharetelucas@gmail.com","actor_via_sso":false,"log_type":"account","traits":{"provider":"email"}}', '2025-07-18 19:47:29.158315+00', ''),
	('00000000-0000-0000-0000-000000000000', '03c7c1e5-e815-4f31-be4e-f50aa62842ec', '{"action":"login","actor_id":"6817b433-fce4-4c3e-9e3f-02510fced788","actor_username":"macharetelucas@gmail.com","actor_via_sso":false,"log_type":"account","traits":{"provider":"email"}}', '2025-07-18 19:47:35.959047+00', ''),
	('00000000-0000-0000-0000-000000000000', 'add28bc8-3474-48cc-bc55-55554a3fbf3f', '{"action":"login","actor_id":"6817b433-fce4-4c3e-9e3f-02510fced788","actor_username":"macharetelucas@gmail.com","actor_via_sso":false,"log_type":"account","traits":{"provider":"email"}}', '2025-07-18 19:48:44.806802+00', ''),
	('00000000-0000-0000-0000-000000000000', 'd7189568-2366-4fa1-b0c0-b095b24de39b', '{"action":"login","actor_id":"6817b433-fce4-4c3e-9e3f-02510fced788","actor_username":"macharetelucas@gmail.com","actor_via_sso":false,"log_type":"account","traits":{"provider":"email"}}', '2025-07-18 19:51:13.265203+00', ''),
	('00000000-0000-0000-0000-000000000000', '6dab7f86-ce07-474b-827e-52a30b3b1a95', '{"action":"login","actor_id":"6817b433-fce4-4c3e-9e3f-02510fced788","actor_username":"macharetelucas@gmail.com","actor_via_sso":false,"log_type":"account","traits":{"provider":"email"}}', '2025-07-18 19:54:45.685777+00', ''),
	('00000000-0000-0000-0000-000000000000', '80ff06fc-d36c-41e1-91a1-643dc5c58887', '{"action":"login","actor_id":"6817b433-fce4-4c3e-9e3f-02510fced788","actor_username":"macharetelucas@gmail.com","actor_via_sso":false,"log_type":"account","traits":{"provider":"email"}}', '2025-07-18 19:55:49.959795+00', ''),
	('00000000-0000-0000-0000-000000000000', 'cd9f86af-9935-40dd-a392-96d1be9834f3', '{"action":"login","actor_id":"6817b433-fce4-4c3e-9e3f-02510fced788","actor_username":"macharetelucas@gmail.com","actor_via_sso":false,"log_type":"account","traits":{"provider":"email"}}', '2025-07-18 19:57:40.998708+00', ''),
	('00000000-0000-0000-0000-000000000000', '40b02543-30e4-4327-a421-59499c3af23e', '{"action":"login","actor_id":"6817b433-fce4-4c3e-9e3f-02510fced788","actor_username":"macharetelucas@gmail.com","actor_via_sso":false,"log_type":"account","traits":{"provider":"email"}}', '2025-07-18 19:58:30.95649+00', ''),
	('00000000-0000-0000-0000-000000000000', '2a9973f7-d019-485c-a194-79d7122e5c32', '{"action":"login","actor_id":"6817b433-fce4-4c3e-9e3f-02510fced788","actor_username":"macharetelucas@gmail.com","actor_via_sso":false,"log_type":"account","traits":{"provider":"email"}}', '2025-07-18 19:58:41.664249+00', ''),
	('00000000-0000-0000-0000-000000000000', '22bbf032-fd1a-4885-b744-b16dcd244aa4', '{"action":"login","actor_id":"6817b433-fce4-4c3e-9e3f-02510fced788","actor_username":"macharetelucas@gmail.com","actor_via_sso":false,"log_type":"account","traits":{"provider":"email"}}', '2025-07-18 20:01:03.696492+00', ''),
	('00000000-0000-0000-0000-000000000000', 'e1ab594f-69c5-4b4b-8824-5bd653e58ed6', '{"action":"login","actor_id":"6817b433-fce4-4c3e-9e3f-02510fced788","actor_username":"macharetelucas@gmail.com","actor_via_sso":false,"log_type":"account","traits":{"provider":"email"}}', '2025-07-18 20:04:01.84037+00', ''),
	('00000000-0000-0000-0000-000000000000', 'da2fb468-358f-4218-99e3-f1d85c61426e', '{"action":"login","actor_id":"6817b433-fce4-4c3e-9e3f-02510fced788","actor_username":"macharetelucas@gmail.com","actor_via_sso":false,"log_type":"account","traits":{"provider":"email"}}', '2025-07-18 20:05:55.942859+00', ''),
	('00000000-0000-0000-0000-000000000000', '755556f2-3674-4712-b1dd-dfd85e9f9a24', '{"action":"token_refreshed","actor_id":"6817b433-fce4-4c3e-9e3f-02510fced788","actor_username":"macharetelucas@gmail.com","actor_via_sso":false,"log_type":"token"}', '2025-07-19 01:27:17.8367+00', ''),
	('00000000-0000-0000-0000-000000000000', 'd9f29e13-807f-4f8d-82c7-3e800b085190', '{"action":"token_revoked","actor_id":"6817b433-fce4-4c3e-9e3f-02510fced788","actor_username":"macharetelucas@gmail.com","actor_via_sso":false,"log_type":"token"}', '2025-07-19 01:27:17.838585+00', ''),
	('00000000-0000-0000-0000-000000000000', '104a2f26-1c33-421d-bfa2-054f6841c09b', '{"action":"login","actor_id":"6817b433-fce4-4c3e-9e3f-02510fced788","actor_username":"macharetelucas@gmail.com","actor_via_sso":false,"log_type":"account","traits":{"provider":"email"}}', '2025-07-19 01:27:48.923177+00', ''),
	('00000000-0000-0000-0000-000000000000', '575faafb-925c-4130-b788-99012ffa8ffe', '{"action":"login","actor_id":"6817b433-fce4-4c3e-9e3f-02510fced788","actor_username":"macharetelucas@gmail.com","actor_via_sso":false,"log_type":"account","traits":{"provider":"email"}}', '2025-07-19 01:33:00.588201+00', ''),
	('00000000-0000-0000-0000-000000000000', 'edc4cb77-91d3-42b5-8dc5-e09ad919a55c', '{"action":"login","actor_id":"6817b433-fce4-4c3e-9e3f-02510fced788","actor_username":"macharetelucas@gmail.com","actor_via_sso":false,"log_type":"account","traits":{"provider":"email"}}', '2025-07-19 01:42:00.079065+00', ''),
	('00000000-0000-0000-0000-000000000000', 'fc3703b1-0018-4d3c-a64d-9e4ff09eedc3', '{"action":"login","actor_id":"6817b433-fce4-4c3e-9e3f-02510fced788","actor_username":"macharetelucas@gmail.com","actor_via_sso":false,"log_type":"account","traits":{"provider":"email"}}', '2025-07-19 01:42:35.210783+00', ''),
	('00000000-0000-0000-0000-000000000000', 'c5b3129e-2780-4f43-ae0e-281807a076a4', '{"action":"login","actor_id":"6817b433-fce4-4c3e-9e3f-02510fced788","actor_username":"macharetelucas@gmail.com","actor_via_sso":false,"log_type":"account","traits":{"provider":"email"}}', '2025-07-19 02:22:03.569228+00', ''),
	('00000000-0000-0000-0000-000000000000', '17ba4f1f-b84d-4156-b997-31d26aac2d2b', '{"action":"logout","actor_id":"6817b433-fce4-4c3e-9e3f-02510fced788","actor_username":"macharetelucas@gmail.com","actor_via_sso":false,"log_type":"account"}', '2025-07-19 02:23:02.398487+00', ''),
	('00000000-0000-0000-0000-000000000000', 'd142eb4d-7b71-4ef5-bcca-c6043ecde599', '{"action":"user_confirmation_requested","actor_id":"877e9dee-e1fd-4748-992d-bbff702e860d","actor_username":"lucas1112@gmail.com","actor_via_sso":false,"log_type":"user","traits":{"provider":"email"}}', '2025-07-19 02:23:55.011535+00', ''),
	('00000000-0000-0000-0000-000000000000', 'bf81e83f-93bc-4863-abec-48ccf3ab3809', '{"action":"user_confirmation_requested","actor_id":"eaadd4b7-bc85-43e3-93e9-db8f199f656a","actor_username":"rickwill1303@gmail.com","actor_via_sso":false,"log_type":"user","traits":{"provider":"email"}}', '2025-07-19 02:34:57.598491+00', ''),
	('00000000-0000-0000-0000-000000000000', 'bd528262-dadc-4369-991d-9c682197f935', '{"action":"user_confirmation_requested","actor_id":"eaadd4b7-bc85-43e3-93e9-db8f199f656a","actor_username":"rickwill1303@gmail.com","actor_via_sso":false,"log_type":"user","traits":{"provider":"email"}}', '2025-07-19 02:35:57.800165+00', ''),
	('00000000-0000-0000-0000-000000000000', '3e69b6c7-8070-4f20-ae53-30f203a70aa8', '{"action":"login","actor_id":"6817b433-fce4-4c3e-9e3f-02510fced788","actor_username":"macharetelucas@gmail.com","actor_via_sso":false,"log_type":"account","traits":{"provider":"email"}}', '2025-07-19 13:49:30.73617+00', ''),
	('00000000-0000-0000-0000-000000000000', '4c4ba635-b784-41ec-abc5-170cb7047875', '{"action":"logout","actor_id":"6817b433-fce4-4c3e-9e3f-02510fced788","actor_username":"macharetelucas@gmail.com","actor_via_sso":false,"log_type":"account"}', '2025-07-19 13:49:34.406498+00', ''),
	('00000000-0000-0000-0000-000000000000', '500d292b-0a19-4153-aa22-6a339ed5ccbf', '{"action":"user_confirmation_requested","actor_id":"0036795a-d3ae-4a38-8931-9577655230e4","actor_username":"macharete.dev@gmail.com","actor_via_sso":false,"log_type":"user","traits":{"provider":"email"}}', '2025-07-19 13:50:04.471787+00', ''),
	('00000000-0000-0000-0000-000000000000', '5686af18-6922-4069-a9a8-14d9f40fe9d0', '{"action":"user_confirmation_requested","actor_id":"0036795a-d3ae-4a38-8931-9577655230e4","actor_username":"macharete.dev@gmail.com","actor_via_sso":false,"log_type":"user","traits":{"provider":"email"}}', '2025-07-19 13:51:06.451521+00', ''),
	('00000000-0000-0000-0000-000000000000', '91654b4d-15b3-4cb0-a585-06a126487c22', '{"action":"user_confirmation_requested","actor_id":"0036795a-d3ae-4a38-8931-9577655230e4","actor_username":"macharete.dev@gmail.com","actor_via_sso":false,"log_type":"user","traits":{"provider":"email"}}', '2025-07-19 13:52:14.657622+00', ''),
	('00000000-0000-0000-0000-000000000000', '345f2e18-04aa-4d59-bc3d-14f1299f092d', '{"action":"user_confirmation_requested","actor_id":"0036795a-d3ae-4a38-8931-9577655230e4","actor_username":"macharete.dev@gmail.com","actor_via_sso":false,"log_type":"user","traits":{"provider":"email"}}', '2025-07-19 13:53:24.477005+00', ''),
	('00000000-0000-0000-0000-000000000000', '878612bc-1d22-4e9c-87e6-29156ec44060', '{"action":"user_confirmation_requested","actor_id":"0560e47c-5ac6-4373-9353-dc9d05caca9c","actor_username":"macharete.dev1@gmail.com","actor_via_sso":false,"log_type":"user","traits":{"provider":"email"}}', '2025-07-19 13:54:34.949052+00', ''),
	('00000000-0000-0000-0000-000000000000', 'b4aa12d1-bd30-4c34-803b-2d4ca4f0ba81', '{"action":"user_confirmation_requested","actor_id":"c2d330a3-3c61-465f-aab2-097725be3527","actor_username":"macharetelucas10@gmail.com","actor_via_sso":false,"log_type":"user","traits":{"provider":"email"}}', '2025-07-19 13:55:56.439896+00', ''),
	('00000000-0000-0000-0000-000000000000', 'f2818d33-91f9-48b5-8474-858b1b74f07a', '{"action":"user_confirmation_requested","actor_id":"c2d330a3-3c61-465f-aab2-097725be3527","actor_username":"macharetelucas10@gmail.com","actor_via_sso":false,"log_type":"user","traits":{"provider":"email"}}', '2025-07-19 13:57:21.513837+00', ''),
	('00000000-0000-0000-0000-000000000000', 'c585ad17-4692-4b83-9385-4d7c6dcbe32f', '{"action":"user_confirmation_requested","actor_id":"c2d330a3-3c61-465f-aab2-097725be3527","actor_username":"macharetelucas10@gmail.com","actor_via_sso":false,"log_type":"user","traits":{"provider":"email"}}', '2025-07-19 13:58:23.073424+00', ''),
	('00000000-0000-0000-0000-000000000000', 'e2ea60e4-811e-43bf-a2a1-9d27a3c871ba', '{"action":"user_confirmation_requested","actor_id":"76402257-fbc0-42ca-821a-4dea3082b36d","actor_username":"biancajp4765@gmail.com","actor_via_sso":false,"log_type":"user","traits":{"provider":"email"}}', '2025-07-19 13:59:56.677005+00', ''),
	('00000000-0000-0000-0000-000000000000', 'cc00a9e1-8da6-454e-adaf-84561d69f2d7', '{"action":"user_confirmation_requested","actor_id":"51b85870-5538-4336-bcc6-1bfd7fd3699a","actor_username":"biancajp476@gmail.com","actor_via_sso":false,"log_type":"user","traits":{"provider":"email"}}', '2025-07-19 14:04:00.269109+00', ''),
	('00000000-0000-0000-0000-000000000000', 'f8f024b8-df96-4bd5-baf3-a6953c4f90d6', '{"action":"user_signedup","actor_id":"51b85870-5538-4336-bcc6-1bfd7fd3699a","actor_username":"biancajp476@gmail.com","actor_via_sso":false,"log_type":"team","traits":{"provider":"email"}}', '2025-07-19 14:04:15.245605+00', ''),
	('00000000-0000-0000-0000-000000000000', '8a98b6ca-b722-43ef-9185-e92cae857e16', '{"action":"login","actor_id":"51b85870-5538-4336-bcc6-1bfd7fd3699a","actor_username":"biancajp476@gmail.com","actor_via_sso":false,"log_type":"account","traits":{"provider":"email"}}', '2025-07-19 14:04:35.024722+00', ''),
	('00000000-0000-0000-0000-000000000000', 'b919323d-1559-4d57-8138-7d08a4b10407', '{"action":"login","actor_id":"6817b433-fce4-4c3e-9e3f-02510fced788","actor_username":"macharetelucas@gmail.com","actor_via_sso":false,"log_type":"account","traits":{"provider":"email"}}', '2025-07-19 14:05:06.663138+00', ''),
	('00000000-0000-0000-0000-000000000000', '60c5d79e-aa07-461d-a594-f91b0f39733f', '{"action":"logout","actor_id":"6817b433-fce4-4c3e-9e3f-02510fced788","actor_username":"macharetelucas@gmail.com","actor_via_sso":false,"log_type":"account"}', '2025-07-19 14:10:12.770974+00', ''),
	('00000000-0000-0000-0000-000000000000', 'f5b51e78-dd03-4e9d-8a37-d7402f1406ef', '{"action":"login","actor_id":"51b85870-5538-4336-bcc6-1bfd7fd3699a","actor_username":"biancajp476@gmail.com","actor_via_sso":false,"log_type":"account","traits":{"provider":"email"}}', '2025-07-19 14:10:26.309157+00', ''),
	('00000000-0000-0000-0000-000000000000', '8a2c55da-d42c-48d5-ae88-becc890db711', '{"action":"login","actor_id":"6817b433-fce4-4c3e-9e3f-02510fced788","actor_username":"macharetelucas@gmail.com","actor_via_sso":false,"log_type":"account","traits":{"provider":"email"}}', '2025-07-19 14:11:58.025385+00', ''),
	('00000000-0000-0000-0000-000000000000', '5670965d-1b39-41b7-bf0d-963599c72b38', '{"action":"login","actor_id":"51b85870-5538-4336-bcc6-1bfd7fd3699a","actor_username":"biancajp476@gmail.com","actor_via_sso":false,"log_type":"account","traits":{"provider":"email"}}', '2025-07-19 14:23:31.582581+00', ''),
	('00000000-0000-0000-0000-000000000000', '5000dfdc-34f0-4f9b-83d5-abb6dbaff830', '{"action":"user_confirmation_requested","actor_id":"eaadd4b7-bc85-43e3-93e9-db8f199f656a","actor_username":"rickwill1303@gmail.com","actor_via_sso":false,"log_type":"user","traits":{"provider":"email"}}', '2025-07-19 14:23:35.943617+00', ''),
	('00000000-0000-0000-0000-000000000000', '82fcaf7c-219f-4b82-a65c-7e0afd3bc03c', '{"action":"user_confirmation_requested","actor_id":"3df8af32-27a4-4295-8715-0a05bcb6dad7","actor_username":"henriquew2004@gmail.com","actor_via_sso":false,"log_type":"user","traits":{"provider":"email"}}', '2025-07-19 14:24:23.641542+00', ''),
	('00000000-0000-0000-0000-000000000000', '41a87391-3e9f-4ff3-a320-8ff04668fad1', '{"action":"user_signedup","actor_id":"3df8af32-27a4-4295-8715-0a05bcb6dad7","actor_username":"henriquew2004@gmail.com","actor_via_sso":false,"log_type":"team","traits":{"provider":"email"}}', '2025-07-19 14:24:43.986611+00', ''),
	('00000000-0000-0000-0000-000000000000', '2f5d16da-bb65-4d6b-a815-60bf93acd013', '{"action":"login","actor_id":"3df8af32-27a4-4295-8715-0a05bcb6dad7","actor_username":"henriquew2004@gmail.com","actor_via_sso":false,"log_type":"account","traits":{"provider":"email"}}', '2025-07-19 14:27:24.41229+00', ''),
	('00000000-0000-0000-0000-000000000000', '947f09bc-42a0-44f8-871b-ccaee3456f15', '{"action":"user_confirmation_requested","actor_id":"a77ffbae-6d09-42e1-be0f-6e236daa3056","actor_username":"rafaelmacharete00@gmail.com","actor_via_sso":false,"log_type":"user","traits":{"provider":"email"}}', '2025-07-19 14:39:16.981416+00', ''),
	('00000000-0000-0000-0000-000000000000', '0ed1fe07-feda-461f-b64e-b8987c92e3d4', '{"action":"user_signedup","actor_id":"a77ffbae-6d09-42e1-be0f-6e236daa3056","actor_username":"rafaelmacharete00@gmail.com","actor_via_sso":false,"log_type":"team","traits":{"provider":"email"}}', '2025-07-19 14:39:37.506184+00', ''),
	('00000000-0000-0000-0000-000000000000', '08b8ba39-71fb-4434-9f2d-a7f3be9da759', '{"action":"login","actor_id":"a77ffbae-6d09-42e1-be0f-6e236daa3056","actor_username":"rafaelmacharete00@gmail.com","actor_via_sso":false,"log_type":"account","traits":{"provider":"email"}}', '2025-07-19 14:39:53.160824+00', ''),
	('00000000-0000-0000-0000-000000000000', '755716d6-23ac-4c87-9c8f-e76a2a63dc1b', '{"action":"login","actor_id":"6817b433-fce4-4c3e-9e3f-02510fced788","actor_username":"macharetelucas@gmail.com","actor_via_sso":false,"log_type":"account","traits":{"provider":"email"}}', '2025-07-19 14:49:47.7999+00', ''),
	('00000000-0000-0000-0000-000000000000', '6bc743b3-c00f-47fe-bb4b-c7e3fb0a762d', '{"action":"token_refreshed","actor_id":"a77ffbae-6d09-42e1-be0f-6e236daa3056","actor_username":"rafaelmacharete00@gmail.com","actor_via_sso":false,"log_type":"token"}', '2025-07-19 15:50:51.715683+00', ''),
	('00000000-0000-0000-0000-000000000000', '9acc7d4b-4dd5-47cb-88f0-8399849ca605', '{"action":"token_revoked","actor_id":"a77ffbae-6d09-42e1-be0f-6e236daa3056","actor_username":"rafaelmacharete00@gmail.com","actor_via_sso":false,"log_type":"token"}', '2025-07-19 15:50:51.7165+00', ''),
	('00000000-0000-0000-0000-000000000000', '6a1097c0-a60a-40fe-8181-72d21c8d59e9', '{"action":"token_refreshed","actor_id":"51b85870-5538-4336-bcc6-1bfd7fd3699a","actor_username":"biancajp476@gmail.com","actor_via_sso":false,"log_type":"token"}', '2025-07-21 01:40:19.830601+00', ''),
	('00000000-0000-0000-0000-000000000000', '36cd1ac3-4a77-4a82-ab3f-385dc1951571', '{"action":"token_revoked","actor_id":"51b85870-5538-4336-bcc6-1bfd7fd3699a","actor_username":"biancajp476@gmail.com","actor_via_sso":false,"log_type":"token"}', '2025-07-21 01:40:19.84024+00', ''),
	('00000000-0000-0000-0000-000000000000', 'c9d73b8b-650c-4d26-be40-ae5e1075933f', '{"action":"token_refreshed","actor_id":"51b85870-5538-4336-bcc6-1bfd7fd3699a","actor_username":"biancajp476@gmail.com","actor_via_sso":false,"log_type":"token"}', '2025-07-21 09:30:20.191906+00', ''),
	('00000000-0000-0000-0000-000000000000', 'd79f804d-831f-46fb-86a6-48064d4f2f87', '{"action":"token_revoked","actor_id":"51b85870-5538-4336-bcc6-1bfd7fd3699a","actor_username":"biancajp476@gmail.com","actor_via_sso":false,"log_type":"token"}', '2025-07-21 09:30:20.195422+00', ''),
	('00000000-0000-0000-0000-000000000000', '9e9a439c-3fc5-465f-be66-9bbddb650f0c', '{"action":"token_refreshed","actor_id":"51b85870-5538-4336-bcc6-1bfd7fd3699a","actor_username":"biancajp476@gmail.com","actor_via_sso":false,"log_type":"token"}', '2025-07-21 22:40:10.806212+00', ''),
	('00000000-0000-0000-0000-000000000000', 'b60925e9-a7aa-43d3-8728-c7de73a211cf', '{"action":"token_revoked","actor_id":"51b85870-5538-4336-bcc6-1bfd7fd3699a","actor_username":"biancajp476@gmail.com","actor_via_sso":false,"log_type":"token"}', '2025-07-21 22:40:10.810289+00', ''),
	('00000000-0000-0000-0000-000000000000', 'baf1eab5-f6e0-44db-90f1-ee09674df163', '{"action":"token_refreshed","actor_id":"51b85870-5538-4336-bcc6-1bfd7fd3699a","actor_username":"biancajp476@gmail.com","actor_via_sso":false,"log_type":"token"}', '2025-07-21 23:50:08.090945+00', ''),
	('00000000-0000-0000-0000-000000000000', '59f9ac3b-3769-4113-ba34-e2fe2f7af149', '{"action":"token_revoked","actor_id":"51b85870-5538-4336-bcc6-1bfd7fd3699a","actor_username":"biancajp476@gmail.com","actor_via_sso":false,"log_type":"token"}', '2025-07-21 23:50:08.092296+00', ''),
	('00000000-0000-0000-0000-000000000000', '4573dad4-3e50-43a7-b55e-69b772ca641b', '{"action":"token_refreshed","actor_id":"3df8af32-27a4-4295-8715-0a05bcb6dad7","actor_username":"henriquew2004@gmail.com","actor_via_sso":false,"log_type":"token"}', '2025-07-22 18:40:51.36389+00', ''),
	('00000000-0000-0000-0000-000000000000', '6aa44dc2-9879-4d58-b7a6-4ddfdd21d97d', '{"action":"token_revoked","actor_id":"3df8af32-27a4-4295-8715-0a05bcb6dad7","actor_username":"henriquew2004@gmail.com","actor_via_sso":false,"log_type":"token"}', '2025-07-22 18:40:51.372501+00', ''),
	('00000000-0000-0000-0000-000000000000', '5c1a1af1-968c-4676-aae1-bd7e5f460264', '{"action":"token_refreshed","actor_id":"3df8af32-27a4-4295-8715-0a05bcb6dad7","actor_username":"henriquew2004@gmail.com","actor_via_sso":false,"log_type":"token"}', '2025-07-22 20:47:55.179813+00', ''),
	('00000000-0000-0000-0000-000000000000', '7d0750b0-b64c-4a43-b6c0-3ac1c1fa83b4', '{"action":"token_revoked","actor_id":"3df8af32-27a4-4295-8715-0a05bcb6dad7","actor_username":"henriquew2004@gmail.com","actor_via_sso":false,"log_type":"token"}', '2025-07-22 20:47:55.18123+00', ''),
	('00000000-0000-0000-0000-000000000000', '70d11c4e-e8cf-4589-938a-238d5f45c409', '{"action":"token_refreshed","actor_id":"51b85870-5538-4336-bcc6-1bfd7fd3699a","actor_username":"biancajp476@gmail.com","actor_via_sso":false,"log_type":"token"}', '2025-07-25 23:23:17.1101+00', ''),
	('00000000-0000-0000-0000-000000000000', '629386dc-0287-4609-b5c0-111dfe054183', '{"action":"token_revoked","actor_id":"51b85870-5538-4336-bcc6-1bfd7fd3699a","actor_username":"biancajp476@gmail.com","actor_via_sso":false,"log_type":"token"}', '2025-07-25 23:23:17.116844+00', ''),
	('00000000-0000-0000-0000-000000000000', 'aac152df-ace1-4c87-a12e-a147d99270f0', '{"action":"token_refreshed","actor_id":"51b85870-5538-4336-bcc6-1bfd7fd3699a","actor_username":"biancajp476@gmail.com","actor_via_sso":false,"log_type":"token"}', '2025-07-27 02:53:12.859871+00', ''),
	('00000000-0000-0000-0000-000000000000', '24e2d5dd-6fec-4858-855a-8659023dd87a', '{"action":"token_revoked","actor_id":"51b85870-5538-4336-bcc6-1bfd7fd3699a","actor_username":"biancajp476@gmail.com","actor_via_sso":false,"log_type":"token"}', '2025-07-27 02:53:12.868592+00', ''),
	('00000000-0000-0000-0000-000000000000', '32e047de-b943-4908-bda2-a5e699064392', '{"action":"login","actor_id":"6817b433-fce4-4c3e-9e3f-02510fced788","actor_username":"macharetelucas@gmail.com","actor_via_sso":false,"log_type":"account","traits":{"provider":"email"}}', '2025-07-28 00:30:50.566309+00', ''),
	('00000000-0000-0000-0000-000000000000', 'd0918a64-ce64-4d8f-b990-6a57c3cd4d00', '{"action":"token_refreshed","actor_id":"51b85870-5538-4336-bcc6-1bfd7fd3699a","actor_username":"biancajp476@gmail.com","actor_via_sso":false,"log_type":"token"}', '2025-07-31 01:09:26.319311+00', ''),
	('00000000-0000-0000-0000-000000000000', '0fa00c88-1b08-479f-95a0-e30b69757be8', '{"action":"token_revoked","actor_id":"51b85870-5538-4336-bcc6-1bfd7fd3699a","actor_username":"biancajp476@gmail.com","actor_via_sso":false,"log_type":"token"}', '2025-07-31 01:09:26.328164+00', ''),
	('00000000-0000-0000-0000-000000000000', '74b42cdd-d0d6-4d54-98c3-95460b879532', '{"action":"token_refreshed","actor_id":"51b85870-5538-4336-bcc6-1bfd7fd3699a","actor_username":"biancajp476@gmail.com","actor_via_sso":false,"log_type":"token"}', '2025-08-01 21:10:01.65148+00', ''),
	('00000000-0000-0000-0000-000000000000', '9fb294c5-710f-4642-a60d-0675096d7657', '{"action":"token_revoked","actor_id":"51b85870-5538-4336-bcc6-1bfd7fd3699a","actor_username":"biancajp476@gmail.com","actor_via_sso":false,"log_type":"token"}', '2025-08-01 21:10:01.658576+00', ''),
	('00000000-0000-0000-0000-000000000000', '6804b082-725e-46ff-866b-5f66f4560140', '{"action":"token_refreshed","actor_id":"51b85870-5538-4336-bcc6-1bfd7fd3699a","actor_username":"biancajp476@gmail.com","actor_via_sso":false,"log_type":"token"}', '2025-08-02 14:36:47.490372+00', ''),
	('00000000-0000-0000-0000-000000000000', '35e8f85d-e37d-4a60-a0b5-6978d3f063bb', '{"action":"token_revoked","actor_id":"51b85870-5538-4336-bcc6-1bfd7fd3699a","actor_username":"biancajp476@gmail.com","actor_via_sso":false,"log_type":"token"}', '2025-08-02 14:36:47.491935+00', ''),
	('00000000-0000-0000-0000-000000000000', '91b0a3e9-badb-4541-9032-fb482f835ee3', '{"action":"login","actor_id":"6817b433-fce4-4c3e-9e3f-02510fced788","actor_username":"macharetelucas@gmail.com","actor_via_sso":false,"log_type":"account","traits":{"provider":"email"}}', '2025-08-06 21:03:18.006518+00', ''),
	('00000000-0000-0000-0000-000000000000', '8049c46b-d4b1-4cb7-b929-981ecb768b7a', '{"action":"token_refreshed","actor_id":"6817b433-fce4-4c3e-9e3f-02510fced788","actor_username":"macharetelucas@gmail.com","actor_via_sso":false,"log_type":"token"}', '2025-08-06 22:13:20.525907+00', ''),
	('00000000-0000-0000-0000-000000000000', 'aecc857b-a5dc-416c-99f9-1a07d63427f7', '{"action":"token_revoked","actor_id":"6817b433-fce4-4c3e-9e3f-02510fced788","actor_username":"macharetelucas@gmail.com","actor_via_sso":false,"log_type":"token"}', '2025-08-06 22:13:20.528617+00', ''),
	('00000000-0000-0000-0000-000000000000', '3991deb5-a9bd-474a-b5b2-bbb207ae30cb', '{"action":"token_refreshed","actor_id":"6817b433-fce4-4c3e-9e3f-02510fced788","actor_username":"macharetelucas@gmail.com","actor_via_sso":false,"log_type":"token"}', '2025-08-07 23:24:50.702507+00', ''),
	('00000000-0000-0000-0000-000000000000', 'd7388586-f381-4cd3-8109-168eb413eead', '{"action":"token_revoked","actor_id":"6817b433-fce4-4c3e-9e3f-02510fced788","actor_username":"macharetelucas@gmail.com","actor_via_sso":false,"log_type":"token"}', '2025-08-07 23:24:50.716358+00', ''),
	('00000000-0000-0000-0000-000000000000', 'fd1a6fea-3825-4cbe-b25a-0ecde11d4347', '{"action":"logout","actor_id":"6817b433-fce4-4c3e-9e3f-02510fced788","actor_username":"macharetelucas@gmail.com","actor_via_sso":false,"log_type":"account"}', '2025-08-07 23:24:53.145938+00', ''),
	('00000000-0000-0000-0000-000000000000', '72491f08-2657-4bf6-98ce-7ac5d4ca4e0f', '{"action":"login","actor_id":"6817b433-fce4-4c3e-9e3f-02510fced788","actor_username":"macharetelucas@gmail.com","actor_via_sso":false,"log_type":"account","traits":{"provider":"email"}}', '2025-08-07 23:24:58.915786+00', ''),
	('00000000-0000-0000-0000-000000000000', 'e70c09eb-a84d-45b6-8d54-fa95ac560df5', '{"action":"user_deleted","actor_id":"00000000-0000-0000-0000-000000000000","actor_username":"service_role","actor_via_sso":false,"log_type":"team","traits":{"user_email":"macharete.dev@gmail.com","user_id":"0036795a-d3ae-4a38-8931-9577655230e4","user_phone":""}}', '2025-08-07 23:28:12.378523+00', ''),
	('00000000-0000-0000-0000-000000000000', '4c376320-3558-4130-8dac-f57bfa86d63c', '{"action":"user_deleted","actor_id":"00000000-0000-0000-0000-000000000000","actor_username":"service_role","actor_via_sso":false,"log_type":"team","traits":{"user_email":"macharete.dev1@gmail.com","user_id":"0560e47c-5ac6-4373-9353-dc9d05caca9c","user_phone":""}}', '2025-08-07 23:28:12.391614+00', ''),
	('00000000-0000-0000-0000-000000000000', '02bbac3f-f6a0-450c-9686-5473dd303511', '{"action":"user_deleted","actor_id":"00000000-0000-0000-0000-000000000000","actor_username":"service_role","actor_via_sso":false,"log_type":"team","traits":{"user_email":"rickwill1303@gmail.com","user_id":"eaadd4b7-bc85-43e3-93e9-db8f199f656a","user_phone":""}}', '2025-08-07 23:28:12.40151+00', ''),
	('00000000-0000-0000-0000-000000000000', '80d6f9b8-3888-45a2-955e-c33d5c0d3611', '{"action":"user_deleted","actor_id":"00000000-0000-0000-0000-000000000000","actor_username":"service_role","actor_via_sso":false,"log_type":"team","traits":{"user_email":"macharetelucas10@gmail.com","user_id":"c2d330a3-3c61-465f-aab2-097725be3527","user_phone":""}}', '2025-08-07 23:28:12.408515+00', ''),
	('00000000-0000-0000-0000-000000000000', 'e240cb96-1634-4f75-a79d-b4d8d38e014d', '{"action":"user_deleted","actor_id":"00000000-0000-0000-0000-000000000000","actor_username":"service_role","actor_via_sso":false,"log_type":"team","traits":{"user_email":"biancajp4765@gmail.com","user_id":"76402257-fbc0-42ca-821a-4dea3082b36d","user_phone":""}}', '2025-08-07 23:28:12.446546+00', ''),
	('00000000-0000-0000-0000-000000000000', 'e0326c36-4977-444e-94ec-31a5693c4ea6', '{"action":"user_deleted","actor_id":"00000000-0000-0000-0000-000000000000","actor_username":"service_role","actor_via_sso":false,"log_type":"team","traits":{"user_email":"lucas1112@gmail.com","user_id":"877e9dee-e1fd-4748-992d-bbff702e860d","user_phone":""}}', '2025-08-07 23:28:12.474389+00', ''),
	('00000000-0000-0000-0000-000000000000', '462b77fe-f8c0-43b2-9d96-b23f66004ac2', '{"action":"user_recovery_requested","actor_id":"51b85870-5538-4336-bcc6-1bfd7fd3699a","actor_username":"biancajp476@gmail.com","actor_via_sso":false,"log_type":"user"}', '2025-08-07 23:28:38.446021+00', ''),
	('00000000-0000-0000-0000-000000000000', '2de30e4d-29e8-4a56-b3a2-024313c2d2ca', '{"action":"login","actor_id":"51b85870-5538-4336-bcc6-1bfd7fd3699a","actor_username":"biancajp476@gmail.com","actor_via_sso":false,"log_type":"account"}', '2025-08-07 23:28:56.390999+00', ''),
	('00000000-0000-0000-0000-000000000000', '75efb267-5aa8-4577-ae61-b976ee43de3c', '{"action":"token_refreshed","actor_id":"51b85870-5538-4336-bcc6-1bfd7fd3699a","actor_username":"biancajp476@gmail.com","actor_via_sso":false,"log_type":"token"}', '2025-08-07 23:46:16.851805+00', ''),
	('00000000-0000-0000-0000-000000000000', '530c2ba9-8e3a-49d1-998d-9446ff150e3f', '{"action":"token_revoked","actor_id":"51b85870-5538-4336-bcc6-1bfd7fd3699a","actor_username":"biancajp476@gmail.com","actor_via_sso":false,"log_type":"token"}', '2025-08-07 23:46:16.853213+00', ''),
	('00000000-0000-0000-0000-000000000000', '27e01739-01e3-4838-9d95-8cfff3d17001', '{"action":"user_confirmation_requested","actor_id":"48e50daa-eeb3-43d8-a04d-e579c4e6006e","actor_username":"diegoalencar.jacober@gmail.com","actor_via_sso":false,"log_type":"user","traits":{"provider":"email"}}', '2025-08-13 16:35:35.311026+00', ''),
	('00000000-0000-0000-0000-000000000000', '7804e123-80e7-4225-9b9d-fc93f5f7f410', '{"action":"user_signedup","actor_id":"48e50daa-eeb3-43d8-a04d-e579c4e6006e","actor_username":"diegoalencar.jacober@gmail.com","actor_via_sso":false,"log_type":"team","traits":{"provider":"email"}}', '2025-08-13 16:36:00.69264+00', ''),
	('00000000-0000-0000-0000-000000000000', 'b4c82dce-b104-4297-848f-ee6ab9f01398', '{"action":"login","actor_id":"48e50daa-eeb3-43d8-a04d-e579c4e6006e","actor_username":"diegoalencar.jacober@gmail.com","actor_via_sso":false,"log_type":"account","traits":{"provider":"email"}}', '2025-08-13 16:36:40.461703+00', ''),
	('00000000-0000-0000-0000-000000000000', '3c2ce7c5-e46a-44ca-a636-def070cf46d9', '{"action":"user_confirmation_requested","actor_id":"77c21ddf-4ad7-4356-a8b2-49e1868be678","actor_username":"macharete.dev@gmail.com","actor_via_sso":false,"log_type":"user","traits":{"provider":"email"}}', '2025-08-13 16:37:32.267786+00', ''),
	('00000000-0000-0000-0000-000000000000', '50547af6-c3c1-4b87-b612-9c541f176127', '{"action":"user_signedup","actor_id":"77c21ddf-4ad7-4356-a8b2-49e1868be678","actor_username":"macharete.dev@gmail.com","actor_via_sso":false,"log_type":"team","traits":{"provider":"email"}}', '2025-08-13 16:38:16.859194+00', ''),
	('00000000-0000-0000-0000-000000000000', 'f38e10e3-2392-425b-a8bd-13597d25ac27', '{"action":"login","actor_id":"77c21ddf-4ad7-4356-a8b2-49e1868be678","actor_username":"macharete.dev@gmail.com","actor_via_sso":false,"log_type":"account","traits":{"provider":"email"}}', '2025-08-13 16:38:31.057649+00', ''),
	('00000000-0000-0000-0000-000000000000', 'af967dc8-1b71-4afe-9d3d-9ea3893daf48', '{"action":"logout","actor_id":"77c21ddf-4ad7-4356-a8b2-49e1868be678","actor_username":"macharete.dev@gmail.com","actor_via_sso":false,"log_type":"account"}', '2025-08-13 16:44:46.79777+00', ''),
	('00000000-0000-0000-0000-000000000000', '665e21e9-237e-4e80-a1dc-3f07432b1104', '{"action":"login","actor_id":"6817b433-fce4-4c3e-9e3f-02510fced788","actor_username":"macharetelucas@gmail.com","actor_via_sso":false,"log_type":"account","traits":{"provider":"email"}}', '2025-08-13 16:44:50.064832+00', ''),
	('00000000-0000-0000-0000-000000000000', '5b57d6a1-c199-4b87-ba39-cc19cb652185', '{"action":"token_refreshed","actor_id":"51b85870-5538-4336-bcc6-1bfd7fd3699a","actor_username":"biancajp476@gmail.com","actor_via_sso":false,"log_type":"token"}', '2025-08-13 21:43:39.225236+00', ''),
	('00000000-0000-0000-0000-000000000000', '59b727d3-7791-44eb-b0db-4e52969d3f7a', '{"action":"token_revoked","actor_id":"51b85870-5538-4336-bcc6-1bfd7fd3699a","actor_username":"biancajp476@gmail.com","actor_via_sso":false,"log_type":"token"}', '2025-08-13 21:43:39.226624+00', ''),
	('00000000-0000-0000-0000-000000000000', 'a18290b1-67d8-49cd-a1ef-4acd18c9f842', '{"action":"token_refreshed","actor_id":"51b85870-5538-4336-bcc6-1bfd7fd3699a","actor_username":"biancajp476@gmail.com","actor_via_sso":false,"log_type":"token"}', '2025-08-14 01:15:03.744691+00', ''),
	('00000000-0000-0000-0000-000000000000', '4b1bcd01-a27c-4b6d-a1e1-3937b3bcb3c3', '{"action":"token_revoked","actor_id":"51b85870-5538-4336-bcc6-1bfd7fd3699a","actor_username":"biancajp476@gmail.com","actor_via_sso":false,"log_type":"token"}', '2025-08-14 01:15:03.747609+00', ''),
	('00000000-0000-0000-0000-000000000000', '909324ce-d55b-40a0-8634-4d92669fd250', '{"action":"token_refreshed","actor_id":"51b85870-5538-4336-bcc6-1bfd7fd3699a","actor_username":"biancajp476@gmail.com","actor_via_sso":false,"log_type":"token"}', '2025-08-16 16:39:33.288762+00', ''),
	('00000000-0000-0000-0000-000000000000', 'fcbfa095-be2d-40b1-84c5-c40280b61ae3', '{"action":"token_revoked","actor_id":"51b85870-5538-4336-bcc6-1bfd7fd3699a","actor_username":"biancajp476@gmail.com","actor_via_sso":false,"log_type":"token"}', '2025-08-16 16:39:33.298563+00', ''),
	('00000000-0000-0000-0000-000000000000', 'effa2105-24fe-4ca4-b06b-dd915d746892', '{"action":"login","actor_id":"6817b433-fce4-4c3e-9e3f-02510fced788","actor_username":"macharetelucas@gmail.com","actor_via_sso":false,"log_type":"account","traits":{"provider":"email"}}', '2025-08-20 20:07:23.761605+00', ''),
	('00000000-0000-0000-0000-000000000000', '0edfeafb-64c2-4556-8b5f-e12c48ac27ba', '{"action":"token_refreshed","actor_id":"6817b433-fce4-4c3e-9e3f-02510fced788","actor_username":"macharetelucas@gmail.com","actor_via_sso":false,"log_type":"token"}', '2025-08-21 10:51:57.748542+00', ''),
	('00000000-0000-0000-0000-000000000000', '1f4e156f-8351-414d-b752-eff5e2ee13d2', '{"action":"token_revoked","actor_id":"6817b433-fce4-4c3e-9e3f-02510fced788","actor_username":"macharetelucas@gmail.com","actor_via_sso":false,"log_type":"token"}', '2025-08-21 10:51:57.757107+00', ''),
	('00000000-0000-0000-0000-000000000000', 'fc9738d1-128a-44c7-b621-69f969398226', '{"action":"token_refreshed","actor_id":"6817b433-fce4-4c3e-9e3f-02510fced788","actor_username":"macharetelucas@gmail.com","actor_via_sso":false,"log_type":"token"}', '2025-08-21 12:49:12.147979+00', ''),
	('00000000-0000-0000-0000-000000000000', '05e8cdcd-1b5c-4783-b8c8-6322695aed97', '{"action":"token_revoked","actor_id":"6817b433-fce4-4c3e-9e3f-02510fced788","actor_username":"macharetelucas@gmail.com","actor_via_sso":false,"log_type":"token"}', '2025-08-21 12:49:12.150065+00', ''),
	('00000000-0000-0000-0000-000000000000', '31f02fc7-fed4-4778-a2e9-b8ffea699644', '{"action":"login","actor_id":"6817b433-fce4-4c3e-9e3f-02510fced788","actor_username":"macharetelucas@gmail.com","actor_via_sso":false,"log_type":"account","traits":{"provider":"email"}}', '2025-08-21 13:37:48.722323+00', ''),
	('00000000-0000-0000-0000-000000000000', '5faea32e-7802-4149-ad0f-6ce47744f7cf', '{"action":"token_refreshed","actor_id":"6817b433-fce4-4c3e-9e3f-02510fced788","actor_username":"macharetelucas@gmail.com","actor_via_sso":false,"log_type":"token"}', '2025-08-21 17:06:46.678444+00', ''),
	('00000000-0000-0000-0000-000000000000', '4ebd28b1-bbda-4b85-8eba-9645e668c584', '{"action":"token_revoked","actor_id":"6817b433-fce4-4c3e-9e3f-02510fced788","actor_username":"macharetelucas@gmail.com","actor_via_sso":false,"log_type":"token"}', '2025-08-21 17:06:46.681244+00', ''),
	('00000000-0000-0000-0000-000000000000', '0e454713-9bfe-4941-b196-d05289c9219e', '{"action":"token_refreshed","actor_id":"6817b433-fce4-4c3e-9e3f-02510fced788","actor_username":"macharetelucas@gmail.com","actor_via_sso":false,"log_type":"token"}', '2025-08-21 23:00:03.409705+00', ''),
	('00000000-0000-0000-0000-000000000000', 'a544fe1c-bfe0-4354-9324-d713bd1a1e0e', '{"action":"token_revoked","actor_id":"6817b433-fce4-4c3e-9e3f-02510fced788","actor_username":"macharetelucas@gmail.com","actor_via_sso":false,"log_type":"token"}', '2025-08-21 23:00:03.41445+00', ''),
	('00000000-0000-0000-0000-000000000000', 'e0b3a18d-5262-47b0-88d1-e877add0caf3', '{"action":"token_refreshed","actor_id":"6817b433-fce4-4c3e-9e3f-02510fced788","actor_username":"macharetelucas@gmail.com","actor_via_sso":false,"log_type":"token"}', '2025-08-21 23:05:37.421798+00', ''),
	('00000000-0000-0000-0000-000000000000', '49ceee21-2e62-4225-8cdf-38381f012672', '{"action":"token_revoked","actor_id":"6817b433-fce4-4c3e-9e3f-02510fced788","actor_username":"macharetelucas@gmail.com","actor_via_sso":false,"log_type":"token"}', '2025-08-21 23:05:37.423301+00', ''),
	('00000000-0000-0000-0000-000000000000', '50eb224b-65d8-4e83-8019-f9acbc3dbec5', '{"action":"logout","actor_id":"6817b433-fce4-4c3e-9e3f-02510fced788","actor_username":"macharetelucas@gmail.com","actor_via_sso":false,"log_type":"account"}', '2025-08-21 23:05:42.587957+00', ''),
	('00000000-0000-0000-0000-000000000000', '35e94a5f-d22a-469f-9c15-b3fe3a7d6332', '{"action":"login","actor_id":"51b85870-5538-4336-bcc6-1bfd7fd3699a","actor_username":"biancajp476@gmail.com","actor_via_sso":false,"log_type":"account","traits":{"provider":"email"}}', '2025-08-21 23:06:12.155822+00', ''),
	('00000000-0000-0000-0000-000000000000', 'd0103e16-15d3-4920-b836-7722cdbbe7d0', '{"action":"login","actor_id":"77c21ddf-4ad7-4356-a8b2-49e1868be678","actor_username":"macharete.dev@gmail.com","actor_via_sso":false,"log_type":"account","traits":{"provider":"email"}}', '2025-08-22 15:14:48.606027+00', ''),
	('00000000-0000-0000-0000-000000000000', 'f0622844-1da6-413d-bedc-d2aeb9b4a295', '{"action":"token_refreshed","actor_id":"77c21ddf-4ad7-4356-a8b2-49e1868be678","actor_username":"macharete.dev@gmail.com","actor_via_sso":false,"log_type":"token"}', '2025-08-22 22:10:35.563901+00', ''),
	('00000000-0000-0000-0000-000000000000', '7b253593-8618-43a2-a911-e99b3e5ef4ba', '{"action":"token_revoked","actor_id":"77c21ddf-4ad7-4356-a8b2-49e1868be678","actor_username":"macharete.dev@gmail.com","actor_via_sso":false,"log_type":"token"}', '2025-08-22 22:10:35.573494+00', ''),
	('00000000-0000-0000-0000-000000000000', 'ee265736-f6ae-4e16-9a3d-d22c4d8cbc0a', '{"action":"logout","actor_id":"77c21ddf-4ad7-4356-a8b2-49e1868be678","actor_username":"macharete.dev@gmail.com","actor_via_sso":false,"log_type":"account"}', '2025-08-22 22:10:38.968074+00', ''),
	('00000000-0000-0000-0000-000000000000', '3857f96c-8e81-4ae7-927c-83ce197b6876', '{"action":"login","actor_id":"6817b433-fce4-4c3e-9e3f-02510fced788","actor_username":"macharetelucas@gmail.com","actor_via_sso":false,"log_type":"account","traits":{"provider":"email"}}', '2025-08-22 22:10:41.193303+00', ''),
	('00000000-0000-0000-0000-000000000000', 'c939b9ef-118c-46a0-bd75-b5a0b8f31178', '{"action":"token_refreshed","actor_id":"6817b433-fce4-4c3e-9e3f-02510fced788","actor_username":"macharetelucas@gmail.com","actor_via_sso":false,"log_type":"token"}', '2025-08-23 00:22:37.478514+00', ''),
	('00000000-0000-0000-0000-000000000000', '20342997-66dc-49f6-ae52-d5798f3eab89', '{"action":"token_revoked","actor_id":"6817b433-fce4-4c3e-9e3f-02510fced788","actor_username":"macharetelucas@gmail.com","actor_via_sso":false,"log_type":"token"}', '2025-08-23 00:22:37.484045+00', ''),
	('00000000-0000-0000-0000-000000000000', '1e774c06-21bd-4495-adc7-7c5884e935c2', '{"action":"token_refreshed","actor_id":"51b85870-5538-4336-bcc6-1bfd7fd3699a","actor_username":"biancajp476@gmail.com","actor_via_sso":false,"log_type":"token"}', '2025-08-23 13:37:08.40957+00', ''),
	('00000000-0000-0000-0000-000000000000', '02140e23-63a8-4564-9e2f-3cc0e92ba3ce', '{"action":"token_revoked","actor_id":"51b85870-5538-4336-bcc6-1bfd7fd3699a","actor_username":"biancajp476@gmail.com","actor_via_sso":false,"log_type":"token"}', '2025-08-23 13:37:08.417901+00', ''),
	('00000000-0000-0000-0000-000000000000', 'f3ba8fa9-ac1b-43ae-a639-0ccc1326809e', '{"action":"user_repeated_signup","actor_id":"3df8af32-27a4-4295-8715-0a05bcb6dad7","actor_username":"henriquew2004@gmail.com","actor_via_sso":false,"log_type":"user","traits":{"provider":"email"}}', '2025-08-23 19:38:05.213329+00', ''),
	('00000000-0000-0000-0000-000000000000', '47a6cf0b-9e70-46dd-8477-1c7c7073a612', '{"action":"user_confirmation_requested","actor_id":"465f26dc-45d8-4a55-bd93-6e5160491cb6","actor_username":"henriquew20042@gmail.com","actor_via_sso":false,"log_type":"user","traits":{"provider":"email"}}', '2025-08-23 19:38:28.854009+00', ''),
	('00000000-0000-0000-0000-000000000000', 'be65f42d-e46e-4d96-af83-9ce52b6edd38', '{"action":"user_deleted","actor_id":"00000000-0000-0000-0000-000000000000","actor_username":"service_role","actor_via_sso":false,"log_type":"team","traits":{"user_email":"henriquew20042@gmail.com","user_id":"465f26dc-45d8-4a55-bd93-6e5160491cb6","user_phone":""}}', '2025-08-23 19:40:37.755822+00', ''),
	('00000000-0000-0000-0000-000000000000', 'a4916637-0fc0-4bb2-81b7-26964e8426b3', '{"action":"user_recovery_requested","actor_id":"3df8af32-27a4-4295-8715-0a05bcb6dad7","actor_username":"henriquew2004@gmail.com","actor_via_sso":false,"log_type":"user"}', '2025-08-23 19:40:49.796184+00', ''),
	('00000000-0000-0000-0000-000000000000', '64e5cbac-57fe-40c2-8bec-fa873974c8c1', '{"action":"login","actor_id":"3df8af32-27a4-4295-8715-0a05bcb6dad7","actor_username":"henriquew2004@gmail.com","actor_via_sso":false,"log_type":"account"}', '2025-08-23 19:40:58.333559+00', ''),
	('00000000-0000-0000-0000-000000000000', 'b070fc7c-d4f9-4630-a717-40d5389e2653', '{"action":"user_recovery_requested","actor_id":"3df8af32-27a4-4295-8715-0a05bcb6dad7","actor_username":"henriquew2004@gmail.com","actor_via_sso":false,"log_type":"user"}', '2025-08-23 19:43:54.524952+00', ''),
	('00000000-0000-0000-0000-000000000000', 'a3fbc973-8ee7-4fed-8924-a65f608f937f', '{"action":"user_deleted","actor_id":"00000000-0000-0000-0000-000000000000","actor_username":"service_role","actor_via_sso":false,"log_type":"team","traits":{"user_email":"henriquew2004@gmail.com","user_id":"3df8af32-27a4-4295-8715-0a05bcb6dad7","user_phone":""}}', '2025-08-23 19:45:16.652207+00', ''),
	('00000000-0000-0000-0000-000000000000', 'a46adbaa-5282-48e7-b987-af7f07b8c770', '{"action":"user_confirmation_requested","actor_id":"0bc5f36c-5148-4314-9045-aa1a3bffdd28","actor_username":"henriquew2004@gmail.com","actor_via_sso":false,"log_type":"user","traits":{"provider":"email"}}', '2025-08-23 19:45:57.08366+00', ''),
	('00000000-0000-0000-0000-000000000000', '0dde3d30-863d-4767-9290-a25167383dc7', '{"action":"user_signedup","actor_id":"0bc5f36c-5148-4314-9045-aa1a3bffdd28","actor_username":"henriquew2004@gmail.com","actor_via_sso":false,"log_type":"team","traits":{"provider":"email"}}', '2025-08-23 19:46:09.611891+00', ''),
	('00000000-0000-0000-0000-000000000000', '93e4c1b5-88cb-46f6-8166-bd91fab6e6ae', '{"action":"login","actor_id":"6817b433-fce4-4c3e-9e3f-02510fced788","actor_username":"macharetelucas@gmail.com","actor_via_sso":false,"log_type":"account","traits":{"provider":"email"}}', '2025-08-23 19:55:06.972292+00', ''),
	('00000000-0000-0000-0000-000000000000', '251b74a1-cea2-438f-8816-fb11a9151ba5', '{"action":"logout","actor_id":"0bc5f36c-5148-4314-9045-aa1a3bffdd28","actor_username":"henriquew2004@gmail.com","actor_via_sso":false,"log_type":"account"}', '2025-08-23 19:55:29.351683+00', ''),
	('00000000-0000-0000-0000-000000000000', '28ef04ef-eee0-49bc-a620-4f5dbcddf9c4', '{"action":"login","actor_id":"0bc5f36c-5148-4314-9045-aa1a3bffdd28","actor_username":"henriquew2004@gmail.com","actor_via_sso":false,"log_type":"account","traits":{"provider":"email"}}', '2025-08-23 19:55:34.841338+00', ''),
	('00000000-0000-0000-0000-000000000000', 'c4a296d2-0810-41a2-a644-f1e67432577c', '{"action":"logout","actor_id":"0bc5f36c-5148-4314-9045-aa1a3bffdd28","actor_username":"henriquew2004@gmail.com","actor_via_sso":false,"log_type":"account"}', '2025-08-23 19:55:41.380802+00', ''),
	('00000000-0000-0000-0000-000000000000', 'b87f0e97-2f1d-4f7f-818f-b71cf9cdc41e', '{"action":"token_refreshed","actor_id":"6817b433-fce4-4c3e-9e3f-02510fced788","actor_username":"macharetelucas@gmail.com","actor_via_sso":false,"log_type":"token"}', '2025-08-24 02:23:34.968244+00', ''),
	('00000000-0000-0000-0000-000000000000', '9e947614-b8a6-4f25-b6ee-930eaa9e43e0', '{"action":"token_revoked","actor_id":"6817b433-fce4-4c3e-9e3f-02510fced788","actor_username":"macharetelucas@gmail.com","actor_via_sso":false,"log_type":"token"}', '2025-08-24 02:23:34.974224+00', ''),
	('00000000-0000-0000-0000-000000000000', '43716596-b1c3-455f-a6de-937ad19f898c', '{"action":"token_refreshed","actor_id":"48e50daa-eeb3-43d8-a04d-e579c4e6006e","actor_username":"diegoalencar.jacober@gmail.com","actor_via_sso":false,"log_type":"token"}', '2025-08-24 18:52:06.761341+00', ''),
	('00000000-0000-0000-0000-000000000000', '53f8e59a-5b4f-434c-af86-5e97449867bb', '{"action":"token_revoked","actor_id":"48e50daa-eeb3-43d8-a04d-e579c4e6006e","actor_username":"diegoalencar.jacober@gmail.com","actor_via_sso":false,"log_type":"token"}', '2025-08-24 18:52:06.773558+00', ''),
	('00000000-0000-0000-0000-000000000000', '17cee719-330a-4b39-a629-86c8712e538c', '{"action":"token_refreshed","actor_id":"48e50daa-eeb3-43d8-a04d-e579c4e6006e","actor_username":"diegoalencar.jacober@gmail.com","actor_via_sso":false,"log_type":"token"}', '2025-08-24 20:58:12.355401+00', ''),
	('00000000-0000-0000-0000-000000000000', '4ead5975-4916-478e-9741-d01fb13ab408', '{"action":"token_revoked","actor_id":"48e50daa-eeb3-43d8-a04d-e579c4e6006e","actor_username":"diegoalencar.jacober@gmail.com","actor_via_sso":false,"log_type":"token"}', '2025-08-24 20:58:12.360752+00', ''),
	('00000000-0000-0000-0000-000000000000', 'fda5e239-facb-41eb-9b65-15ee01c3e742', '{"action":"token_refreshed","actor_id":"6817b433-fce4-4c3e-9e3f-02510fced788","actor_username":"macharetelucas@gmail.com","actor_via_sso":false,"log_type":"token"}', '2025-08-24 23:44:59.366222+00', ''),
	('00000000-0000-0000-0000-000000000000', 'e823ad06-85d2-417f-8d68-d1ee5adbae31', '{"action":"token_revoked","actor_id":"6817b433-fce4-4c3e-9e3f-02510fced788","actor_username":"macharetelucas@gmail.com","actor_via_sso":false,"log_type":"token"}', '2025-08-24 23:44:59.369404+00', ''),
	('00000000-0000-0000-0000-000000000000', '13e1070e-57cd-486e-87ac-e63c0bac58e4', '{"action":"token_refreshed","actor_id":"6817b433-fce4-4c3e-9e3f-02510fced788","actor_username":"macharetelucas@gmail.com","actor_via_sso":false,"log_type":"token"}', '2025-08-25 00:53:18.89965+00', ''),
	('00000000-0000-0000-0000-000000000000', '44c8a75f-17b0-41d9-a4f9-49aba0216bb1', '{"action":"token_revoked","actor_id":"6817b433-fce4-4c3e-9e3f-02510fced788","actor_username":"macharetelucas@gmail.com","actor_via_sso":false,"log_type":"token"}', '2025-08-25 00:53:18.902781+00', ''),
	('00000000-0000-0000-0000-000000000000', '708934b0-bf43-4918-b77d-dd6b824fa255', '{"action":"token_refreshed","actor_id":"48e50daa-eeb3-43d8-a04d-e579c4e6006e","actor_username":"diegoalencar.jacober@gmail.com","actor_via_sso":false,"log_type":"token"}', '2025-08-25 17:33:00.443523+00', ''),
	('00000000-0000-0000-0000-000000000000', '88e37f23-1a04-42a1-8c0e-7c59d18d17b8', '{"action":"token_revoked","actor_id":"48e50daa-eeb3-43d8-a04d-e579c4e6006e","actor_username":"diegoalencar.jacober@gmail.com","actor_via_sso":false,"log_type":"token"}', '2025-08-25 17:33:00.46355+00', ''),
	('00000000-0000-0000-0000-000000000000', '1a0eef44-c4bb-4736-81be-28a5e1e09c21', '{"action":"token_refreshed","actor_id":"48e50daa-eeb3-43d8-a04d-e579c4e6006e","actor_username":"diegoalencar.jacober@gmail.com","actor_via_sso":false,"log_type":"token"}', '2025-08-25 22:31:08.952807+00', ''),
	('00000000-0000-0000-0000-000000000000', 'f8ed7ec2-f651-4e15-ba50-7bae4ff3cc63', '{"action":"token_revoked","actor_id":"48e50daa-eeb3-43d8-a04d-e579c4e6006e","actor_username":"diegoalencar.jacober@gmail.com","actor_via_sso":false,"log_type":"token"}', '2025-08-25 22:31:08.956161+00', ''),
	('00000000-0000-0000-0000-000000000000', '623906a9-606f-455d-ae83-abf48588123e', '{"action":"token_refreshed","actor_id":"51b85870-5538-4336-bcc6-1bfd7fd3699a","actor_username":"biancajp476@gmail.com","actor_via_sso":false,"log_type":"token"}', '2025-08-30 01:02:26.261447+00', ''),
	('00000000-0000-0000-0000-000000000000', '1caa69d3-c625-40d7-8cf9-a3d005ed2bed', '{"action":"token_revoked","actor_id":"51b85870-5538-4336-bcc6-1bfd7fd3699a","actor_username":"biancajp476@gmail.com","actor_via_sso":false,"log_type":"token"}', '2025-08-30 01:02:26.26941+00', ''),
	('00000000-0000-0000-0000-000000000000', '5bc4076f-1aa8-4e9c-9467-bad5c23774b6', '{"action":"token_refreshed","actor_id":"51b85870-5538-4336-bcc6-1bfd7fd3699a","actor_username":"biancajp476@gmail.com","actor_via_sso":false,"log_type":"token"}', '2025-08-30 18:12:36.051531+00', ''),
	('00000000-0000-0000-0000-000000000000', '1bba5dd6-548c-4ac4-b710-2e6ad8ebe5e6', '{"action":"token_revoked","actor_id":"51b85870-5538-4336-bcc6-1bfd7fd3699a","actor_username":"biancajp476@gmail.com","actor_via_sso":false,"log_type":"token"}', '2025-08-30 18:12:36.057584+00', ''),
	('00000000-0000-0000-0000-000000000000', '2deac578-d2d6-4b4d-ab66-83a7d94304a8', '{"action":"token_refreshed","actor_id":"6817b433-fce4-4c3e-9e3f-02510fced788","actor_username":"macharetelucas@gmail.com","actor_via_sso":false,"log_type":"token"}', '2025-08-30 20:41:36.926412+00', ''),
	('00000000-0000-0000-0000-000000000000', '4a2b7222-fc04-4d3a-96b6-489a57aa284f', '{"action":"token_revoked","actor_id":"6817b433-fce4-4c3e-9e3f-02510fced788","actor_username":"macharetelucas@gmail.com","actor_via_sso":false,"log_type":"token"}', '2025-08-30 20:41:36.928035+00', ''),
	('00000000-0000-0000-0000-000000000000', '9dc2176f-20d8-49ab-b911-5d4bedba326d', '{"action":"token_refreshed","actor_id":"51b85870-5538-4336-bcc6-1bfd7fd3699a","actor_username":"biancajp476@gmail.com","actor_via_sso":false,"log_type":"token"}', '2025-08-30 22:58:03.142758+00', ''),
	('00000000-0000-0000-0000-000000000000', '3085e2ce-aa63-4cfa-a0c3-3bd8406fa13d', '{"action":"token_revoked","actor_id":"51b85870-5538-4336-bcc6-1bfd7fd3699a","actor_username":"biancajp476@gmail.com","actor_via_sso":false,"log_type":"token"}', '2025-08-30 22:58:03.144937+00', ''),
	('00000000-0000-0000-0000-000000000000', '7fee9c53-4b00-4561-8817-12fefc879f97', '{"action":"token_refreshed","actor_id":"51b85870-5538-4336-bcc6-1bfd7fd3699a","actor_username":"biancajp476@gmail.com","actor_via_sso":false,"log_type":"token"}', '2025-09-01 01:13:17.07041+00', ''),
	('00000000-0000-0000-0000-000000000000', 'a9c6c4fc-aed6-48d0-8765-03244b7ba891', '{"action":"token_revoked","actor_id":"51b85870-5538-4336-bcc6-1bfd7fd3699a","actor_username":"biancajp476@gmail.com","actor_via_sso":false,"log_type":"token"}', '2025-09-01 01:13:17.083053+00', ''),
	('00000000-0000-0000-0000-000000000000', '1bb74389-e3aa-44dc-92cd-dbbe97e4e3c2', '{"action":"token_refreshed","actor_id":"51b85870-5538-4336-bcc6-1bfd7fd3699a","actor_username":"biancajp476@gmail.com","actor_via_sso":false,"log_type":"token"}', '2025-09-03 00:36:00.965361+00', ''),
	('00000000-0000-0000-0000-000000000000', '1aa47904-69b5-41e9-9f14-520291f89d10', '{"action":"token_revoked","actor_id":"51b85870-5538-4336-bcc6-1bfd7fd3699a","actor_username":"biancajp476@gmail.com","actor_via_sso":false,"log_type":"token"}', '2025-09-03 00:36:00.982158+00', ''),
	('00000000-0000-0000-0000-000000000000', '82ed9228-50d2-42de-a672-22fe9087b317', '{"action":"login","actor_id":"6817b433-fce4-4c3e-9e3f-02510fced788","actor_username":"macharetelucas@gmail.com","actor_via_sso":false,"log_type":"account","traits":{"provider":"email"}}', '2025-09-22 12:41:34.059337+00', ''),
	('00000000-0000-0000-0000-000000000000', 'bb21766a-9a71-462d-912a-7e511e9af2cb', '{"action":"login","actor_id":"51b85870-5538-4336-bcc6-1bfd7fd3699a","actor_username":"biancajp476@gmail.com","actor_via_sso":false,"log_type":"account","traits":{"provider":"email"}}', '2025-09-22 12:42:21.178112+00', ''),
	('00000000-0000-0000-0000-000000000000', '44f15a0c-56ea-49eb-a097-1dfcb7a0ac20', '{"action":"token_refreshed","actor_id":"51b85870-5538-4336-bcc6-1bfd7fd3699a","actor_username":"biancajp476@gmail.com","actor_via_sso":false,"log_type":"token"}', '2025-09-22 13:05:30.333453+00', ''),
	('00000000-0000-0000-0000-000000000000', 'cc37a84a-0f16-405a-83b5-90e1fc394d8c', '{"action":"token_revoked","actor_id":"51b85870-5538-4336-bcc6-1bfd7fd3699a","actor_username":"biancajp476@gmail.com","actor_via_sso":false,"log_type":"token"}', '2025-09-22 13:05:30.350051+00', ''),
	('00000000-0000-0000-0000-000000000000', 'dd04b3dc-7af7-4a27-ab31-38aeb7e233da', '{"action":"token_refreshed","actor_id":"6817b433-fce4-4c3e-9e3f-02510fced788","actor_username":"macharetelucas@gmail.com","actor_via_sso":false,"log_type":"token"}', '2025-09-22 16:45:39.82379+00', ''),
	('00000000-0000-0000-0000-000000000000', '48eab40e-8385-4668-906d-028437a1e839', '{"action":"token_revoked","actor_id":"6817b433-fce4-4c3e-9e3f-02510fced788","actor_username":"macharetelucas@gmail.com","actor_via_sso":false,"log_type":"token"}', '2025-09-22 16:45:39.851021+00', ''),
	('00000000-0000-0000-0000-000000000000', 'f8727bc7-ab39-42bd-aa32-86a225c24710', '{"action":"token_refreshed","actor_id":"51b85870-5538-4336-bcc6-1bfd7fd3699a","actor_username":"biancajp476@gmail.com","actor_via_sso":false,"log_type":"token"}', '2025-09-22 16:47:08.813384+00', ''),
	('00000000-0000-0000-0000-000000000000', 'c4374001-7967-45be-90f1-dc61a92f7303', '{"action":"token_revoked","actor_id":"51b85870-5538-4336-bcc6-1bfd7fd3699a","actor_username":"biancajp476@gmail.com","actor_via_sso":false,"log_type":"token"}', '2025-09-22 16:47:08.81617+00', ''),
	('00000000-0000-0000-0000-000000000000', 'd56180b4-1e16-49a3-9a7a-12a2e608ad77', '{"action":"token_refreshed","actor_id":"6817b433-fce4-4c3e-9e3f-02510fced788","actor_username":"macharetelucas@gmail.com","actor_via_sso":false,"log_type":"token"}', '2025-09-24 00:01:44.015676+00', ''),
	('00000000-0000-0000-0000-000000000000', '884364f5-7eee-4321-9a1e-a0ccc19668ec', '{"action":"token_revoked","actor_id":"6817b433-fce4-4c3e-9e3f-02510fced788","actor_username":"macharetelucas@gmail.com","actor_via_sso":false,"log_type":"token"}', '2025-09-24 00:01:44.043745+00', ''),
	('00000000-0000-0000-0000-000000000000', '6354d927-dea6-417b-b8bd-ee4b33f3e18b', '{"action":"token_refreshed","actor_id":"6817b433-fce4-4c3e-9e3f-02510fced788","actor_username":"macharetelucas@gmail.com","actor_via_sso":false,"log_type":"token"}', '2025-09-24 23:23:09.995624+00', ''),
	('00000000-0000-0000-0000-000000000000', 'b3d29ddc-8ae9-4264-a778-9321f68bb8bd', '{"action":"token_revoked","actor_id":"6817b433-fce4-4c3e-9e3f-02510fced788","actor_username":"macharetelucas@gmail.com","actor_via_sso":false,"log_type":"token"}', '2025-09-24 23:23:10.016816+00', ''),
	('00000000-0000-0000-0000-000000000000', '1127c1c0-7d6d-4f0a-be90-d1c883a5bd4f', '{"action":"logout","actor_id":"6817b433-fce4-4c3e-9e3f-02510fced788","actor_username":"macharetelucas@gmail.com","actor_via_sso":false,"log_type":"account"}', '2025-09-24 23:23:16.772688+00', ''),
	('00000000-0000-0000-0000-000000000000', '2e1be790-a5bf-4a5d-ab62-f5bbb1ac7234', '{"action":"user_deleted","actor_id":"00000000-0000-0000-0000-000000000000","actor_username":"service_role","actor_via_sso":false,"log_type":"team","traits":{"user_email":"macharete.dev@gmail.com","user_id":"77c21ddf-4ad7-4356-a8b2-49e1868be678","user_phone":""}}', '2025-09-24 23:26:42.398762+00', ''),
	('00000000-0000-0000-0000-000000000000', '0f2e13cf-a4c4-4e6a-b780-73960299b6d7', '{"action":"user_confirmation_requested","actor_id":"9b45570c-8b8a-43c3-bb5d-55bfea3bb951","actor_username":"macharete.dev@gmail.com","actor_via_sso":false,"log_type":"user","traits":{"provider":"email"}}', '2025-09-24 23:30:02.752337+00', ''),
	('00000000-0000-0000-0000-000000000000', '95a27cca-6e2e-4b8d-b118-412bcad483f4', '{"action":"user_signedup","actor_id":"9b45570c-8b8a-43c3-bb5d-55bfea3bb951","actor_username":"macharete.dev@gmail.com","actor_via_sso":false,"log_type":"team","traits":{"provider":"email"}}', '2025-09-24 23:30:37.631747+00', ''),
	('00000000-0000-0000-0000-000000000000', '26c69d33-f341-49d1-8944-f04747dab633', '{"action":"token_refreshed","actor_id":"51b85870-5538-4336-bcc6-1bfd7fd3699a","actor_username":"biancajp476@gmail.com","actor_via_sso":false,"log_type":"token"}', '2025-09-25 10:40:10.732571+00', ''),
	('00000000-0000-0000-0000-000000000000', '4e415df0-7b5f-459d-af73-0eadbbd32deb', '{"action":"token_revoked","actor_id":"51b85870-5538-4336-bcc6-1bfd7fd3699a","actor_username":"biancajp476@gmail.com","actor_via_sso":false,"log_type":"token"}', '2025-09-25 10:40:10.783139+00', ''),
	('00000000-0000-0000-0000-000000000000', '2d103909-d14f-4714-9b40-daf01116d6f4', '{"action":"token_refreshed","actor_id":"9b45570c-8b8a-43c3-bb5d-55bfea3bb951","actor_username":"macharete.dev@gmail.com","actor_via_sso":false,"log_type":"token"}', '2025-09-25 10:41:34.350262+00', ''),
	('00000000-0000-0000-0000-000000000000', 'c6d06171-5293-4f5d-a87e-5a5e3783d82b', '{"action":"token_revoked","actor_id":"9b45570c-8b8a-43c3-bb5d-55bfea3bb951","actor_username":"macharete.dev@gmail.com","actor_via_sso":false,"log_type":"token"}', '2025-09-25 10:41:34.350837+00', ''),
	('00000000-0000-0000-0000-000000000000', '5c26054d-6fe0-4064-bd50-873ce95614db', '{"action":"token_refreshed","actor_id":"51b85870-5538-4336-bcc6-1bfd7fd3699a","actor_username":"biancajp476@gmail.com","actor_via_sso":false,"log_type":"token"}', '2025-09-25 11:50:08.577516+00', ''),
	('00000000-0000-0000-0000-000000000000', '976d6402-5bf0-46b9-ab0c-0b2fbed6757a', '{"action":"token_revoked","actor_id":"51b85870-5538-4336-bcc6-1bfd7fd3699a","actor_username":"biancajp476@gmail.com","actor_via_sso":false,"log_type":"token"}', '2025-09-25 11:50:08.596374+00', ''),
	('00000000-0000-0000-0000-000000000000', 'e4dc6de0-ae8c-4a5c-a1d8-249fa0c038b4', '{"action":"token_refreshed","actor_id":"51b85870-5538-4336-bcc6-1bfd7fd3699a","actor_username":"biancajp476@gmail.com","actor_via_sso":false,"log_type":"token"}', '2025-09-25 15:40:19.148355+00', ''),
	('00000000-0000-0000-0000-000000000000', '1805ce8d-0d20-4d9f-89c2-2c88465759d4', '{"action":"token_revoked","actor_id":"51b85870-5538-4336-bcc6-1bfd7fd3699a","actor_username":"biancajp476@gmail.com","actor_via_sso":false,"log_type":"token"}', '2025-09-25 15:40:19.177112+00', ''),
	('00000000-0000-0000-0000-000000000000', 'f80f3cdb-2478-446a-b01a-a2ac97a7ba2e', '{"action":"token_refreshed","actor_id":"9b45570c-8b8a-43c3-bb5d-55bfea3bb951","actor_username":"macharete.dev@gmail.com","actor_via_sso":false,"log_type":"token"}', '2025-09-27 02:26:07.428391+00', ''),
	('00000000-0000-0000-0000-000000000000', 'a912b904-c7e4-414c-af10-66dda345626f', '{"action":"token_revoked","actor_id":"9b45570c-8b8a-43c3-bb5d-55bfea3bb951","actor_username":"macharete.dev@gmail.com","actor_via_sso":false,"log_type":"token"}', '2025-09-27 02:26:07.459066+00', ''),
	('00000000-0000-0000-0000-000000000000', 'c649255c-3769-4d15-90c0-a51d171fe439', '{"action":"token_refreshed","actor_id":"9b45570c-8b8a-43c3-bb5d-55bfea3bb951","actor_username":"macharete.dev@gmail.com","actor_via_sso":false,"log_type":"token"}', '2025-09-27 11:24:00.396456+00', ''),
	('00000000-0000-0000-0000-000000000000', '6653b215-491f-41f9-8c76-3e6a2af17613', '{"action":"token_revoked","actor_id":"9b45570c-8b8a-43c3-bb5d-55bfea3bb951","actor_username":"macharete.dev@gmail.com","actor_via_sso":false,"log_type":"token"}', '2025-09-27 11:24:00.425245+00', ''),
	('00000000-0000-0000-0000-000000000000', 'ada5adda-19b8-4ece-bcc5-cba07564d319', '{"action":"token_refreshed","actor_id":"9b45570c-8b8a-43c3-bb5d-55bfea3bb951","actor_username":"macharete.dev@gmail.com","actor_via_sso":false,"log_type":"token"}', '2025-09-27 18:37:14.141241+00', ''),
	('00000000-0000-0000-0000-000000000000', '09180ea4-426b-4146-803a-7ea3dfb6cab2', '{"action":"token_revoked","actor_id":"9b45570c-8b8a-43c3-bb5d-55bfea3bb951","actor_username":"macharete.dev@gmail.com","actor_via_sso":false,"log_type":"token"}', '2025-09-27 18:37:14.168727+00', ''),
	('00000000-0000-0000-0000-000000000000', 'b2832d38-35d6-46ea-86e2-a029b7b4a19f', '{"action":"token_refreshed","actor_id":"9b45570c-8b8a-43c3-bb5d-55bfea3bb951","actor_username":"macharete.dev@gmail.com","actor_via_sso":false,"log_type":"token"}', '2025-09-27 23:50:38.243845+00', ''),
	('00000000-0000-0000-0000-000000000000', 'f195632c-08ac-4861-900d-5927af097f22', '{"action":"token_revoked","actor_id":"9b45570c-8b8a-43c3-bb5d-55bfea3bb951","actor_username":"macharete.dev@gmail.com","actor_via_sso":false,"log_type":"token"}', '2025-09-27 23:50:38.26685+00', ''),
	('00000000-0000-0000-0000-000000000000', '16d43c86-238e-4d76-85a6-67c7a29c8e67', '{"action":"token_refreshed","actor_id":"9b45570c-8b8a-43c3-bb5d-55bfea3bb951","actor_username":"macharete.dev@gmail.com","actor_via_sso":false,"log_type":"token"}', '2025-09-28 13:46:15.424886+00', ''),
	('00000000-0000-0000-0000-000000000000', '9366fe2a-17e4-4318-9f11-b29d70532c72', '{"action":"token_revoked","actor_id":"9b45570c-8b8a-43c3-bb5d-55bfea3bb951","actor_username":"macharete.dev@gmail.com","actor_via_sso":false,"log_type":"token"}', '2025-09-28 13:46:15.449203+00', ''),
	('00000000-0000-0000-0000-000000000000', '2c3a69e7-9899-464a-951b-dece797ee8c0', '{"action":"user_confirmation_requested","actor_id":"f66d043f-3c6f-45ab-a305-b429e6bb511a","actor_username":"adonaiconfeccoes2@gmail.com","actor_via_sso":false,"log_type":"user","traits":{"provider":"email"}}', '2025-09-28 14:56:31.167468+00', ''),
	('00000000-0000-0000-0000-000000000000', '03cf4d81-8db2-4b66-ab84-3fd00ed502ed', '{"action":"user_confirmation_requested","actor_id":"f66d043f-3c6f-45ab-a305-b429e6bb511a","actor_username":"adonaiconfeccoes2@gmail.com","actor_via_sso":false,"log_type":"user","traits":{"provider":"email"}}', '2025-09-28 14:58:10.862918+00', ''),
	('00000000-0000-0000-0000-000000000000', '41f155ba-e7e3-4995-a223-b82b971876f2', '{"action":"user_confirmation_requested","actor_id":"cb196aa4-d17f-4e41-adb6-8a20a5b5b5a5","actor_username":"almerindapsicanalista@gmail.com","actor_via_sso":false,"log_type":"user","traits":{"provider":"email"}}', '2025-09-28 14:59:54.819985+00', ''),
	('00000000-0000-0000-0000-000000000000', '9f38c2c8-2ba5-451d-9653-73dd48052aa8', '{"action":"token_refreshed","actor_id":"9b45570c-8b8a-43c3-bb5d-55bfea3bb951","actor_username":"macharete.dev@gmail.com","actor_via_sso":false,"log_type":"token"}', '2025-09-28 19:36:42.369318+00', ''),
	('00000000-0000-0000-0000-000000000000', 'f32b5129-4ede-4339-b3b6-9b4cef4dd79a', '{"action":"token_revoked","actor_id":"9b45570c-8b8a-43c3-bb5d-55bfea3bb951","actor_username":"macharete.dev@gmail.com","actor_via_sso":false,"log_type":"token"}', '2025-09-28 19:36:42.395522+00', ''),
	('00000000-0000-0000-0000-000000000000', 'afb92dfb-ae47-4efb-b912-1c0af4920bad', '{"action":"token_refreshed","actor_id":"9b45570c-8b8a-43c3-bb5d-55bfea3bb951","actor_username":"macharete.dev@gmail.com","actor_via_sso":false,"log_type":"token"}', '2025-09-29 00:05:35.502647+00', ''),
	('00000000-0000-0000-0000-000000000000', 'a791ee07-119d-4574-9d78-2122ac6d2d02', '{"action":"token_revoked","actor_id":"9b45570c-8b8a-43c3-bb5d-55bfea3bb951","actor_username":"macharete.dev@gmail.com","actor_via_sso":false,"log_type":"token"}', '2025-09-29 00:05:35.528711+00', ''),
	('00000000-0000-0000-0000-000000000000', '639fe551-9704-428c-aaee-67335c7dcb0c', '{"action":"token_refreshed","actor_id":"9b45570c-8b8a-43c3-bb5d-55bfea3bb951","actor_username":"macharete.dev@gmail.com","actor_via_sso":false,"log_type":"token"}', '2025-09-29 09:57:38.13595+00', ''),
	('00000000-0000-0000-0000-000000000000', 'dec2c67d-acfd-4366-a8b8-253241c6c10d', '{"action":"token_revoked","actor_id":"9b45570c-8b8a-43c3-bb5d-55bfea3bb951","actor_username":"macharete.dev@gmail.com","actor_via_sso":false,"log_type":"token"}', '2025-09-29 09:57:38.162336+00', ''),
	('00000000-0000-0000-0000-000000000000', 'c0d3ee50-9f55-46a2-adc3-e195aa638c23', '{"action":"token_refreshed","actor_id":"9b45570c-8b8a-43c3-bb5d-55bfea3bb951","actor_username":"macharete.dev@gmail.com","actor_via_sso":false,"log_type":"token"}', '2025-09-29 21:07:51.1283+00', ''),
	('00000000-0000-0000-0000-000000000000', '6d460ada-9778-4933-8d9b-34810226487e', '{"action":"token_revoked","actor_id":"9b45570c-8b8a-43c3-bb5d-55bfea3bb951","actor_username":"macharete.dev@gmail.com","actor_via_sso":false,"log_type":"token"}', '2025-09-29 21:07:51.154957+00', ''),
	('00000000-0000-0000-0000-000000000000', 'f351bf27-766a-4f41-bbf8-f667014fde48', '{"action":"token_refreshed","actor_id":"9b45570c-8b8a-43c3-bb5d-55bfea3bb951","actor_username":"macharete.dev@gmail.com","actor_via_sso":false,"log_type":"token"}', '2025-09-29 23:48:55.05658+00', ''),
	('00000000-0000-0000-0000-000000000000', 'db227bae-0d9d-4cfe-bfe9-87f116fc19f8', '{"action":"token_revoked","actor_id":"9b45570c-8b8a-43c3-bb5d-55bfea3bb951","actor_username":"macharete.dev@gmail.com","actor_via_sso":false,"log_type":"token"}', '2025-09-29 23:48:55.080386+00', ''),
	('00000000-0000-0000-0000-000000000000', '1d3f0566-0960-4dd9-8cb8-308cd013db73', '{"action":"token_refreshed","actor_id":"51b85870-5538-4336-bcc6-1bfd7fd3699a","actor_username":"biancajp476@gmail.com","actor_via_sso":false,"log_type":"token"}', '2025-10-07 19:43:20.180938+00', ''),
	('00000000-0000-0000-0000-000000000000', '92ef9708-9d98-4218-b446-cd9be23965c2', '{"action":"token_revoked","actor_id":"51b85870-5538-4336-bcc6-1bfd7fd3699a","actor_username":"biancajp476@gmail.com","actor_via_sso":false,"log_type":"token"}', '2025-10-07 19:43:20.209677+00', ''),
	('00000000-0000-0000-0000-000000000000', 'b20505e8-7c53-4208-bdcd-43cfac6e7379', '{"action":"user_confirmation_requested","actor_id":"8ab8bea5-4465-4986-b3d7-d1fd8979c63e","actor_username":"jefeferff@gmail.com","actor_via_sso":false,"log_type":"user","traits":{"provider":"email"}}', '2025-10-09 19:52:44.940487+00', ''),
	('00000000-0000-0000-0000-000000000000', '125023f1-b8e4-43b4-82c5-863913e0b88c', '{"action":"user_confirmation_requested","actor_id":"0eb5eb70-0705-42d0-8657-e058bee9b8bf","actor_username":"pedrobrasil.som@gmail.com","actor_via_sso":false,"log_type":"user","traits":{"provider":"email"}}', '2025-10-09 20:00:06.71996+00', ''),
	('00000000-0000-0000-0000-000000000000', '2df7de9a-41c9-4757-bffa-57fd897ac86d', '{"action":"user_signedup","actor_id":"0eb5eb70-0705-42d0-8657-e058bee9b8bf","actor_username":"pedrobrasil.som@gmail.com","actor_via_sso":false,"log_type":"team","traits":{"provider":"email"}}', '2025-10-09 20:02:18.331696+00', ''),
	('00000000-0000-0000-0000-000000000000', '3bc88910-07bb-4294-844a-48b253b85802', '{"action":"user_confirmation_requested","actor_id":"8521d724-fe3f-42b8-834a-545c625550b8","actor_username":"thiago@gmail.com","actor_via_sso":false,"log_type":"user","traits":{"provider":"email"}}', '2025-10-09 20:18:24.516405+00', ''),
	('00000000-0000-0000-0000-000000000000', '19c76260-3ddb-4ed4-8c6f-366904bbe74a', '{"action":"user_confirmation_requested","actor_id":"9e1f3750-4651-4e6d-a390-ef523443f7d9","actor_username":"thiagomvk08@gmail.com","actor_via_sso":false,"log_type":"user","traits":{"provider":"email"}}', '2025-10-09 20:18:38.956886+00', ''),
	('00000000-0000-0000-0000-000000000000', 'fad81f40-3b03-4920-9225-a26265642e11', '{"action":"user_signedup","actor_id":"9e1f3750-4651-4e6d-a390-ef523443f7d9","actor_username":"thiagomvk08@gmail.com","actor_via_sso":false,"log_type":"team","traits":{"provider":"email"}}', '2025-10-09 20:19:04.487695+00', ''),
	('00000000-0000-0000-0000-000000000000', '10cd1a52-e5a4-4d2c-a947-482ff127bbb6', '{"action":"user_confirmation_requested","actor_id":"d847a394-a765-4690-82df-ee32ef8c46cc","actor_username":"maiconwillisystem@gmail.com","actor_via_sso":false,"log_type":"user","traits":{"provider":"email"}}', '2025-10-09 20:37:45.532152+00', ''),
	('00000000-0000-0000-0000-000000000000', '006fc0b3-4b21-4e84-a705-edb623980f28', '{"action":"user_signedup","actor_id":"d847a394-a765-4690-82df-ee32ef8c46cc","actor_username":"maiconwillisystem@gmail.com","actor_via_sso":false,"log_type":"team","traits":{"provider":"email"}}', '2025-10-09 20:38:07.027198+00', ''),
	('00000000-0000-0000-0000-000000000000', 'd21d333c-d635-435c-b51c-49c729709950', '{"action":"login","actor_id":"d847a394-a765-4690-82df-ee32ef8c46cc","actor_username":"maiconwillisystem@gmail.com","actor_via_sso":false,"log_type":"account","traits":{"provider":"email"}}', '2025-10-09 20:38:35.497039+00', ''),
	('00000000-0000-0000-0000-000000000000', '291c7897-d1ba-457a-9692-90c520fab14f', '{"action":"login","actor_id":"6817b433-fce4-4c3e-9e3f-02510fced788","actor_username":"macharetelucas@gmail.com","actor_via_sso":false,"log_type":"account","traits":{"provider":"email"}}', '2025-10-09 21:56:53.006545+00', ''),
	('00000000-0000-0000-0000-000000000000', 'a7983401-e7d8-402d-9943-9624b024c148', '{"action":"user_confirmation_requested","actor_id":"f5290013-1d50-41dd-b4d2-3c1b7dbbd501","actor_username":"innovaideia2023@gmail.com","actor_via_sso":false,"log_type":"user","traits":{"provider":"email"}}', '2025-10-09 23:12:54.807643+00', ''),
	('00000000-0000-0000-0000-000000000000', 'b5e1af16-eb1d-4c12-98f5-d41a5b68a87d', '{"action":"user_signedup","actor_id":"f5290013-1d50-41dd-b4d2-3c1b7dbbd501","actor_username":"innovaideia2023@gmail.com","actor_via_sso":false,"log_type":"team","traits":{"provider":"email"}}', '2025-10-09 23:16:17.834588+00', ''),
	('00000000-0000-0000-0000-000000000000', '150dcf09-ff9d-464e-bf19-242028cdefa9', '{"action":"token_refreshed","actor_id":"51b85870-5538-4336-bcc6-1bfd7fd3699a","actor_username":"biancajp476@gmail.com","actor_via_sso":false,"log_type":"token"}', '2025-10-10 00:10:48.349507+00', ''),
	('00000000-0000-0000-0000-000000000000', 'c08d3950-6fab-4143-a393-0b68d502bf2a', '{"action":"token_revoked","actor_id":"51b85870-5538-4336-bcc6-1bfd7fd3699a","actor_username":"biancajp476@gmail.com","actor_via_sso":false,"log_type":"token"}', '2025-10-10 00:10:48.368992+00', ''),
	('00000000-0000-0000-0000-000000000000', '9717e6bf-a081-4843-adad-5cbf93f837aa', '{"action":"token_refreshed","actor_id":"d847a394-a765-4690-82df-ee32ef8c46cc","actor_username":"maiconwillisystem@gmail.com","actor_via_sso":false,"log_type":"token"}', '2025-10-10 04:01:11.1674+00', ''),
	('00000000-0000-0000-0000-000000000000', '2aee6630-b5de-48a2-aa92-1752ab9ddeb1', '{"action":"token_revoked","actor_id":"d847a394-a765-4690-82df-ee32ef8c46cc","actor_username":"maiconwillisystem@gmail.com","actor_via_sso":false,"log_type":"token"}', '2025-10-10 04:01:11.195794+00', ''),
	('00000000-0000-0000-0000-000000000000', '97539528-1d5a-4fa7-adc7-a7958a53f120', '{"action":"token_refreshed","actor_id":"51b85870-5538-4336-bcc6-1bfd7fd3699a","actor_username":"biancajp476@gmail.com","actor_via_sso":false,"log_type":"token"}', '2025-10-10 21:52:24.513892+00', ''),
	('00000000-0000-0000-0000-000000000000', '5ba217c2-f77d-4894-9816-ecf9424f83e7', '{"action":"token_revoked","actor_id":"51b85870-5538-4336-bcc6-1bfd7fd3699a","actor_username":"biancajp476@gmail.com","actor_via_sso":false,"log_type":"token"}', '2025-10-10 21:52:24.542384+00', ''),
	('00000000-0000-0000-0000-000000000000', '683bbf9d-7f4c-43b3-8011-24d2bd3b839b', '{"action":"user_confirmation_requested","actor_id":"ddb3b7eb-905e-4737-b105-9920c12168b1","actor_username":"ra197286@ucdb.br","actor_via_sso":false,"log_type":"user","traits":{"provider":"email"}}', '2025-10-11 10:47:48.40508+00', ''),
	('00000000-0000-0000-0000-000000000000', 'f1264b08-1109-4686-93ea-40e1ec7c48a0', '{"action":"user_signedup","actor_id":"ddb3b7eb-905e-4737-b105-9920c12168b1","actor_username":"ra197286@ucdb.br","actor_via_sso":false,"log_type":"team","traits":{"provider":"email"}}', '2025-10-11 10:48:30.129964+00', ''),
	('00000000-0000-0000-0000-000000000000', '910c1578-f91f-4e2a-9160-115cea0b533a', '{"action":"user_confirmation_requested","actor_id":"c0186740-6422-41dd-92af-ef67babcea80","actor_username":"navio.bot@gmail.com","actor_via_sso":false,"log_type":"user","traits":{"provider":"email"}}', '2025-10-20 19:31:33.631642+00', ''),
	('00000000-0000-0000-0000-000000000000', 'd4d9c93f-295f-44c5-a022-d98485ea0308', '{"action":"user_confirmation_requested","actor_id":"d209a2d3-a25e-4115-b9e2-092804dfc1b1","actor_username":"navio.bote@gmail.com","actor_via_sso":false,"log_type":"user","traits":{"provider":"email"}}', '2025-10-20 19:31:38.983002+00', ''),
	('00000000-0000-0000-0000-000000000000', '66c11f01-6863-43de-a120-8246e9fe740d', '{"action":"user_signedup","actor_id":"d209a2d3-a25e-4115-b9e2-092804dfc1b1","actor_username":"navio.bote@gmail.com","actor_via_sso":false,"log_type":"team","traits":{"provider":"email"}}', '2025-10-20 19:31:51.984134+00', ''),
	('00000000-0000-0000-0000-000000000000', 'd7959432-7df8-417b-8523-26455df51690', '{"action":"login","actor_id":"d209a2d3-a25e-4115-b9e2-092804dfc1b1","actor_username":"navio.bote@gmail.com","actor_via_sso":false,"log_type":"account","traits":{"provider":"email"}}', '2025-10-20 19:32:15.240097+00', ''),
	('00000000-0000-0000-0000-000000000000', '1a2ea3e1-f9c6-4d03-99ed-ef708dabc884', '{"action":"login","actor_id":"d209a2d3-a25e-4115-b9e2-092804dfc1b1","actor_username":"navio.bote@gmail.com","actor_via_sso":false,"log_type":"account","traits":{"provider":"email"}}', '2025-10-20 19:39:23.683033+00', ''),
	('00000000-0000-0000-0000-000000000000', 'b26e1151-cd0c-40e6-afbb-87d332efbe64', '{"action":"user_confirmation_requested","actor_id":"136b602c-1874-464d-9d9c-bfe845d3439d","actor_username":"thiagoalves.f97@gmail.com","actor_via_sso":false,"log_type":"user","traits":{"provider":"email"}}', '2025-10-20 20:20:03.077864+00', ''),
	('00000000-0000-0000-0000-000000000000', 'e82c23fc-742f-4293-8586-5e16d7101e5b', '{"action":"user_signedup","actor_id":"136b602c-1874-464d-9d9c-bfe845d3439d","actor_username":"thiagoalves.f97@gmail.com","actor_via_sso":false,"log_type":"team","traits":{"provider":"email"}}', '2025-10-20 20:20:42.454705+00', ''),
	('00000000-0000-0000-0000-000000000000', '2e5de292-6fba-49fc-b8b4-6fb4801c2da6', '{"action":"login","actor_id":"136b602c-1874-464d-9d9c-bfe845d3439d","actor_username":"thiagoalves.f97@gmail.com","actor_via_sso":false,"log_type":"account","traits":{"provider":"email"}}', '2025-10-20 20:20:50.602729+00', ''),
	('00000000-0000-0000-0000-000000000000', '57d5b73a-b2e2-4e29-9df6-e84a8285abe2', '{"action":"user_repeated_signup","actor_id":"0bc5f36c-5148-4314-9045-aa1a3bffdd28","actor_username":"henriquew2004@gmail.com","actor_via_sso":false,"log_type":"user","traits":{"provider":"email"}}', '2025-10-20 22:36:51.701031+00', ''),
	('00000000-0000-0000-0000-000000000000', '58755cfa-e2e3-452b-96ab-6a07b7bd6f3c', '{"action":"user_deleted","actor_id":"00000000-0000-0000-0000-000000000000","actor_username":"service_role","actor_via_sso":false,"log_type":"team","traits":{"user_email":"henriquew2004@gmail.com","user_id":"0bc5f36c-5148-4314-9045-aa1a3bffdd28","user_phone":""}}', '2025-10-20 22:50:01.598607+00', ''),
	('00000000-0000-0000-0000-000000000000', 'e6535ba7-c3a8-4103-8891-da0d0c0effb3', '{"action":"token_refreshed","actor_id":"d209a2d3-a25e-4115-b9e2-092804dfc1b1","actor_username":"navio.bote@gmail.com","actor_via_sso":false,"log_type":"token"}', '2025-10-20 23:02:08.690241+00', ''),
	('00000000-0000-0000-0000-000000000000', '86b88629-297f-4595-8cb6-b1ed48f3c94a', '{"action":"token_revoked","actor_id":"d209a2d3-a25e-4115-b9e2-092804dfc1b1","actor_username":"navio.bote@gmail.com","actor_via_sso":false,"log_type":"token"}', '2025-10-20 23:02:08.701331+00', ''),
	('00000000-0000-0000-0000-000000000000', '4dd1356c-c908-4f90-9eea-1a5b332de1e1', '{"action":"user_confirmation_requested","actor_id":"14e50495-d87f-475e-847b-927b1bd872ba","actor_username":"henriquew2004@gmail.com","actor_via_sso":false,"log_type":"user","traits":{"provider":"email"}}', '2025-10-20 23:02:42.221079+00', ''),
	('00000000-0000-0000-0000-000000000000', '7f3b298c-c4f9-487c-86be-c9a307441666', '{"action":"user_signedup","actor_id":"14e50495-d87f-475e-847b-927b1bd872ba","actor_username":"henriquew2004@gmail.com","actor_via_sso":false,"log_type":"team","traits":{"provider":"email"}}', '2025-10-20 23:03:14.733114+00', ''),
	('00000000-0000-0000-0000-000000000000', '9a4287c8-c640-4fa6-8e7c-231590af93fe', '{"action":"login","actor_id":"14e50495-d87f-475e-847b-927b1bd872ba","actor_username":"henriquew2004@gmail.com","actor_via_sso":false,"log_type":"account","traits":{"provider":"email"}}', '2025-10-20 23:03:25.148381+00', ''),
	('00000000-0000-0000-0000-000000000000', '1571d467-81c4-44da-8598-b25884939a06', '{"action":"logout","actor_id":"14e50495-d87f-475e-847b-927b1bd872ba","actor_username":"henriquew2004@gmail.com","actor_via_sso":false,"log_type":"account"}', '2025-10-20 23:06:00.957544+00', ''),
	('00000000-0000-0000-0000-000000000000', 'e011c755-14fe-460d-8857-7a9e87887fc6', '{"action":"login","actor_id":"14e50495-d87f-475e-847b-927b1bd872ba","actor_username":"henriquew2004@gmail.com","actor_via_sso":false,"log_type":"account","traits":{"provider":"email"}}', '2025-10-20 23:06:13.089271+00', ''),
	('00000000-0000-0000-0000-000000000000', '2141c734-e4f6-4e9d-8021-d51f6ab4c363', '{"action":"login","actor_id":"6817b433-fce4-4c3e-9e3f-02510fced788","actor_username":"macharetelucas@gmail.com","actor_via_sso":false,"log_type":"account","traits":{"provider":"email"}}', '2025-10-20 23:16:04.074155+00', ''),
	('00000000-0000-0000-0000-000000000000', '436f86e4-543b-461b-9e6a-c4f8fa5184d7', '{"action":"token_refreshed","actor_id":"14e50495-d87f-475e-847b-927b1bd872ba","actor_username":"henriquew2004@gmail.com","actor_via_sso":false,"log_type":"token"}', '2025-10-21 01:28:50.530349+00', ''),
	('00000000-0000-0000-0000-000000000000', '7776ad25-eb0e-489b-abb4-a183aff55a86', '{"action":"token_revoked","actor_id":"14e50495-d87f-475e-847b-927b1bd872ba","actor_username":"henriquew2004@gmail.com","actor_via_sso":false,"log_type":"token"}', '2025-10-21 01:28:50.558944+00', ''),
	('00000000-0000-0000-0000-000000000000', '16bcbcee-afe7-4f59-9934-4206c490486e', '{"action":"token_refreshed","actor_id":"6817b433-fce4-4c3e-9e3f-02510fced788","actor_username":"macharetelucas@gmail.com","actor_via_sso":false,"log_type":"token"}', '2025-10-21 01:55:06.290862+00', ''),
	('00000000-0000-0000-0000-000000000000', '536f0c28-52cb-4eb2-8f75-9bbab6edc36c', '{"action":"token_revoked","actor_id":"6817b433-fce4-4c3e-9e3f-02510fced788","actor_username":"macharetelucas@gmail.com","actor_via_sso":false,"log_type":"token"}', '2025-10-21 01:55:06.315703+00', ''),
	('00000000-0000-0000-0000-000000000000', '5429120d-cfb4-48d9-88e4-d01ec7d784ec', '{"action":"login","actor_id":"6817b433-fce4-4c3e-9e3f-02510fced788","actor_username":"macharetelucas@gmail.com","actor_via_sso":false,"log_type":"account","traits":{"provider":"email"}}', '2025-10-21 02:18:18.686843+00', ''),
	('00000000-0000-0000-0000-000000000000', 'b6a341c4-4803-4184-9ea9-82164020a51d', '{"action":"token_refreshed","actor_id":"6817b433-fce4-4c3e-9e3f-02510fced788","actor_username":"macharetelucas@gmail.com","actor_via_sso":false,"log_type":"token"}', '2025-10-21 15:52:43.217976+00', ''),
	('00000000-0000-0000-0000-000000000000', 'c7d58a33-3ecd-4178-a490-6caead472016', '{"action":"token_revoked","actor_id":"6817b433-fce4-4c3e-9e3f-02510fced788","actor_username":"macharetelucas@gmail.com","actor_via_sso":false,"log_type":"token"}', '2025-10-21 15:52:43.248692+00', ''),
	('00000000-0000-0000-0000-000000000000', '5f8a2605-fe0c-4db7-9da9-a251e65de6c7', '{"action":"token_refreshed","actor_id":"6817b433-fce4-4c3e-9e3f-02510fced788","actor_username":"macharetelucas@gmail.com","actor_via_sso":false,"log_type":"token"}', '2025-10-21 20:04:57.085697+00', ''),
	('00000000-0000-0000-0000-000000000000', '56bfdb62-e404-44ad-874d-fccf90b63c56', '{"action":"token_revoked","actor_id":"6817b433-fce4-4c3e-9e3f-02510fced788","actor_username":"macharetelucas@gmail.com","actor_via_sso":false,"log_type":"token"}', '2025-10-21 20:04:57.111047+00', ''),
	('00000000-0000-0000-0000-000000000000', '28b27133-ece2-4dfc-8375-78a50959b197', '{"action":"token_refreshed","actor_id":"6817b433-fce4-4c3e-9e3f-02510fced788","actor_username":"macharetelucas@gmail.com","actor_via_sso":false,"log_type":"token"}', '2025-10-21 21:17:54.892855+00', ''),
	('00000000-0000-0000-0000-000000000000', 'a5e78400-94a3-4c1c-949a-dc3985342c70', '{"action":"token_revoked","actor_id":"6817b433-fce4-4c3e-9e3f-02510fced788","actor_username":"macharetelucas@gmail.com","actor_via_sso":false,"log_type":"token"}', '2025-10-21 21:17:54.90895+00', ''),
	('00000000-0000-0000-0000-000000000000', '084113c2-420f-4fd7-853a-942ab9394a98', '{"action":"token_refreshed","actor_id":"d209a2d3-a25e-4115-b9e2-092804dfc1b1","actor_username":"navio.bote@gmail.com","actor_via_sso":false,"log_type":"token"}', '2025-10-22 00:58:54.757939+00', ''),
	('00000000-0000-0000-0000-000000000000', '3844b9bc-0f39-4d96-9910-45c3fc6292e2', '{"action":"token_revoked","actor_id":"d209a2d3-a25e-4115-b9e2-092804dfc1b1","actor_username":"navio.bote@gmail.com","actor_via_sso":false,"log_type":"token"}', '2025-10-22 00:58:54.778904+00', ''),
	('00000000-0000-0000-0000-000000000000', 'c933302d-0dc9-48c0-9458-6a1dc32ae113', '{"action":"token_refreshed","actor_id":"6817b433-fce4-4c3e-9e3f-02510fced788","actor_username":"macharetelucas@gmail.com","actor_via_sso":false,"log_type":"token"}', '2025-10-22 19:51:11.274669+00', ''),
	('00000000-0000-0000-0000-000000000000', '43ddde9b-3389-4e7e-bf65-9742762bffbd', '{"action":"token_revoked","actor_id":"6817b433-fce4-4c3e-9e3f-02510fced788","actor_username":"macharetelucas@gmail.com","actor_via_sso":false,"log_type":"token"}', '2025-10-22 19:51:11.297238+00', ''),
	('00000000-0000-0000-0000-000000000000', 'd797304e-8bb2-4364-8fa4-434529ab952a', '{"action":"token_refreshed","actor_id":"6817b433-fce4-4c3e-9e3f-02510fced788","actor_username":"macharetelucas@gmail.com","actor_via_sso":false,"log_type":"token"}', '2025-10-22 21:29:40.492881+00', ''),
	('00000000-0000-0000-0000-000000000000', '40dbcb44-744b-4a2d-9e2e-0ea0405cb82c', '{"action":"token_revoked","actor_id":"6817b433-fce4-4c3e-9e3f-02510fced788","actor_username":"macharetelucas@gmail.com","actor_via_sso":false,"log_type":"token"}', '2025-10-22 21:29:40.512353+00', ''),
	('00000000-0000-0000-0000-000000000000', '0c7add85-f5a5-4bd7-83e1-28bccc19c148', '{"action":"login","actor_id":"6817b433-fce4-4c3e-9e3f-02510fced788","actor_username":"macharetelucas@gmail.com","actor_via_sso":false,"log_type":"account","traits":{"provider":"email"}}', '2025-10-22 22:27:34.139603+00', ''),
	('00000000-0000-0000-0000-000000000000', '220c128c-3b4f-45e7-878d-165e959f4a45', '{"action":"token_refreshed","actor_id":"6817b433-fce4-4c3e-9e3f-02510fced788","actor_username":"macharetelucas@gmail.com","actor_via_sso":false,"log_type":"token"}', '2025-10-22 23:26:38.598169+00', ''),
	('00000000-0000-0000-0000-000000000000', '72e40aa7-75cf-42ad-8b6f-d701a85555d3', '{"action":"token_revoked","actor_id":"6817b433-fce4-4c3e-9e3f-02510fced788","actor_username":"macharetelucas@gmail.com","actor_via_sso":false,"log_type":"token"}', '2025-10-22 23:26:38.622192+00', ''),
	('00000000-0000-0000-0000-000000000000', '14f5e378-1b5f-4a08-8e0f-c45f88ce41c5', '{"action":"logout","actor_id":"6817b433-fce4-4c3e-9e3f-02510fced788","actor_username":"macharetelucas@gmail.com","actor_via_sso":false,"log_type":"account"}', '2025-10-22 23:27:04.275788+00', ''),
	('00000000-0000-0000-0000-000000000000', '16787712-4634-4ed2-971c-0130bda0c958', '{"action":"login","actor_id":"6817b433-fce4-4c3e-9e3f-02510fced788","actor_username":"macharetelucas@gmail.com","actor_via_sso":false,"log_type":"account","traits":{"provider":"email"}}', '2025-10-23 01:14:43.540563+00', ''),
	('00000000-0000-0000-0000-000000000000', 'e91255c4-8768-4fee-9d1f-54250d828e46', '{"action":"login","actor_id":"6817b433-fce4-4c3e-9e3f-02510fced788","actor_username":"macharetelucas@gmail.com","actor_via_sso":false,"log_type":"account","traits":{"provider":"email"}}', '2025-10-23 01:14:51.9531+00', ''),
	('00000000-0000-0000-0000-000000000000', '8f8a205b-076e-4234-be16-d73f5ede8f17', '{"action":"login","actor_id":"6817b433-fce4-4c3e-9e3f-02510fced788","actor_username":"macharetelucas@gmail.com","actor_via_sso":false,"log_type":"account","traits":{"provider":"email"}}', '2025-10-23 01:15:33.799586+00', ''),
	('00000000-0000-0000-0000-000000000000', 'af92015a-d2fe-4cf9-87af-5022d86c6160', '{"action":"login","actor_id":"6817b433-fce4-4c3e-9e3f-02510fced788","actor_username":"macharetelucas@gmail.com","actor_via_sso":false,"log_type":"account","traits":{"provider":"email"}}', '2025-10-23 01:18:29.812791+00', ''),
	('00000000-0000-0000-0000-000000000000', '758ec85d-7295-4c30-8340-9284324f31c6', '{"action":"login","actor_id":"6817b433-fce4-4c3e-9e3f-02510fced788","actor_username":"macharetelucas@gmail.com","actor_via_sso":false,"log_type":"account","traits":{"provider":"email"}}', '2025-10-23 01:44:20.789313+00', ''),
	('00000000-0000-0000-0000-000000000000', 'af821a80-0382-4092-bc62-f6e04962bd42', '{"action":"token_refreshed","actor_id":"6817b433-fce4-4c3e-9e3f-02510fced788","actor_username":"macharetelucas@gmail.com","actor_via_sso":false,"log_type":"token"}', '2025-10-23 10:50:58.01599+00', ''),
	('00000000-0000-0000-0000-000000000000', '2750b309-66de-44f6-8690-2c61b1a629fd', '{"action":"token_revoked","actor_id":"6817b433-fce4-4c3e-9e3f-02510fced788","actor_username":"macharetelucas@gmail.com","actor_via_sso":false,"log_type":"token"}', '2025-10-23 10:50:58.041801+00', ''),
	('00000000-0000-0000-0000-000000000000', '6367bf77-0e34-4baf-b409-eb73d3c32752', '{"action":"token_refreshed","actor_id":"6817b433-fce4-4c3e-9e3f-02510fced788","actor_username":"macharetelucas@gmail.com","actor_via_sso":false,"log_type":"token"}', '2025-10-24 00:17:10.735175+00', ''),
	('00000000-0000-0000-0000-000000000000', '28ea2a38-2b5a-4975-8098-9330b6944949', '{"action":"login","actor_id":"6817b433-fce4-4c3e-9e3f-02510fced788","actor_username":"macharetelucas@gmail.com","actor_via_sso":false,"log_type":"account","traits":{"provider":"email"}}', '2025-10-24 00:19:17.277276+00', ''),
	('00000000-0000-0000-0000-000000000000', '9b965d91-b164-4bea-afd6-9dd75bb676a5', '{"action":"login","actor_id":"6817b433-fce4-4c3e-9e3f-02510fced788","actor_username":"macharetelucas@gmail.com","actor_via_sso":false,"log_type":"account","traits":{"provider":"email"}}', '2025-10-24 00:22:17.900962+00', ''),
	('00000000-0000-0000-0000-000000000000', '715342aa-5fc0-4e07-af50-c425b0a86eeb', '{"action":"token_refreshed","actor_id":"6817b433-fce4-4c3e-9e3f-02510fced788","actor_username":"macharetelucas@gmail.com","actor_via_sso":false,"log_type":"token"}', '2025-10-24 01:27:06.736512+00', ''),
	('00000000-0000-0000-0000-000000000000', '677fbaa2-70a2-462c-9485-955bfd0ad471', '{"action":"token_revoked","actor_id":"6817b433-fce4-4c3e-9e3f-02510fced788","actor_username":"macharetelucas@gmail.com","actor_via_sso":false,"log_type":"token"}', '2025-10-24 01:27:06.760398+00', ''),
	('00000000-0000-0000-0000-000000000000', 'e2af42ee-3285-4336-a6f9-054cb6b52341', '{"action":"token_refreshed","actor_id":"6817b433-fce4-4c3e-9e3f-02510fced788","actor_username":"macharetelucas@gmail.com","actor_via_sso":false,"log_type":"token"}', '2025-10-24 11:13:26.553312+00', ''),
	('00000000-0000-0000-0000-000000000000', 'ff2f8f8d-24ef-414a-82cb-d4da1e02a652', '{"action":"token_revoked","actor_id":"6817b433-fce4-4c3e-9e3f-02510fced788","actor_username":"macharetelucas@gmail.com","actor_via_sso":false,"log_type":"token"}', '2025-10-24 11:13:26.57915+00', ''),
	('00000000-0000-0000-0000-000000000000', '484af47c-865d-43b1-9782-e03097fc4c28', '{"action":"token_refreshed","actor_id":"d209a2d3-a25e-4115-b9e2-092804dfc1b1","actor_username":"navio.bote@gmail.com","actor_via_sso":false,"log_type":"token"}', '2025-10-26 03:45:17.551453+00', ''),
	('00000000-0000-0000-0000-000000000000', '97f69dc7-7a4c-4ed0-996a-e663db364fde', '{"action":"token_revoked","actor_id":"d209a2d3-a25e-4115-b9e2-092804dfc1b1","actor_username":"navio.bote@gmail.com","actor_via_sso":false,"log_type":"token"}', '2025-10-26 03:45:17.578205+00', ''),
	('00000000-0000-0000-0000-000000000000', 'fa4bf091-94f5-425e-9d7c-142f5c2f4a4c', '{"action":"token_refreshed","actor_id":"d209a2d3-a25e-4115-b9e2-092804dfc1b1","actor_username":"navio.bote@gmail.com","actor_via_sso":false,"log_type":"token"}', '2025-10-26 09:46:07.950902+00', ''),
	('00000000-0000-0000-0000-000000000000', '53bc6296-3856-42be-8b7e-5f349c387f09', '{"action":"token_revoked","actor_id":"d209a2d3-a25e-4115-b9e2-092804dfc1b1","actor_username":"navio.bote@gmail.com","actor_via_sso":false,"log_type":"token"}', '2025-10-26 09:46:07.973667+00', ''),
	('00000000-0000-0000-0000-000000000000', 'fe48eb48-b108-4eab-b7aa-ea717e2c4077', '{"action":"token_refreshed","actor_id":"51b85870-5538-4336-bcc6-1bfd7fd3699a","actor_username":"biancajp476@gmail.com","actor_via_sso":false,"log_type":"token"}', '2025-11-01 15:47:52.200199+00', ''),
	('00000000-0000-0000-0000-000000000000', 'c4d85385-4ad6-4c20-806d-cc6288af0fd7', '{"action":"token_revoked","actor_id":"51b85870-5538-4336-bcc6-1bfd7fd3699a","actor_username":"biancajp476@gmail.com","actor_via_sso":false,"log_type":"token"}', '2025-11-01 15:47:52.227179+00', ''),
	('00000000-0000-0000-0000-000000000000', '24dc355a-4c83-421a-a12d-c2649cffc2d1', '{"action":"token_refreshed","actor_id":"51b85870-5538-4336-bcc6-1bfd7fd3699a","actor_username":"biancajp476@gmail.com","actor_via_sso":false,"log_type":"token"}', '2025-11-03 12:16:28.956702+00', ''),
	('00000000-0000-0000-0000-000000000000', '5c548f6a-6ebe-4347-8ba5-b88580fd8e79', '{"action":"token_revoked","actor_id":"51b85870-5538-4336-bcc6-1bfd7fd3699a","actor_username":"biancajp476@gmail.com","actor_via_sso":false,"log_type":"token"}', '2025-11-03 12:16:28.98538+00', ''),
	('00000000-0000-0000-0000-000000000000', '55d3d404-df62-4dd3-8ea7-6e8539940a08', '{"action":"token_refreshed","actor_id":"6817b433-fce4-4c3e-9e3f-02510fced788","actor_username":"macharetelucas@gmail.com","actor_via_sso":false,"log_type":"token"}', '2025-11-04 14:56:49.98099+00', ''),
	('00000000-0000-0000-0000-000000000000', '24025845-c297-486a-b53b-42b33679210a', '{"action":"token_revoked","actor_id":"6817b433-fce4-4c3e-9e3f-02510fced788","actor_username":"macharetelucas@gmail.com","actor_via_sso":false,"log_type":"token"}', '2025-11-04 14:56:50.010698+00', ''),
	('00000000-0000-0000-0000-000000000000', '4343e3d5-d2a8-4c1d-bd14-101143b99493', '{"action":"token_refreshed","actor_id":"6817b433-fce4-4c3e-9e3f-02510fced788","actor_username":"macharetelucas@gmail.com","actor_via_sso":false,"log_type":"token"}', '2025-11-04 15:59:22.454614+00', ''),
	('00000000-0000-0000-0000-000000000000', 'e6129172-978d-49ca-a983-f26055384bf4', '{"action":"token_revoked","actor_id":"6817b433-fce4-4c3e-9e3f-02510fced788","actor_username":"macharetelucas@gmail.com","actor_via_sso":false,"log_type":"token"}', '2025-11-04 15:59:22.471949+00', ''),
	('00000000-0000-0000-0000-000000000000', '19d72295-62e3-4f58-bd0b-35d3e1db4988', '{"action":"token_refreshed","actor_id":"6817b433-fce4-4c3e-9e3f-02510fced788","actor_username":"macharetelucas@gmail.com","actor_via_sso":false,"log_type":"token"}', '2025-11-04 18:06:21.964597+00', ''),
	('00000000-0000-0000-0000-000000000000', 'e6a61e29-360c-4148-b469-69bd7d51390f', '{"action":"token_revoked","actor_id":"6817b433-fce4-4c3e-9e3f-02510fced788","actor_username":"macharetelucas@gmail.com","actor_via_sso":false,"log_type":"token"}', '2025-11-04 18:06:21.990636+00', ''),
	('00000000-0000-0000-0000-000000000000', 'b85b592a-aff2-4177-a2b0-72aa96bdfc09', '{"action":"token_refreshed","actor_id":"6817b433-fce4-4c3e-9e3f-02510fced788","actor_username":"macharetelucas@gmail.com","actor_via_sso":false,"log_type":"token"}', '2025-11-04 21:10:27.738185+00', ''),
	('00000000-0000-0000-0000-000000000000', 'a460ffc3-5212-4f7c-8bd3-cf2852b2da94', '{"action":"token_revoked","actor_id":"6817b433-fce4-4c3e-9e3f-02510fced788","actor_username":"macharetelucas@gmail.com","actor_via_sso":false,"log_type":"token"}', '2025-11-04 21:10:28.047477+00', ''),
	('00000000-0000-0000-0000-000000000000', 'ba012e86-950a-4dd1-809e-1aa35b172485', '{"action":"user_signedup","actor_id":"00000000-0000-0000-0000-000000000000","actor_username":"service_role","actor_via_sso":false,"log_type":"team","traits":{"provider":"email","user_email":"testelucas@teste.com","user_id":"63a531c0-406c-4a85-976d-4c7d90fe12d6","user_phone":""}}', '2025-11-04 21:12:40.968836+00', ''),
	('00000000-0000-0000-0000-000000000000', '57207097-42b5-4077-a940-318a89328061', '{"action":"login","actor_id":"63a531c0-406c-4a85-976d-4c7d90fe12d6","actor_username":"testelucas@teste.com","actor_via_sso":false,"log_type":"account","traits":{"provider":"email"}}', '2025-11-04 21:14:21.686188+00', ''),
	('00000000-0000-0000-0000-000000000000', '5844d280-f830-43b0-9a17-1fb7368dbb2b', '{"action":"token_refreshed","actor_id":"63a531c0-406c-4a85-976d-4c7d90fe12d6","actor_username":"testelucas@teste.com","actor_via_sso":false,"log_type":"token"}', '2025-11-04 23:13:29.709353+00', ''),
	('00000000-0000-0000-0000-000000000000', '3825d557-811e-4b1a-a855-b18928347828', '{"action":"token_revoked","actor_id":"63a531c0-406c-4a85-976d-4c7d90fe12d6","actor_username":"testelucas@teste.com","actor_via_sso":false,"log_type":"token"}', '2025-11-04 23:13:29.726783+00', ''),
	('00000000-0000-0000-0000-000000000000', '2d90ba5e-b4ea-449a-8e04-e3a05da1ac06', '{"action":"login","actor_id":"6817b433-fce4-4c3e-9e3f-02510fced788","actor_username":"macharetelucas@gmail.com","actor_via_sso":false,"log_type":"account","traits":{"provider":"email"}}', '2025-11-05 00:12:24.628485+00', ''),
	('00000000-0000-0000-0000-000000000000', 'b115d1ae-c04d-4907-8f8c-69e8a26d9c2f', '{"action":"token_refreshed","actor_id":"6817b433-fce4-4c3e-9e3f-02510fced788","actor_username":"macharetelucas@gmail.com","actor_via_sso":false,"log_type":"token"}', '2025-11-05 02:53:35.795626+00', ''),
	('00000000-0000-0000-0000-000000000000', 'b491a32b-4da1-4e22-bf13-7b9ab4ddeef3', '{"action":"token_revoked","actor_id":"6817b433-fce4-4c3e-9e3f-02510fced788","actor_username":"macharetelucas@gmail.com","actor_via_sso":false,"log_type":"token"}', '2025-11-05 02:53:35.823742+00', ''),
	('00000000-0000-0000-0000-000000000000', 'cb4f2717-1d03-44b3-ac32-6ec4e102ee89', '{"action":"user_confirmation_requested","actor_id":"8fef92eb-a787-4d4e-beb5-b57e8bb8654c","actor_username":"os.henriquewilliam@gmail.com","actor_via_sso":false,"log_type":"user","traits":{"provider":"email"}}', '2025-11-11 22:55:55.481567+00', ''),
	('00000000-0000-0000-0000-000000000000', 'aceb28cb-7e3b-427f-85f6-011438a77cae', '{"action":"user_signedup","actor_id":"8fef92eb-a787-4d4e-beb5-b57e8bb8654c","actor_username":"os.henriquewilliam@gmail.com","actor_via_sso":false,"log_type":"team","traits":{"provider":"email"}}', '2025-11-11 22:56:08.41077+00', ''),
	('00000000-0000-0000-0000-000000000000', '89457e08-82c7-4079-bb0f-bca41018f754', '{"action":"login","actor_id":"8fef92eb-a787-4d4e-beb5-b57e8bb8654c","actor_username":"os.henriquewilliam@gmail.com","actor_via_sso":false,"log_type":"account","traits":{"provider":"email"}}', '2025-11-11 22:56:21.68045+00', ''),
	('00000000-0000-0000-0000-000000000000', 'a5060d4b-cb6b-4324-ae01-2676e9272668', '{"action":"login","actor_id":"8fef92eb-a787-4d4e-beb5-b57e8bb8654c","actor_username":"os.henriquewilliam@gmail.com","actor_via_sso":false,"log_type":"account","traits":{"provider":"email"}}', '2025-11-11 22:56:38.154971+00', ''),
	('00000000-0000-0000-0000-000000000000', '40238880-8bb7-40fb-9e4b-9f4b04125bba', '{"action":"user_deleted","actor_id":"00000000-0000-0000-0000-000000000000","actor_username":"service_role","actor_via_sso":false,"log_type":"team","traits":{"user_email":"testelucas@teste.com","user_id":"63a531c0-406c-4a85-976d-4c7d90fe12d6","user_phone":""}}', '2025-11-13 12:02:56.928934+00', ''),
	('00000000-0000-0000-0000-000000000000', 'dc56fc28-1e26-4504-8002-a53d275d97ac', '{"action":"user_signedup","actor_id":"00000000-0000-0000-0000-000000000000","actor_username":"service_role","actor_via_sso":false,"log_type":"team","traits":{"provider":"email","user_email":"teste@lucas.com","user_id":"fd305a6b-7721-4771-881c-11575c1b1d46","user_phone":""}}', '2025-11-13 12:03:20.164894+00', ''),
	('00000000-0000-0000-0000-000000000000', 'ce51ddea-a2b7-40b0-972a-a6441013ff3b', '{"action":"login","actor_id":"fd305a6b-7721-4771-881c-11575c1b1d46","actor_username":"teste@lucas.com","actor_via_sso":false,"log_type":"account","traits":{"provider":"email"}}', '2025-11-13 12:04:36.168468+00', ''),
	('00000000-0000-0000-0000-000000000000', '1bdc2c0a-b711-4eca-8980-626ca4e0e425', '{"action":"login","actor_id":"6817b433-fce4-4c3e-9e3f-02510fced788","actor_username":"macharetelucas@gmail.com","actor_via_sso":false,"log_type":"account","traits":{"provider":"email"}}', '2025-11-13 12:04:52.215749+00', ''),
	('00000000-0000-0000-0000-000000000000', 'cfa18b0b-8100-475e-beff-bfc559ad0040', '{"action":"user_deleted","actor_id":"00000000-0000-0000-0000-000000000000","actor_username":"service_role","actor_via_sso":false,"log_type":"team","traits":{"user_email":"teste@lucas.com","user_id":"fd305a6b-7721-4771-881c-11575c1b1d46","user_phone":""}}', '2025-11-13 15:28:18.604106+00', ''),
	('00000000-0000-0000-0000-000000000000', 'eafec2fa-58c8-47a0-8559-34e63f7670f6', '{"action":"token_refreshed","actor_id":"6817b433-fce4-4c3e-9e3f-02510fced788","actor_username":"macharetelucas@gmail.com","actor_via_sso":false,"log_type":"token"}', '2025-11-13 15:34:30.595588+00', ''),
	('00000000-0000-0000-0000-000000000000', '2925a182-4a04-40d4-8ac3-a1020d9366e1', '{"action":"token_revoked","actor_id":"6817b433-fce4-4c3e-9e3f-02510fced788","actor_username":"macharetelucas@gmail.com","actor_via_sso":false,"log_type":"token"}', '2025-11-13 15:34:30.604568+00', ''),
	('00000000-0000-0000-0000-000000000000', 'a7d6e55d-3893-4717-8b3b-5c4d5dda089b', '{"action":"user_repeated_signup","actor_id":"9b45570c-8b8a-43c3-bb5d-55bfea3bb951","actor_username":"macharete.dev@gmail.com","actor_via_sso":false,"log_type":"user","traits":{"provider":"email"}}', '2025-11-13 15:35:57.134963+00', ''),
	('00000000-0000-0000-0000-000000000000', '8a253c14-c64a-4a58-ad9c-82a9575626c6', '{"action":"user_repeated_signup","actor_id":"9b45570c-8b8a-43c3-bb5d-55bfea3bb951","actor_username":"macharete.dev@gmail.com","actor_via_sso":false,"log_type":"user","traits":{"provider":"email"}}', '2025-11-13 15:36:30.452906+00', ''),
	('00000000-0000-0000-0000-000000000000', '65953d07-9b08-4736-a04e-f224b5c5e57c', '{"action":"user_repeated_signup","actor_id":"9b45570c-8b8a-43c3-bb5d-55bfea3bb951","actor_username":"macharete.dev@gmail.com","actor_via_sso":false,"log_type":"user","traits":{"provider":"email"}}', '2025-11-13 15:37:03.297498+00', ''),
	('00000000-0000-0000-0000-000000000000', '5e1efe58-7d59-4fba-bf1b-ab58c7040618', '{"action":"user_repeated_signup","actor_id":"9b45570c-8b8a-43c3-bb5d-55bfea3bb951","actor_username":"macharete.dev@gmail.com","actor_via_sso":false,"log_type":"user","traits":{"provider":"email"}}', '2025-11-13 15:37:30.751441+00', ''),
	('00000000-0000-0000-0000-000000000000', 'cb4167f3-9563-464f-a508-8360ba7007e1', '{"action":"user_deleted","actor_id":"00000000-0000-0000-0000-000000000000","actor_username":"service_role","actor_via_sso":false,"log_type":"team","traits":{"user_email":"macharete.dev@gmail.com","user_id":"9b45570c-8b8a-43c3-bb5d-55bfea3bb951","user_phone":""}}', '2025-11-13 15:38:12.884901+00', ''),
	('00000000-0000-0000-0000-000000000000', '8fd3b26f-b7fb-477c-b035-3612f00550ac', '{"action":"user_confirmation_requested","actor_id":"607a75ff-2be2-4eb7-a6b9-98e1479f9c9c","actor_username":"macharete.dev@gmail.com","actor_via_sso":false,"log_type":"user","traits":{"provider":"email"}}', '2025-11-13 15:38:19.671692+00', ''),
	('00000000-0000-0000-0000-000000000000', '9faff890-3e4e-4c9e-b982-52eb04fdc84b', '{"action":"user_signedup","actor_id":"607a75ff-2be2-4eb7-a6b9-98e1479f9c9c","actor_username":"macharete.dev@gmail.com","actor_via_sso":false,"log_type":"team","traits":{"provider":"email"}}', '2025-11-13 15:38:46.529159+00', ''),
	('00000000-0000-0000-0000-000000000000', 'fb88f86b-219a-43dc-a8fd-cea2226697e6', '{"action":"login","actor_id":"607a75ff-2be2-4eb7-a6b9-98e1479f9c9c","actor_username":"macharete.dev@gmail.com","actor_via_sso":false,"log_type":"account","traits":{"provider":"email"}}', '2025-11-13 15:42:05.321406+00', ''),
	('00000000-0000-0000-0000-000000000000', 'd240218c-682f-4755-bc31-fc6f45d6796e', '{"action":"login","actor_id":"607a75ff-2be2-4eb7-a6b9-98e1479f9c9c","actor_username":"macharete.dev@gmail.com","actor_via_sso":false,"log_type":"account","traits":{"provider":"email"}}', '2025-11-13 15:42:38.367137+00', ''),
	('00000000-0000-0000-0000-000000000000', 'fe848c80-fbda-45d9-bf73-0058dd909b1f', '{"action":"login","actor_id":"607a75ff-2be2-4eb7-a6b9-98e1479f9c9c","actor_username":"macharete.dev@gmail.com","actor_via_sso":false,"log_type":"account","traits":{"provider":"email"}}', '2025-11-13 15:47:56.281722+00', ''),
	('00000000-0000-0000-0000-000000000000', 'f138a6e9-7cb0-48e4-9921-5b8630322e62', '{"action":"login","actor_id":"607a75ff-2be2-4eb7-a6b9-98e1479f9c9c","actor_username":"macharete.dev@gmail.com","actor_via_sso":false,"log_type":"account","traits":{"provider":"email"}}', '2025-11-13 15:48:20.568155+00', ''),
	('00000000-0000-0000-0000-000000000000', '43e987b8-cb04-4062-a3ec-a0262e939ee3', '{"action":"login","actor_id":"607a75ff-2be2-4eb7-a6b9-98e1479f9c9c","actor_username":"macharete.dev@gmail.com","actor_via_sso":false,"log_type":"account","traits":{"provider":"email"}}', '2025-11-13 15:49:19.505074+00', ''),
	('00000000-0000-0000-0000-000000000000', '000cb29b-8357-47e6-b935-a7a6fb7bc9e5', '{"action":"login","actor_id":"607a75ff-2be2-4eb7-a6b9-98e1479f9c9c","actor_username":"macharete.dev@gmail.com","actor_via_sso":false,"log_type":"account","traits":{"provider":"email"}}', '2025-11-13 15:54:05.402773+00', ''),
	('00000000-0000-0000-0000-000000000000', '93f0e9ee-76ac-4efa-8474-dce54967029c', '{"action":"login","actor_id":"607a75ff-2be2-4eb7-a6b9-98e1479f9c9c","actor_username":"macharete.dev@gmail.com","actor_via_sso":false,"log_type":"account","traits":{"provider":"email"}}', '2025-11-13 15:59:11.851387+00', ''),
	('00000000-0000-0000-0000-000000000000', 'de11a65b-e1b4-4b0c-8063-cd542a3f33db', '{"action":"login","actor_id":"607a75ff-2be2-4eb7-a6b9-98e1479f9c9c","actor_username":"macharete.dev@gmail.com","actor_via_sso":false,"log_type":"account","traits":{"provider":"email"}}', '2025-11-13 15:59:38.337488+00', ''),
	('00000000-0000-0000-0000-000000000000', '888c6388-d9ba-452d-98a4-24cd74b5fb84', '{"action":"login","actor_id":"607a75ff-2be2-4eb7-a6b9-98e1479f9c9c","actor_username":"macharete.dev@gmail.com","actor_via_sso":false,"log_type":"account","traits":{"provider":"email"}}', '2025-11-13 16:00:54.81255+00', ''),
	('00000000-0000-0000-0000-000000000000', '6c514e99-7b02-4c9e-9ca6-ff771188b413', '{"action":"token_refreshed","actor_id":"607a75ff-2be2-4eb7-a6b9-98e1479f9c9c","actor_username":"macharete.dev@gmail.com","actor_via_sso":false,"log_type":"token"}', '2025-11-13 17:26:57.237184+00', ''),
	('00000000-0000-0000-0000-000000000000', '16e8e7f5-0be1-47b7-bdd9-4ac61a941fde', '{"action":"token_revoked","actor_id":"607a75ff-2be2-4eb7-a6b9-98e1479f9c9c","actor_username":"macharete.dev@gmail.com","actor_via_sso":false,"log_type":"token"}', '2025-11-13 17:26:57.261825+00', ''),
	('00000000-0000-0000-0000-000000000000', '94b96a23-d3d5-477e-a428-29d787f2020b', '{"action":"token_refreshed","actor_id":"d209a2d3-a25e-4115-b9e2-092804dfc1b1","actor_username":"navio.bote@gmail.com","actor_via_sso":false,"log_type":"token"}', '2025-11-13 17:50:31.225659+00', ''),
	('00000000-0000-0000-0000-000000000000', '75045d40-2d93-4b46-8772-a3e3a04c6d79', '{"action":"token_revoked","actor_id":"d209a2d3-a25e-4115-b9e2-092804dfc1b1","actor_username":"navio.bote@gmail.com","actor_via_sso":false,"log_type":"token"}', '2025-11-13 17:50:31.244564+00', ''),
	('00000000-0000-0000-0000-000000000000', '846ebfdb-1b7c-4456-8560-bcd6ac7e50e7', '{"action":"token_refreshed","actor_id":"6817b433-fce4-4c3e-9e3f-02510fced788","actor_username":"macharetelucas@gmail.com","actor_via_sso":false,"log_type":"token"}', '2025-11-14 01:28:58.628625+00', ''),
	('00000000-0000-0000-0000-000000000000', 'bffc01b5-7a42-49a2-93fb-197dd1aa6ff3', '{"action":"token_revoked","actor_id":"6817b433-fce4-4c3e-9e3f-02510fced788","actor_username":"macharetelucas@gmail.com","actor_via_sso":false,"log_type":"token"}', '2025-11-14 01:28:58.643363+00', ''),
	('00000000-0000-0000-0000-000000000000', '27aea1cc-34a7-48ae-b94c-ced3b5ac611c', '{"action":"login","actor_id":"6817b433-fce4-4c3e-9e3f-02510fced788","actor_username":"macharetelucas@gmail.com","actor_via_sso":false,"log_type":"account","traits":{"provider":"email"}}', '2025-11-14 01:29:35.214813+00', ''),
	('00000000-0000-0000-0000-000000000000', 'ab0378e5-5711-43ce-8c02-19d665c051c0', '{"action":"login","actor_id":"6817b433-fce4-4c3e-9e3f-02510fced788","actor_username":"macharetelucas@gmail.com","actor_via_sso":false,"log_type":"account","traits":{"provider":"email"}}', '2025-11-14 01:29:41.426907+00', ''),
	('00000000-0000-0000-0000-000000000000', '28745b3d-b0af-4208-b142-52826bd60f1e', '{"action":"login","actor_id":"6817b433-fce4-4c3e-9e3f-02510fced788","actor_username":"macharetelucas@gmail.com","actor_via_sso":false,"log_type":"account","traits":{"provider":"email"}}', '2025-11-14 01:30:56.617536+00', ''),
	('00000000-0000-0000-0000-000000000000', 'b44d71fa-7c71-4abf-af57-68e299c1a813', '{"action":"token_refreshed","actor_id":"6817b433-fce4-4c3e-9e3f-02510fced788","actor_username":"macharetelucas@gmail.com","actor_via_sso":false,"log_type":"token"}', '2025-11-14 02:30:55.101869+00', ''),
	('00000000-0000-0000-0000-000000000000', 'eb822163-c693-46c5-ba0e-b574031225be', '{"action":"token_revoked","actor_id":"6817b433-fce4-4c3e-9e3f-02510fced788","actor_username":"macharetelucas@gmail.com","actor_via_sso":false,"log_type":"token"}', '2025-11-14 02:30:55.112633+00', ''),
	('00000000-0000-0000-0000-000000000000', 'ebfefbe6-48c4-44ee-b52e-36fa3cd6c6c9', '{"action":"login","actor_id":"6817b433-fce4-4c3e-9e3f-02510fced788","actor_username":"macharetelucas@gmail.com","actor_via_sso":false,"log_type":"account","traits":{"provider":"email"}}', '2025-11-14 03:06:34.318906+00', ''),
	('00000000-0000-0000-0000-000000000000', '4e2fe0a6-a304-4635-80ca-3fe8fe6c6571', '{"action":"token_refreshed","actor_id":"6817b433-fce4-4c3e-9e3f-02510fced788","actor_username":"macharetelucas@gmail.com","actor_via_sso":false,"log_type":"token"}', '2025-11-14 11:12:54.795318+00', ''),
	('00000000-0000-0000-0000-000000000000', 'df9e9694-2355-4248-864f-e1dcd2a4138a', '{"action":"token_revoked","actor_id":"6817b433-fce4-4c3e-9e3f-02510fced788","actor_username":"macharetelucas@gmail.com","actor_via_sso":false,"log_type":"token"}', '2025-11-14 11:12:54.824817+00', ''),
	('00000000-0000-0000-0000-000000000000', '1e6a541f-0353-431a-97e1-a08de9cdeca1', '{"action":"token_refreshed","actor_id":"6817b433-fce4-4c3e-9e3f-02510fced788","actor_username":"macharetelucas@gmail.com","actor_via_sso":false,"log_type":"token"}', '2025-11-15 15:18:10.350964+00', ''),
	('00000000-0000-0000-0000-000000000000', '7fe2a350-2735-4ec9-b4bc-2ad2f719bc49', '{"action":"token_revoked","actor_id":"6817b433-fce4-4c3e-9e3f-02510fced788","actor_username":"macharetelucas@gmail.com","actor_via_sso":false,"log_type":"token"}', '2025-11-15 15:18:10.382633+00', ''),
	('00000000-0000-0000-0000-000000000000', '7115edfa-1c6e-45bb-89c5-8b5fbec20a31', '{"action":"token_refreshed","actor_id":"6817b433-fce4-4c3e-9e3f-02510fced788","actor_username":"macharetelucas@gmail.com","actor_via_sso":false,"log_type":"token"}', '2025-11-15 18:30:40.556723+00', ''),
	('00000000-0000-0000-0000-000000000000', '7600165a-14b9-4090-a544-5a44f61f6ec7', '{"action":"token_revoked","actor_id":"6817b433-fce4-4c3e-9e3f-02510fced788","actor_username":"macharetelucas@gmail.com","actor_via_sso":false,"log_type":"token"}', '2025-11-15 18:30:40.576665+00', ''),
	('00000000-0000-0000-0000-000000000000', '7683daf5-85e5-43eb-aaf5-fbf66675a7ff', '{"action":"token_refreshed","actor_id":"6817b433-fce4-4c3e-9e3f-02510fced788","actor_username":"macharetelucas@gmail.com","actor_via_sso":false,"log_type":"token"}', '2025-11-15 19:30:54.909106+00', ''),
	('00000000-0000-0000-0000-000000000000', '05752816-ee66-4dae-a5de-0c6bb415c242', '{"action":"token_revoked","actor_id":"6817b433-fce4-4c3e-9e3f-02510fced788","actor_username":"macharetelucas@gmail.com","actor_via_sso":false,"log_type":"token"}', '2025-11-15 19:30:54.926069+00', ''),
	('00000000-0000-0000-0000-000000000000', 'd1d379f9-4021-44f6-a97b-4203b1ad344b', '{"action":"token_refreshed","actor_id":"6817b433-fce4-4c3e-9e3f-02510fced788","actor_username":"macharetelucas@gmail.com","actor_via_sso":false,"log_type":"token"}', '2025-11-16 01:02:42.261001+00', ''),
	('00000000-0000-0000-0000-000000000000', 'edc70177-29ec-4b31-82c9-14a7328cbece', '{"action":"token_revoked","actor_id":"6817b433-fce4-4c3e-9e3f-02510fced788","actor_username":"macharetelucas@gmail.com","actor_via_sso":false,"log_type":"token"}', '2025-11-16 01:02:42.284665+00', ''),
	('00000000-0000-0000-0000-000000000000', 'c324e543-0b77-4c8d-97d0-7839128dc60c', '{"action":"token_refreshed","actor_id":"6817b433-fce4-4c3e-9e3f-02510fced788","actor_username":"macharetelucas@gmail.com","actor_via_sso":false,"log_type":"token"}', '2025-11-18 02:03:36.26358+00', ''),
	('00000000-0000-0000-0000-000000000000', 'd20e2997-add6-4408-b6ed-e8fadada9398', '{"action":"token_revoked","actor_id":"6817b433-fce4-4c3e-9e3f-02510fced788","actor_username":"macharetelucas@gmail.com","actor_via_sso":false,"log_type":"token"}', '2025-11-18 02:03:36.293455+00', ''),
	('00000000-0000-0000-0000-000000000000', '46ad0eac-9173-4db1-93d5-51673d9e5038', '{"action":"token_refreshed","actor_id":"6817b433-fce4-4c3e-9e3f-02510fced788","actor_username":"macharetelucas@gmail.com","actor_via_sso":false,"log_type":"token"}', '2025-11-18 03:03:09.257256+00', ''),
	('00000000-0000-0000-0000-000000000000', 'e9a14c62-aa0d-4ee4-a053-b5a5c475dc65', '{"action":"token_revoked","actor_id":"6817b433-fce4-4c3e-9e3f-02510fced788","actor_username":"macharetelucas@gmail.com","actor_via_sso":false,"log_type":"token"}', '2025-11-18 03:03:09.282136+00', ''),
	('00000000-0000-0000-0000-000000000000', '5118c92c-fb5e-44c8-b9d8-6188f8c62311', '{"action":"token_refreshed","actor_id":"6817b433-fce4-4c3e-9e3f-02510fced788","actor_username":"macharetelucas@gmail.com","actor_via_sso":false,"log_type":"token"}', '2025-11-18 12:44:01.718107+00', ''),
	('00000000-0000-0000-0000-000000000000', '9b454bae-04aa-43a9-9ccf-2a21f7e804ef', '{"action":"token_revoked","actor_id":"6817b433-fce4-4c3e-9e3f-02510fced788","actor_username":"macharetelucas@gmail.com","actor_via_sso":false,"log_type":"token"}', '2025-11-18 12:44:01.743609+00', ''),
	('00000000-0000-0000-0000-000000000000', '82b78ce9-1ed7-48e2-ba3a-5b055d691f02', '{"action":"token_refreshed","actor_id":"6817b433-fce4-4c3e-9e3f-02510fced788","actor_username":"macharetelucas@gmail.com","actor_via_sso":false,"log_type":"token"}', '2025-11-18 13:55:21.494263+00', ''),
	('00000000-0000-0000-0000-000000000000', '7faf98ed-4fdd-4ab0-8cd7-38e28db26822', '{"action":"token_revoked","actor_id":"6817b433-fce4-4c3e-9e3f-02510fced788","actor_username":"macharetelucas@gmail.com","actor_via_sso":false,"log_type":"token"}', '2025-11-18 13:55:21.519423+00', ''),
	('00000000-0000-0000-0000-000000000000', '6b324611-3047-4e6d-a861-11f9c2e5f4df', '{"action":"token_refreshed","actor_id":"6817b433-fce4-4c3e-9e3f-02510fced788","actor_username":"macharetelucas@gmail.com","actor_via_sso":false,"log_type":"token"}', '2025-11-18 15:23:06.356948+00', ''),
	('00000000-0000-0000-0000-000000000000', 'feea0490-2649-4a88-acb1-52e0b4511787', '{"action":"token_revoked","actor_id":"6817b433-fce4-4c3e-9e3f-02510fced788","actor_username":"macharetelucas@gmail.com","actor_via_sso":false,"log_type":"token"}', '2025-11-18 15:23:06.380496+00', ''),
	('00000000-0000-0000-0000-000000000000', 'bd69bf91-9244-441d-89cf-4392b772e6e6', '{"action":"login","actor_id":"6817b433-fce4-4c3e-9e3f-02510fced788","actor_username":"macharetelucas@gmail.com","actor_via_sso":false,"log_type":"account","traits":{"provider":"email"}}', '2025-11-18 15:26:40.178652+00', ''),
	('00000000-0000-0000-0000-000000000000', '5806b1c0-78b1-4b90-a82e-56a6c9e22c71', '{"action":"login","actor_id":"6817b433-fce4-4c3e-9e3f-02510fced788","actor_username":"macharetelucas@gmail.com","actor_via_sso":false,"log_type":"account","traits":{"provider":"email"}}', '2025-11-18 15:26:46.232894+00', ''),
	('00000000-0000-0000-0000-000000000000', '3c481159-478f-445b-91f3-20c127be60bb', '{"action":"login","actor_id":"6817b433-fce4-4c3e-9e3f-02510fced788","actor_username":"macharetelucas@gmail.com","actor_via_sso":false,"log_type":"account","traits":{"provider":"email"}}', '2025-11-18 15:47:09.839101+00', ''),
	('00000000-0000-0000-0000-000000000000', 'eeea221f-52e9-42cc-a0f0-8d706df344a9', '{"action":"token_refreshed","actor_id":"6817b433-fce4-4c3e-9e3f-02510fced788","actor_username":"macharetelucas@gmail.com","actor_via_sso":false,"log_type":"token"}', '2025-11-18 19:03:58.509865+00', ''),
	('00000000-0000-0000-0000-000000000000', '37a95024-e5b1-409a-b7dd-fade2a523b43', '{"action":"token_revoked","actor_id":"6817b433-fce4-4c3e-9e3f-02510fced788","actor_username":"macharetelucas@gmail.com","actor_via_sso":false,"log_type":"token"}', '2025-11-18 19:03:58.541164+00', ''),
	('00000000-0000-0000-0000-000000000000', 'a540a743-39e8-4d18-b7f3-c0af164952f0', '{"action":"token_refreshed","actor_id":"6817b433-fce4-4c3e-9e3f-02510fced788","actor_username":"macharetelucas@gmail.com","actor_via_sso":false,"log_type":"token"}', '2025-11-18 19:26:51.300401+00', ''),
	('00000000-0000-0000-0000-000000000000', '1e460390-c676-4609-9662-cb6a50984413', '{"action":"token_revoked","actor_id":"6817b433-fce4-4c3e-9e3f-02510fced788","actor_username":"macharetelucas@gmail.com","actor_via_sso":false,"log_type":"token"}', '2025-11-18 19:26:51.310913+00', ''),
	('00000000-0000-0000-0000-000000000000', '3c6c5f41-b281-47dd-b24e-837819c8e1de', '{"action":"token_refreshed","actor_id":"6817b433-fce4-4c3e-9e3f-02510fced788","actor_username":"macharetelucas@gmail.com","actor_via_sso":false,"log_type":"token"}', '2025-11-18 20:26:42.704071+00', ''),
	('00000000-0000-0000-0000-000000000000', 'c0face27-3ecc-4b5a-94e0-8026ce356df3', '{"action":"token_revoked","actor_id":"6817b433-fce4-4c3e-9e3f-02510fced788","actor_username":"macharetelucas@gmail.com","actor_via_sso":false,"log_type":"token"}', '2025-11-18 20:26:42.723427+00', ''),
	('00000000-0000-0000-0000-000000000000', '7948c683-720a-4f6f-99fb-6c58a8239a1a', '{"action":"token_refreshed","actor_id":"51b85870-5538-4336-bcc6-1bfd7fd3699a","actor_username":"biancajp476@gmail.com","actor_via_sso":false,"log_type":"token"}', '2025-11-18 20:27:09.475368+00', ''),
	('00000000-0000-0000-0000-000000000000', '7e870b78-1a00-4214-bc54-4ce9098dd89a', '{"action":"token_revoked","actor_id":"51b85870-5538-4336-bcc6-1bfd7fd3699a","actor_username":"biancajp476@gmail.com","actor_via_sso":false,"log_type":"token"}', '2025-11-18 20:27:09.477307+00', ''),
	('00000000-0000-0000-0000-000000000000', 'a8d2a6b7-74e0-4030-ae5a-34e026f21b4d', '{"action":"token_refreshed","actor_id":"6817b433-fce4-4c3e-9e3f-02510fced788","actor_username":"macharetelucas@gmail.com","actor_via_sso":false,"log_type":"token"}', '2025-11-18 21:57:36.515651+00', ''),
	('00000000-0000-0000-0000-000000000000', '143e2d91-5a7b-42fd-a576-686d37a03027', '{"action":"token_revoked","actor_id":"6817b433-fce4-4c3e-9e3f-02510fced788","actor_username":"macharetelucas@gmail.com","actor_via_sso":false,"log_type":"token"}', '2025-11-18 21:57:36.539623+00', ''),
	('00000000-0000-0000-0000-000000000000', 'fc0c1767-78eb-4bd2-85dd-c8cabf8d579b', '{"action":"token_refreshed","actor_id":"6817b433-fce4-4c3e-9e3f-02510fced788","actor_username":"macharetelucas@gmail.com","actor_via_sso":false,"log_type":"token"}', '2025-11-18 22:57:57.211819+00', ''),
	('00000000-0000-0000-0000-000000000000', 'e7fcc12e-f74b-43b2-8269-2f35dc48c929', '{"action":"token_revoked","actor_id":"6817b433-fce4-4c3e-9e3f-02510fced788","actor_username":"macharetelucas@gmail.com","actor_via_sso":false,"log_type":"token"}', '2025-11-18 22:57:57.224654+00', ''),
	('00000000-0000-0000-0000-000000000000', '6ab448c3-4918-40a8-a2d3-7dbd33171a26', '{"action":"token_refreshed","actor_id":"6817b433-fce4-4c3e-9e3f-02510fced788","actor_username":"macharetelucas@gmail.com","actor_via_sso":false,"log_type":"token"}', '2025-11-19 01:13:17.362822+00', ''),
	('00000000-0000-0000-0000-000000000000', '369034ab-a7f9-4e01-8549-a5628e27a90d', '{"action":"token_revoked","actor_id":"6817b433-fce4-4c3e-9e3f-02510fced788","actor_username":"macharetelucas@gmail.com","actor_via_sso":false,"log_type":"token"}', '2025-11-19 01:13:17.37466+00', ''),
	('00000000-0000-0000-0000-000000000000', '89450ce8-46ca-4fc6-938f-f9d10bb7a304', '{"action":"token_refreshed","actor_id":"6817b433-fce4-4c3e-9e3f-02510fced788","actor_username":"macharetelucas@gmail.com","actor_via_sso":false,"log_type":"token"}', '2025-11-19 01:31:15.467842+00', ''),
	('00000000-0000-0000-0000-000000000000', '3c320f25-314d-482c-ae6d-d1904189a292', '{"action":"token_revoked","actor_id":"6817b433-fce4-4c3e-9e3f-02510fced788","actor_username":"macharetelucas@gmail.com","actor_via_sso":false,"log_type":"token"}', '2025-11-19 01:31:15.480781+00', ''),
	('00000000-0000-0000-0000-000000000000', 'ef592b37-2017-4aa0-8425-5f0875431b83', '{"action":"token_refreshed","actor_id":"6817b433-fce4-4c3e-9e3f-02510fced788","actor_username":"macharetelucas@gmail.com","actor_via_sso":false,"log_type":"token"}', '2025-11-19 02:11:54.097798+00', ''),
	('00000000-0000-0000-0000-000000000000', 'b4e42b2b-596c-4b6d-9be1-7a724873f7a9', '{"action":"token_revoked","actor_id":"6817b433-fce4-4c3e-9e3f-02510fced788","actor_username":"macharetelucas@gmail.com","actor_via_sso":false,"log_type":"token"}', '2025-11-19 02:11:54.107702+00', ''),
	('00000000-0000-0000-0000-000000000000', 'ef9491ae-c3ea-4f0c-9dd3-c107a555db10', '{"action":"token_refreshed","actor_id":"6817b433-fce4-4c3e-9e3f-02510fced788","actor_username":"macharetelucas@gmail.com","actor_via_sso":false,"log_type":"token"}', '2025-11-19 02:35:04.335862+00', ''),
	('00000000-0000-0000-0000-000000000000', '979a429c-51d6-425a-be0e-a7f8e0580516', '{"action":"token_revoked","actor_id":"6817b433-fce4-4c3e-9e3f-02510fced788","actor_username":"macharetelucas@gmail.com","actor_via_sso":false,"log_type":"token"}', '2025-11-19 02:35:04.34708+00', ''),
	('00000000-0000-0000-0000-000000000000', 'b3a3c316-2eb1-45d9-800b-a59f703ff264', '{"action":"token_refreshed","actor_id":"6817b433-fce4-4c3e-9e3f-02510fced788","actor_username":"macharetelucas@gmail.com","actor_via_sso":false,"log_type":"token"}', '2025-11-19 03:23:26.043813+00', ''),
	('00000000-0000-0000-0000-000000000000', '701bfa81-ff7a-4c39-be89-50bcde98d151', '{"action":"token_revoked","actor_id":"6817b433-fce4-4c3e-9e3f-02510fced788","actor_username":"macharetelucas@gmail.com","actor_via_sso":false,"log_type":"token"}', '2025-11-19 03:23:26.054646+00', ''),
	('00000000-0000-0000-0000-000000000000', '7a1529e6-0240-4514-8dc6-b17d02933ba4', '{"action":"token_refreshed","actor_id":"6817b433-fce4-4c3e-9e3f-02510fced788","actor_username":"macharetelucas@gmail.com","actor_via_sso":false,"log_type":"token"}', '2025-11-19 03:33:42.115902+00', ''),
	('00000000-0000-0000-0000-000000000000', '077bebd4-3bf4-4e05-bc81-04685093ca3f', '{"action":"token_revoked","actor_id":"6817b433-fce4-4c3e-9e3f-02510fced788","actor_username":"macharetelucas@gmail.com","actor_via_sso":false,"log_type":"token"}', '2025-11-19 03:33:42.123765+00', ''),
	('00000000-0000-0000-0000-000000000000', 'cf3a0406-364b-4b89-a18a-38d214a2c225', '{"action":"login","actor_id":"6817b433-fce4-4c3e-9e3f-02510fced788","actor_username":"macharetelucas@gmail.com","actor_via_sso":false,"log_type":"account","traits":{"provider":"email"}}', '2025-11-19 04:06:30.238073+00', ''),
	('00000000-0000-0000-0000-000000000000', '2e4b8b12-a4c7-4868-a727-0e429a802dea', '{"action":"login","actor_id":"6817b433-fce4-4c3e-9e3f-02510fced788","actor_username":"macharetelucas@gmail.com","actor_via_sso":false,"log_type":"account","traits":{"provider":"email"}}', '2025-11-19 04:07:46.915247+00', ''),
	('00000000-0000-0000-0000-000000000000', '00a0243d-f076-48f0-acae-ba67ac4ea30a', '{"action":"token_refreshed","actor_id":"6817b433-fce4-4c3e-9e3f-02510fced788","actor_username":"macharetelucas@gmail.com","actor_via_sso":false,"log_type":"token"}', '2025-11-19 14:04:43.457238+00', ''),
	('00000000-0000-0000-0000-000000000000', '707aeb4c-5c8d-4621-8d21-ba31a2e88c5b', '{"action":"token_revoked","actor_id":"6817b433-fce4-4c3e-9e3f-02510fced788","actor_username":"macharetelucas@gmail.com","actor_via_sso":false,"log_type":"token"}', '2025-11-19 14:04:43.487797+00', ''),
	('00000000-0000-0000-0000-000000000000', '27eb50dd-225f-40d5-bfb7-90dbc06f4c19', '{"action":"token_refreshed","actor_id":"6817b433-fce4-4c3e-9e3f-02510fced788","actor_username":"macharetelucas@gmail.com","actor_via_sso":false,"log_type":"token"}', '2025-11-19 15:39:41.977158+00', ''),
	('00000000-0000-0000-0000-000000000000', '2c9646b3-7659-49d5-b636-17e7c214edf4', '{"action":"token_revoked","actor_id":"6817b433-fce4-4c3e-9e3f-02510fced788","actor_username":"macharetelucas@gmail.com","actor_via_sso":false,"log_type":"token"}', '2025-11-19 15:39:41.996465+00', ''),
	('00000000-0000-0000-0000-000000000000', 'a46f8609-7b5f-4f04-8b89-71aabb3fb975', '{"action":"token_refreshed","actor_id":"6817b433-fce4-4c3e-9e3f-02510fced788","actor_username":"macharetelucas@gmail.com","actor_via_sso":false,"log_type":"token"}', '2025-11-19 15:40:19.232998+00', ''),
	('00000000-0000-0000-0000-000000000000', '12e79f17-ddee-43f3-8265-2d06ff1815a3', '{"action":"token_revoked","actor_id":"6817b433-fce4-4c3e-9e3f-02510fced788","actor_username":"macharetelucas@gmail.com","actor_via_sso":false,"log_type":"token"}', '2025-11-19 15:40:19.236186+00', ''),
	('00000000-0000-0000-0000-000000000000', '8d2bb151-3ff2-46da-a54d-30da50e3a0bd', '{"action":"token_refreshed","actor_id":"6817b433-fce4-4c3e-9e3f-02510fced788","actor_username":"macharetelucas@gmail.com","actor_via_sso":false,"log_type":"token"}', '2025-11-19 16:58:29.437763+00', ''),
	('00000000-0000-0000-0000-000000000000', '3a595779-7fab-4fce-a5b3-8ccbdef256da', '{"action":"token_revoked","actor_id":"6817b433-fce4-4c3e-9e3f-02510fced788","actor_username":"macharetelucas@gmail.com","actor_via_sso":false,"log_type":"token"}', '2025-11-19 16:58:29.464357+00', ''),
	('00000000-0000-0000-0000-000000000000', '14283f30-478b-4a2e-b823-2deb5da37af7', '{"action":"token_refreshed","actor_id":"6817b433-fce4-4c3e-9e3f-02510fced788","actor_username":"macharetelucas@gmail.com","actor_via_sso":false,"log_type":"token"}', '2025-11-19 17:59:13.839366+00', ''),
	('00000000-0000-0000-0000-000000000000', 'bdc9f584-387b-4595-b001-a4f7d038646a', '{"action":"token_revoked","actor_id":"6817b433-fce4-4c3e-9e3f-02510fced788","actor_username":"macharetelucas@gmail.com","actor_via_sso":false,"log_type":"token"}', '2025-11-19 17:59:13.857636+00', ''),
	('00000000-0000-0000-0000-000000000000', '5e1c34b7-976f-4f0c-bffd-20fdf8959932', '{"action":"token_refreshed","actor_id":"6817b433-fce4-4c3e-9e3f-02510fced788","actor_username":"macharetelucas@gmail.com","actor_via_sso":false,"log_type":"token"}', '2025-11-19 18:22:33.813203+00', ''),
	('00000000-0000-0000-0000-000000000000', '1a277402-5674-4e78-bd8a-4c429a77fa66', '{"action":"token_revoked","actor_id":"6817b433-fce4-4c3e-9e3f-02510fced788","actor_username":"macharetelucas@gmail.com","actor_via_sso":false,"log_type":"token"}', '2025-11-19 18:22:33.824398+00', ''),
	('00000000-0000-0000-0000-000000000000', '90f6aa5d-add4-448e-a19a-9ea6c469a278', '{"action":"token_refreshed","actor_id":"51b85870-5538-4336-bcc6-1bfd7fd3699a","actor_username":"biancajp476@gmail.com","actor_via_sso":false,"log_type":"token"}', '2025-11-21 20:29:26.339785+00', ''),
	('00000000-0000-0000-0000-000000000000', 'ce2542c2-4f20-41ad-b923-8c185ebf694b', '{"action":"token_revoked","actor_id":"51b85870-5538-4336-bcc6-1bfd7fd3699a","actor_username":"biancajp476@gmail.com","actor_via_sso":false,"log_type":"token"}', '2025-11-21 20:29:26.369267+00', ''),
	('00000000-0000-0000-0000-000000000000', '7284aca7-67a7-4ec8-ba5f-6a2af22d8a38', '{"action":"token_refreshed","actor_id":"6817b433-fce4-4c3e-9e3f-02510fced788","actor_username":"macharetelucas@gmail.com","actor_via_sso":false,"log_type":"token"}', '2025-11-22 19:27:15.054916+00', ''),
	('00000000-0000-0000-0000-000000000000', 'd65a0432-647e-4e35-ae8b-6d09c25c5450', '{"action":"token_revoked","actor_id":"6817b433-fce4-4c3e-9e3f-02510fced788","actor_username":"macharetelucas@gmail.com","actor_via_sso":false,"log_type":"token"}', '2025-11-22 19:27:15.076919+00', ''),
	('00000000-0000-0000-0000-000000000000', 'f9382348-8c6c-4b39-94f1-79e70e265ea5', '{"action":"token_refreshed","actor_id":"6817b433-fce4-4c3e-9e3f-02510fced788","actor_username":"macharetelucas@gmail.com","actor_via_sso":false,"log_type":"token"}', '2025-11-23 01:50:45.680542+00', ''),
	('00000000-0000-0000-0000-000000000000', '6b3df24b-7610-484a-a033-5f175975eade', '{"action":"token_revoked","actor_id":"6817b433-fce4-4c3e-9e3f-02510fced788","actor_username":"macharetelucas@gmail.com","actor_via_sso":false,"log_type":"token"}', '2025-11-23 01:50:45.711563+00', ''),
	('00000000-0000-0000-0000-000000000000', '587c515a-5518-400c-965a-426e052c0d61', '{"action":"token_refreshed","actor_id":"6817b433-fce4-4c3e-9e3f-02510fced788","actor_username":"macharetelucas@gmail.com","actor_via_sso":false,"log_type":"token"}', '2025-11-23 02:48:52.433777+00', ''),
	('00000000-0000-0000-0000-000000000000', 'a06367e0-65cf-415e-b365-298869dbcb43', '{"action":"token_revoked","actor_id":"6817b433-fce4-4c3e-9e3f-02510fced788","actor_username":"macharetelucas@gmail.com","actor_via_sso":false,"log_type":"token"}', '2025-11-23 02:48:52.450665+00', ''),
	('00000000-0000-0000-0000-000000000000', 'e9b9464f-a513-450b-8ab1-5ad649eaa359', '{"action":"token_refreshed","actor_id":"6817b433-fce4-4c3e-9e3f-02510fced788","actor_username":"macharetelucas@gmail.com","actor_via_sso":false,"log_type":"token"}', '2025-11-23 12:21:43.768522+00', ''),
	('00000000-0000-0000-0000-000000000000', '63f4bfd2-8727-4e06-8fa1-c4b22e30ad6c', '{"action":"token_revoked","actor_id":"6817b433-fce4-4c3e-9e3f-02510fced788","actor_username":"macharetelucas@gmail.com","actor_via_sso":false,"log_type":"token"}', '2025-11-23 12:21:43.798145+00', ''),
	('00000000-0000-0000-0000-000000000000', 'cbc11d0f-3e42-4c34-9db1-59592063d426', '{"action":"token_refreshed","actor_id":"51b85870-5538-4336-bcc6-1bfd7fd3699a","actor_username":"biancajp476@gmail.com","actor_via_sso":false,"log_type":"token"}', '2025-11-23 14:27:55.244962+00', ''),
	('00000000-0000-0000-0000-000000000000', 'cb469d1b-cc1b-44cd-8fbc-f3faf2f77f79', '{"action":"token_revoked","actor_id":"51b85870-5538-4336-bcc6-1bfd7fd3699a","actor_username":"biancajp476@gmail.com","actor_via_sso":false,"log_type":"token"}', '2025-11-23 14:27:55.267933+00', ''),
	('00000000-0000-0000-0000-000000000000', 'cfddf14e-fc4a-4b84-b587-a21dfce3ff9d', '{"action":"login","actor_id":"607a75ff-2be2-4eb7-a6b9-98e1479f9c9c","actor_username":"macharete.dev@gmail.com","actor_via_sso":false,"log_type":"account","traits":{"provider":"email"}}', '2025-11-24 14:11:42.822679+00', ''),
	('00000000-0000-0000-0000-000000000000', 'b47b12b4-36a3-4d84-972e-e14fa9ab28dd', '{"action":"token_refreshed","actor_id":"607a75ff-2be2-4eb7-a6b9-98e1479f9c9c","actor_username":"macharete.dev@gmail.com","actor_via_sso":false,"log_type":"token"}', '2025-11-24 14:12:41.384689+00', ''),
	('00000000-0000-0000-0000-000000000000', '2c0c3c53-bf2d-46eb-845c-b1213f3277eb', '{"action":"token_revoked","actor_id":"607a75ff-2be2-4eb7-a6b9-98e1479f9c9c","actor_username":"macharete.dev@gmail.com","actor_via_sso":false,"log_type":"token"}', '2025-11-24 14:12:41.386856+00', ''),
	('00000000-0000-0000-0000-000000000000', 'bdc1566b-bb8a-440d-8ffe-3b14062096fc', '{"action":"login","actor_id":"6817b433-fce4-4c3e-9e3f-02510fced788","actor_username":"macharetelucas@gmail.com","actor_via_sso":false,"log_type":"account","traits":{"provider":"email"}}', '2025-11-24 14:13:11.051811+00', ''),
	('00000000-0000-0000-0000-000000000000', 'c75705bf-ffad-460b-a7e4-4cfa7104158f', '{"action":"login","actor_id":"6817b433-fce4-4c3e-9e3f-02510fced788","actor_username":"macharetelucas@gmail.com","actor_via_sso":false,"log_type":"account","traits":{"provider":"email"}}', '2025-11-24 16:29:41.459291+00', ''),
	('00000000-0000-0000-0000-000000000000', '7d4a3014-ef43-4731-b12e-3bbbf4586c02', '{"action":"token_refreshed","actor_id":"6817b433-fce4-4c3e-9e3f-02510fced788","actor_username":"macharetelucas@gmail.com","actor_via_sso":false,"log_type":"token"}', '2025-11-24 23:38:48.039853+00', ''),
	('00000000-0000-0000-0000-000000000000', 'f70b0971-89b1-4867-8a20-69789d827a68', '{"action":"token_revoked","actor_id":"6817b433-fce4-4c3e-9e3f-02510fced788","actor_username":"macharetelucas@gmail.com","actor_via_sso":false,"log_type":"token"}', '2025-11-24 23:38:48.073882+00', ''),
	('00000000-0000-0000-0000-000000000000', 'e423afaf-3090-44ed-b66d-afcfab83330c', '{"action":"token_refreshed","actor_id":"14e50495-d87f-475e-847b-927b1bd872ba","actor_username":"henriquew2004@gmail.com","actor_via_sso":false,"log_type":"token"}', '2025-11-24 23:42:39.199545+00', ''),
	('00000000-0000-0000-0000-000000000000', '49b0cc77-3c3e-45dc-a1d0-94f7b5da9c1f', '{"action":"token_revoked","actor_id":"14e50495-d87f-475e-847b-927b1bd872ba","actor_username":"henriquew2004@gmail.com","actor_via_sso":false,"log_type":"token"}', '2025-11-24 23:42:39.211933+00', ''),
	('00000000-0000-0000-0000-000000000000', 'ffb2e241-fb2e-4274-b647-0fb0c1b82dac', '{"action":"token_refreshed","actor_id":"6817b433-fce4-4c3e-9e3f-02510fced788","actor_username":"macharetelucas@gmail.com","actor_via_sso":false,"log_type":"token"}', '2025-11-24 23:46:33.185204+00', ''),
	('00000000-0000-0000-0000-000000000000', '89ee1256-bfa7-48d8-996c-0ad471cec8be', '{"action":"token_revoked","actor_id":"6817b433-fce4-4c3e-9e3f-02510fced788","actor_username":"macharetelucas@gmail.com","actor_via_sso":false,"log_type":"token"}', '2025-11-24 23:46:33.186338+00', ''),
	('00000000-0000-0000-0000-000000000000', '40227745-058f-4d82-9395-68f8c02b84e2', '{"action":"token_refreshed","actor_id":"6817b433-fce4-4c3e-9e3f-02510fced788","actor_username":"macharetelucas@gmail.com","actor_via_sso":false,"log_type":"token"}', '2025-11-24 23:46:41.600952+00', ''),
	('00000000-0000-0000-0000-000000000000', '8e995d4b-fe96-46d1-8a62-540a23acb909', '{"action":"token_revoked","actor_id":"6817b433-fce4-4c3e-9e3f-02510fced788","actor_username":"macharetelucas@gmail.com","actor_via_sso":false,"log_type":"token"}', '2025-11-24 23:46:41.602214+00', ''),
	('00000000-0000-0000-0000-000000000000', 'e657c30f-0d33-4654-afea-69798a6ffa49', '{"action":"user_repeated_signup","actor_id":"8fef92eb-a787-4d4e-beb5-b57e8bb8654c","actor_username":"os.henriquewilliam@gmail.com","actor_via_sso":false,"log_type":"user","traits":{"provider":"email"}}', '2025-11-24 23:48:19.170948+00', ''),
	('00000000-0000-0000-0000-000000000000', 'f955e2f9-7842-44d1-9bce-34e7adeb7a59', '{"action":"user_repeated_signup","actor_id":"14e50495-d87f-475e-847b-927b1bd872ba","actor_username":"henriquew2004@gmail.com","actor_via_sso":false,"log_type":"user","traits":{"provider":"email"}}', '2025-11-24 23:48:50.509565+00', ''),
	('00000000-0000-0000-0000-000000000000', 'bdce59d3-5c0d-4051-9b4f-eb0ead25e33d', '{"action":"user_confirmation_requested","actor_id":"0631d9c6-b915-47d9-9279-ee522ce74cf4","actor_username":"rickwill1303@gmail.com","actor_via_sso":false,"log_type":"user","traits":{"provider":"email"}}', '2025-11-24 23:48:58.953784+00', ''),
	('00000000-0000-0000-0000-000000000000', '8638bb48-82bc-44ad-95dd-2edde8e9baa4', '{"action":"user_repeated_signup","actor_id":"8fef92eb-a787-4d4e-beb5-b57e8bb8654c","actor_username":"os.henriquewilliam@gmail.com","actor_via_sso":false,"log_type":"user","traits":{"provider":"email"}}', '2025-11-24 23:49:39.087463+00', ''),
	('00000000-0000-0000-0000-000000000000', '2e027c92-b936-4bec-8d72-5da76ef5312a', '{"action":"user_repeated_signup","actor_id":"8fef92eb-a787-4d4e-beb5-b57e8bb8654c","actor_username":"os.henriquewilliam@gmail.com","actor_via_sso":false,"log_type":"user","traits":{"provider":"email"}}', '2025-11-24 23:55:35.259159+00', ''),
	('00000000-0000-0000-0000-000000000000', '609f935b-bb4b-4181-984e-b8e8f83fd51b', '{"action":"user_repeated_signup","actor_id":"14e50495-d87f-475e-847b-927b1bd872ba","actor_username":"henriquew2004@gmail.com","actor_via_sso":false,"log_type":"user","traits":{"provider":"email"}}', '2025-11-24 23:55:55.461259+00', ''),
	('00000000-0000-0000-0000-000000000000', '375079be-10c3-4e74-8a0f-f9dfaa13647b', '{"action":"user_deleted","actor_id":"00000000-0000-0000-0000-000000000000","actor_username":"service_role","actor_via_sso":false,"log_type":"team","traits":{"user_email":"innovaideia2023@gmail.com","user_id":"f5290013-1d50-41dd-b4d2-3c1b7dbbd501","user_phone":""}}', '2025-11-24 23:57:25.418267+00', ''),
	('00000000-0000-0000-0000-000000000000', '4635429a-3607-46f0-8f1b-b1f2dc270b0e', '{"action":"user_deleted","actor_id":"00000000-0000-0000-0000-000000000000","actor_username":"service_role","actor_via_sso":false,"log_type":"team","traits":{"user_email":"thiago@gmail.com","user_id":"8521d724-fe3f-42b8-834a-545c625550b8","user_phone":""}}', '2025-11-24 23:57:25.534288+00', ''),
	('00000000-0000-0000-0000-000000000000', 'f9130a75-fbd0-4b5d-8c11-ea592f6d4a69', '{"action":"user_deleted","actor_id":"00000000-0000-0000-0000-000000000000","actor_username":"service_role","actor_via_sso":false,"log_type":"team","traits":{"user_email":"adonaiconfeccoes2@gmail.com","user_id":"f66d043f-3c6f-45ab-a305-b429e6bb511a","user_phone":""}}', '2025-11-24 23:57:25.554064+00', ''),
	('00000000-0000-0000-0000-000000000000', 'a47e5d38-9415-420c-bdb9-845e92087d70', '{"action":"user_deleted","actor_id":"00000000-0000-0000-0000-000000000000","actor_username":"service_role","actor_via_sso":false,"log_type":"team","traits":{"user_email":"navio.bot@gmail.com","user_id":"c0186740-6422-41dd-92af-ef67babcea80","user_phone":""}}', '2025-11-24 23:57:25.563025+00', ''),
	('00000000-0000-0000-0000-000000000000', '64d5f89c-d7f4-4c05-b390-4599ca897516', '{"action":"user_deleted","actor_id":"00000000-0000-0000-0000-000000000000","actor_username":"service_role","actor_via_sso":false,"log_type":"team","traits":{"user_email":"navio.bote@gmail.com","user_id":"d209a2d3-a25e-4115-b9e2-092804dfc1b1","user_phone":""}}', '2025-11-24 23:57:25.575297+00', ''),
	('00000000-0000-0000-0000-000000000000', '2d8de8b9-aab1-455d-a6f7-cbdcdeba9c70', '{"action":"user_deleted","actor_id":"00000000-0000-0000-0000-000000000000","actor_username":"service_role","actor_via_sso":false,"log_type":"team","traits":{"user_email":"os.henriquewilliam@gmail.com","user_id":"8fef92eb-a787-4d4e-beb5-b57e8bb8654c","user_phone":""}}', '2025-11-24 23:57:25.582257+00', ''),
	('00000000-0000-0000-0000-000000000000', 'c1799c9c-6cfc-44cb-aa57-219cdd13ff39', '{"action":"user_deleted","actor_id":"00000000-0000-0000-0000-000000000000","actor_username":"service_role","actor_via_sso":false,"log_type":"team","traits":{"user_email":"almerindapsicanalista@gmail.com","user_id":"cb196aa4-d17f-4e41-adb6-8a20a5b5b5a5","user_phone":""}}', '2025-11-24 23:57:25.585484+00', ''),
	('00000000-0000-0000-0000-000000000000', '56ee0a92-3d3d-4574-9d50-75d4737e3916', '{"action":"user_deleted","actor_id":"00000000-0000-0000-0000-000000000000","actor_username":"service_role","actor_via_sso":false,"log_type":"team","traits":{"user_email":"pedrobrasil.som@gmail.com","user_id":"0eb5eb70-0705-42d0-8657-e058bee9b8bf","user_phone":""}}', '2025-11-24 23:57:25.595635+00', ''),
	('00000000-0000-0000-0000-000000000000', '7078ed10-d33d-47a8-a256-4c3d53314220', '{"action":"user_deleted","actor_id":"00000000-0000-0000-0000-000000000000","actor_username":"service_role","actor_via_sso":false,"log_type":"team","traits":{"user_email":"ra197286@ucdb.br","user_id":"ddb3b7eb-905e-4737-b105-9920c12168b1","user_phone":""}}', '2025-11-24 23:57:25.599787+00', ''),
	('00000000-0000-0000-0000-000000000000', 'b441baf1-3410-45d9-b30f-98e696e90694', '{"action":"user_deleted","actor_id":"00000000-0000-0000-0000-000000000000","actor_username":"service_role","actor_via_sso":false,"log_type":"team","traits":{"user_email":"jefeferff@gmail.com","user_id":"8ab8bea5-4465-4986-b3d7-d1fd8979c63e","user_phone":""}}', '2025-11-24 23:57:25.607779+00', ''),
	('00000000-0000-0000-0000-000000000000', '9261cd35-7cb8-4005-87c7-2f653d174b48', '{"action":"user_deleted","actor_id":"00000000-0000-0000-0000-000000000000","actor_username":"service_role","actor_via_sso":false,"log_type":"team","traits":{"user_email":"henriquew2004@gmail.com","user_id":"14e50495-d87f-475e-847b-927b1bd872ba","user_phone":""}}', '2025-11-24 23:57:25.609333+00', ''),
	('00000000-0000-0000-0000-000000000000', '75bb26a7-5d15-4fe6-977c-3e19995b87bc', '{"action":"user_deleted","actor_id":"00000000-0000-0000-0000-000000000000","actor_username":"service_role","actor_via_sso":false,"log_type":"team","traits":{"user_email":"diegoalencar.jacober@gmail.com","user_id":"48e50daa-eeb3-43d8-a04d-e579c4e6006e","user_phone":""}}', '2025-11-24 23:57:25.636879+00', ''),
	('00000000-0000-0000-0000-000000000000', '04aa38a4-2ee6-41cc-80b2-1c2daad5bdba', '{"action":"user_deleted","actor_id":"00000000-0000-0000-0000-000000000000","actor_username":"service_role","actor_via_sso":false,"log_type":"team","traits":{"user_email":"thiagoalves.f97@gmail.com","user_id":"136b602c-1874-464d-9d9c-bfe845d3439d","user_phone":""}}', '2025-11-24 23:57:25.643381+00', ''),
	('00000000-0000-0000-0000-000000000000', '0b199ca2-94dc-40fb-ada9-78a98b6ee609', '{"action":"user_deleted","actor_id":"00000000-0000-0000-0000-000000000000","actor_username":"service_role","actor_via_sso":false,"log_type":"team","traits":{"user_email":"maiconwillisystem@gmail.com","user_id":"d847a394-a765-4690-82df-ee32ef8c46cc","user_phone":""}}', '2025-11-24 23:57:25.649555+00', ''),
	('00000000-0000-0000-0000-000000000000', '95fdde2b-7ad2-4125-8586-9d3eefc18e33', '{"action":"user_deleted","actor_id":"00000000-0000-0000-0000-000000000000","actor_username":"service_role","actor_via_sso":false,"log_type":"team","traits":{"user_email":"rafaelmacharete00@gmail.com","user_id":"a77ffbae-6d09-42e1-be0f-6e236daa3056","user_phone":""}}', '2025-11-24 23:57:25.650586+00', ''),
	('00000000-0000-0000-0000-000000000000', 'e7d81b8d-e685-4006-a8b1-8d0d9150ff1c', '{"action":"user_deleted","actor_id":"00000000-0000-0000-0000-000000000000","actor_username":"service_role","actor_via_sso":false,"log_type":"team","traits":{"user_email":"thiagomvk08@gmail.com","user_id":"9e1f3750-4651-4e6d-a390-ef523443f7d9","user_phone":""}}', '2025-11-24 23:57:25.662589+00', ''),
	('00000000-0000-0000-0000-000000000000', '9b9d5845-f737-4ffb-a760-f41f65e78a84', '{"action":"user_deleted","actor_id":"00000000-0000-0000-0000-000000000000","actor_username":"service_role","actor_via_sso":false,"log_type":"team","traits":{"user_email":"rickwill1303@gmail.com","user_id":"0631d9c6-b915-47d9-9279-ee522ce74cf4","user_phone":""}}', '2025-11-24 23:57:25.695539+00', ''),
	('00000000-0000-0000-0000-000000000000', '824d66b5-0cc2-410e-9242-8c57d7228c3d', '{"action":"user_confirmation_requested","actor_id":"05ad8387-7603-4d9c-8b83-d11da6fcb46f","actor_username":"henriquew2004@gmail.com","actor_via_sso":false,"log_type":"user","traits":{"provider":"email"}}', '2025-11-24 23:57:50.040375+00', ''),
	('00000000-0000-0000-0000-000000000000', '64292c19-8202-4458-955a-04c1d42bd959', '{"action":"user_signedup","actor_id":"05ad8387-7603-4d9c-8b83-d11da6fcb46f","actor_username":"henriquew2004@gmail.com","actor_via_sso":false,"log_type":"team","traits":{"provider":"email"}}', '2025-11-24 23:58:30.956018+00', ''),
	('00000000-0000-0000-0000-000000000000', 'e8258d68-65d6-4d7d-b10c-186ebccd3e49', '{"action":"login","actor_id":"05ad8387-7603-4d9c-8b83-d11da6fcb46f","actor_username":"henriquew2004@gmail.com","actor_via_sso":false,"log_type":"account","traits":{"provider":"email"}}', '2025-11-24 23:58:45.095634+00', ''),
	('00000000-0000-0000-0000-000000000000', '6cdfabb8-ada6-405a-938a-940a855f183c', '{"action":"login","actor_id":"05ad8387-7603-4d9c-8b83-d11da6fcb46f","actor_username":"henriquew2004@gmail.com","actor_via_sso":false,"log_type":"account","traits":{"provider":"email"}}', '2025-11-24 23:59:26.105772+00', ''),
	('00000000-0000-0000-0000-000000000000', '815b7d2c-c03d-466d-8942-0942e41b1704', '{"action":"login","actor_id":"05ad8387-7603-4d9c-8b83-d11da6fcb46f","actor_username":"henriquew2004@gmail.com","actor_via_sso":false,"log_type":"account","traits":{"provider":"email"}}', '2025-11-25 00:00:14.145607+00', ''),
	('00000000-0000-0000-0000-000000000000', 'a4b8e1a6-3937-4b01-86fa-2f6b5b71c404', '{"action":"user_repeated_signup","actor_id":"05ad8387-7603-4d9c-8b83-d11da6fcb46f","actor_username":"henriquew2004@gmail.com","actor_via_sso":false,"log_type":"user","traits":{"provider":"email"}}', '2025-11-25 00:03:38.849037+00', ''),
	('00000000-0000-0000-0000-000000000000', '6920ac92-6509-4aed-b011-625c0368ebdd', '{"action":"user_deleted","actor_id":"00000000-0000-0000-0000-000000000000","actor_username":"service_role","actor_via_sso":false,"log_type":"team","traits":{"user_email":"henriquew2004@gmail.com","user_id":"05ad8387-7603-4d9c-8b83-d11da6fcb46f","user_phone":""}}', '2025-11-25 00:03:55.781344+00', ''),
	('00000000-0000-0000-0000-000000000000', '784f7ba4-74f7-4d0f-9b18-a5b77f6b273b', '{"action":"user_confirmation_requested","actor_id":"1198b209-b2f1-469e-b070-d79a2c85de36","actor_username":"henriquew2004@gmail.com","actor_via_sso":false,"log_type":"user","traits":{"provider":"email"}}', '2025-11-25 00:04:01.180731+00', ''),
	('00000000-0000-0000-0000-000000000000', 'd3a58294-a631-47bf-919b-4b7116fe0788', '{"action":"user_signedup","actor_id":"1198b209-b2f1-469e-b070-d79a2c85de36","actor_username":"henriquew2004@gmail.com","actor_via_sso":false,"log_type":"team","traits":{"provider":"email"}}', '2025-11-25 00:04:18.747621+00', ''),
	('00000000-0000-0000-0000-000000000000', 'adfd2ab0-bc05-4ff6-8c56-80380773db2e', '{"action":"logout","actor_id":"6817b433-fce4-4c3e-9e3f-02510fced788","actor_username":"macharetelucas@gmail.com","actor_via_sso":false,"log_type":"account"}', '2025-11-25 00:04:41.777479+00', ''),
	('00000000-0000-0000-0000-000000000000', '53ce943a-755e-4cae-a40e-75a6eadf9834', '{"action":"user_confirmation_requested","actor_id":"d702beae-eebe-4776-807e-78f8f9064f82","actor_username":"teste@teste.com","actor_via_sso":false,"log_type":"user","traits":{"provider":"email"}}', '2025-11-25 00:04:53.435982+00', ''),
	('00000000-0000-0000-0000-000000000000', 'c4d41586-9d22-446e-951d-894194152422', '{"action":"user_confirmation_requested","actor_id":"2c2874e1-e7d9-404f-98fd-07fb605c6513","actor_username":"os.henriquewilliam@gmail.com","actor_via_sso":false,"log_type":"user","traits":{"provider":"email"}}', '2025-11-25 00:06:11.50919+00', ''),
	('00000000-0000-0000-0000-000000000000', 'b72e36c1-a5e6-44c3-a775-f3beba8772a5', '{"action":"user_signedup","actor_id":"2c2874e1-e7d9-404f-98fd-07fb605c6513","actor_username":"os.henriquewilliam@gmail.com","actor_via_sso":false,"log_type":"team","traits":{"provider":"email"}}', '2025-11-25 00:06:21.071309+00', ''),
	('00000000-0000-0000-0000-000000000000', 'ac0e0f41-3a41-4291-8afb-4d02b94a25d1', '{"action":"login","actor_id":"2c2874e1-e7d9-404f-98fd-07fb605c6513","actor_username":"os.henriquewilliam@gmail.com","actor_via_sso":false,"log_type":"account","traits":{"provider":"email"}}', '2025-11-25 00:06:27.202045+00', ''),
	('00000000-0000-0000-0000-000000000000', 'f6935b98-592e-4991-9b16-d4a5124792c2', '{"action":"user_deleted","actor_id":"00000000-0000-0000-0000-000000000000","actor_username":"service_role","actor_via_sso":false,"log_type":"team","traits":{"user_email":"henriquew2004@gmail.com","user_id":"1198b209-b2f1-469e-b070-d79a2c85de36","user_phone":""}}', '2025-11-25 00:07:20.245172+00', ''),
	('00000000-0000-0000-0000-000000000000', 'a5df245c-3e7d-42e5-8bab-61ea625f0dda', '{"action":"user_repeated_signup","actor_id":"2c2874e1-e7d9-404f-98fd-07fb605c6513","actor_username":"os.henriquewilliam@gmail.com","actor_via_sso":false,"log_type":"user","traits":{"provider":"email"}}', '2025-11-25 00:20:46.630126+00', ''),
	('00000000-0000-0000-0000-000000000000', 'bd521e95-bfaf-4cf5-b8ca-07edb40508fe', '{"action":"login","actor_id":"2c2874e1-e7d9-404f-98fd-07fb605c6513","actor_username":"os.henriquewilliam@gmail.com","actor_via_sso":false,"log_type":"account","traits":{"provider":"email"}}', '2025-11-25 00:20:53.459349+00', ''),
	('00000000-0000-0000-0000-000000000000', '259a1ebb-836f-479c-8856-7bc4836d76c3', '{"action":"user_deleted","actor_id":"00000000-0000-0000-0000-000000000000","actor_username":"service_role","actor_via_sso":false,"log_type":"team","traits":{"user_email":"os.henriquewilliam@gmail.com","user_id":"2c2874e1-e7d9-404f-98fd-07fb605c6513","user_phone":""}}', '2025-11-25 00:21:20.941493+00', ''),
	('00000000-0000-0000-0000-000000000000', '6b63982f-1bfb-4665-b330-1b89e5ded94e', '{"action":"user_confirmation_requested","actor_id":"052c24c5-c4cf-4393-8acd-108a2a894853","actor_username":"os.henriquewilliam@gmail.com","actor_via_sso":false,"log_type":"user","traits":{"provider":"email"}}', '2025-11-25 00:22:07.493455+00', ''),
	('00000000-0000-0000-0000-000000000000', 'd421ea29-3319-4d49-92db-27ad6ef9b968', '{"action":"user_signedup","actor_id":"052c24c5-c4cf-4393-8acd-108a2a894853","actor_username":"os.henriquewilliam@gmail.com","actor_via_sso":false,"log_type":"team","traits":{"provider":"email"}}', '2025-11-25 00:22:27.15555+00', ''),
	('00000000-0000-0000-0000-000000000000', '56a7589c-05dc-4364-86bf-90836ac8948f', '{"action":"login","actor_id":"052c24c5-c4cf-4393-8acd-108a2a894853","actor_username":"os.henriquewilliam@gmail.com","actor_via_sso":false,"log_type":"account","traits":{"provider":"email"}}', '2025-11-25 00:22:45.000861+00', ''),
	('00000000-0000-0000-0000-000000000000', '87f37699-0d90-4ff8-ba97-1e16ebf11a91', '{"action":"login","actor_id":"052c24c5-c4cf-4393-8acd-108a2a894853","actor_username":"os.henriquewilliam@gmail.com","actor_via_sso":false,"log_type":"account","traits":{"provider":"email"}}', '2025-11-25 00:33:39.852261+00', ''),
	('00000000-0000-0000-0000-000000000000', '81342280-3b15-429e-8e69-e651c336bb7a', '{"action":"user_recovery_requested","actor_id":"607a75ff-2be2-4eb7-a6b9-98e1479f9c9c","actor_username":"macharete.dev@gmail.com","actor_via_sso":false,"log_type":"user"}', '2025-11-25 00:59:58.488281+00', ''),
	('00000000-0000-0000-0000-000000000000', 'dcc90197-ac63-4550-a472-7bcdcf9ed6bb', '{"action":"login","actor_id":"052c24c5-c4cf-4393-8acd-108a2a894853","actor_username":"os.henriquewilliam@gmail.com","actor_via_sso":false,"log_type":"account","traits":{"provider":"email"}}', '2025-11-25 01:00:19.744839+00', ''),
	('00000000-0000-0000-0000-000000000000', 'afa77592-af54-4bee-9d8b-02e15d146e98', '{"action":"user_recovery_requested","actor_id":"607a75ff-2be2-4eb7-a6b9-98e1479f9c9c","actor_username":"macharete.dev@gmail.com","actor_via_sso":false,"log_type":"user"}', '2025-11-25 01:02:18.552418+00', ''),
	('00000000-0000-0000-0000-000000000000', '62a2487a-f40b-4016-99bf-9b3c22c720ac', '{"action":"login","actor_id":"607a75ff-2be2-4eb7-a6b9-98e1479f9c9c","actor_username":"macharete.dev@gmail.com","actor_via_sso":false,"log_type":"account","traits":{"provider":"email"}}', '2025-11-25 01:03:26.732294+00', ''),
	('00000000-0000-0000-0000-000000000000', '2269678f-e5f5-45f7-94c3-c8534e826e9a', '{"action":"user_recovery_requested","actor_id":"607a75ff-2be2-4eb7-a6b9-98e1479f9c9c","actor_username":"macharete.dev@gmail.com","actor_via_sso":false,"log_type":"user"}', '2025-11-25 01:03:51.709159+00', ''),
	('00000000-0000-0000-0000-000000000000', '479b2e9b-1bf9-48b9-9d10-1db0483c123c', '{"action":"token_refreshed","actor_id":"052c24c5-c4cf-4393-8acd-108a2a894853","actor_username":"os.henriquewilliam@gmail.com","actor_via_sso":false,"log_type":"token"}', '2025-11-25 01:32:15.273426+00', ''),
	('00000000-0000-0000-0000-000000000000', '8d9bd4b4-d0b0-4847-92ea-a3e2cc54c3f2', '{"action":"token_revoked","actor_id":"052c24c5-c4cf-4393-8acd-108a2a894853","actor_username":"os.henriquewilliam@gmail.com","actor_via_sso":false,"log_type":"token"}', '2025-11-25 01:32:15.286146+00', ''),
	('00000000-0000-0000-0000-000000000000', '9aa66c08-79a2-49ce-be54-c7f82a0de116', '{"action":"login","actor_id":"607a75ff-2be2-4eb7-a6b9-98e1479f9c9c","actor_username":"macharete.dev@gmail.com","actor_via_sso":false,"log_type":"account","traits":{"provider":"email"}}', '2025-11-25 10:33:48.48441+00', ''),
	('00000000-0000-0000-0000-000000000000', '9b8efe08-bd66-4735-ab38-462adc52e355', '{"action":"token_refreshed","actor_id":"052c24c5-c4cf-4393-8acd-108a2a894853","actor_username":"os.henriquewilliam@gmail.com","actor_via_sso":false,"log_type":"token"}', '2025-11-25 13:16:48.437088+00', ''),
	('00000000-0000-0000-0000-000000000000', 'de9448f6-d182-474f-be7b-693f6e80ac49', '{"action":"token_revoked","actor_id":"052c24c5-c4cf-4393-8acd-108a2a894853","actor_username":"os.henriquewilliam@gmail.com","actor_via_sso":false,"log_type":"token"}', '2025-11-25 13:16:48.468401+00', ''),
	('00000000-0000-0000-0000-000000000000', '739be7b8-644c-4e3a-96c2-1cd0855cd144', '{"action":"token_refreshed","actor_id":"51b85870-5538-4336-bcc6-1bfd7fd3699a","actor_username":"biancajp476@gmail.com","actor_via_sso":false,"log_type":"token"}', '2025-11-25 17:51:59.355547+00', ''),
	('00000000-0000-0000-0000-000000000000', 'fc4c8c14-86ce-4a2a-8209-4558424f5ae3', '{"action":"token_revoked","actor_id":"51b85870-5538-4336-bcc6-1bfd7fd3699a","actor_username":"biancajp476@gmail.com","actor_via_sso":false,"log_type":"token"}', '2025-11-25 17:51:59.387524+00', ''),
	('00000000-0000-0000-0000-000000000000', 'c8a72c75-6618-4f50-9401-bf88cb4aae02', '{"action":"token_refreshed","actor_id":"052c24c5-c4cf-4393-8acd-108a2a894853","actor_username":"os.henriquewilliam@gmail.com","actor_via_sso":false,"log_type":"token"}', '2025-11-26 00:04:49.549542+00', ''),
	('00000000-0000-0000-0000-000000000000', '344ef13c-e652-440d-82d1-82d8445f2da7', '{"action":"token_revoked","actor_id":"052c24c5-c4cf-4393-8acd-108a2a894853","actor_username":"os.henriquewilliam@gmail.com","actor_via_sso":false,"log_type":"token"}', '2025-11-26 00:04:49.582539+00', ''),
	('00000000-0000-0000-0000-000000000000', '87f309aa-719e-4944-9193-3609d042b218', '{"action":"token_refreshed","actor_id":"51b85870-5538-4336-bcc6-1bfd7fd3699a","actor_username":"biancajp476@gmail.com","actor_via_sso":false,"log_type":"token"}', '2025-11-26 12:59:16.866192+00', ''),
	('00000000-0000-0000-0000-000000000000', 'fd409f93-cbfc-4961-8b43-c273b66cbd52', '{"action":"token_revoked","actor_id":"51b85870-5538-4336-bcc6-1bfd7fd3699a","actor_username":"biancajp476@gmail.com","actor_via_sso":false,"log_type":"token"}', '2025-11-26 12:59:16.894076+00', ''),
	('00000000-0000-0000-0000-000000000000', '88a66b01-30ad-44cb-934c-4da5e2f6b3d0', '{"action":"login","actor_id":"607a75ff-2be2-4eb7-a6b9-98e1479f9c9c","actor_username":"macharete.dev@gmail.com","actor_via_sso":false,"log_type":"account","traits":{"provider":"email"}}', '2025-11-27 16:12:44.772723+00', ''),
	('00000000-0000-0000-0000-000000000000', 'ca3cbba1-a30b-4098-bd99-ad354a83c1e6', '{"action":"user_recovery_requested","actor_id":"607a75ff-2be2-4eb7-a6b9-98e1479f9c9c","actor_username":"macharete.dev@gmail.com","actor_via_sso":false,"log_type":"user"}', '2025-11-27 16:13:05.930953+00', ''),
	('00000000-0000-0000-0000-000000000000', 'f7743246-62d1-49e6-b693-ee4da828ea6a', '{"action":"user_recovery_requested","actor_id":"607a75ff-2be2-4eb7-a6b9-98e1479f9c9c","actor_username":"macharete.dev@gmail.com","actor_via_sso":false,"log_type":"user"}', '2025-11-27 16:14:47.888024+00', ''),
	('00000000-0000-0000-0000-000000000000', 'a3a3a894-c9ac-4d44-9439-10bb4e52323a', '{"action":"user_confirmation_requested","actor_id":"b752a2de-da2f-4ae8-a4b0-dc81d36d2cdb","actor_username":"lucas.macharete@br.bosch.com","actor_via_sso":false,"log_type":"user","traits":{"provider":"email"}}', '2025-11-27 16:19:35.546174+00', ''),
	('00000000-0000-0000-0000-000000000000', 'e84898ba-45e0-4260-8418-b71e9dc1e9e6', '{"action":"user_signedup","actor_id":"b752a2de-da2f-4ae8-a4b0-dc81d36d2cdb","actor_username":"lucas.macharete@br.bosch.com","actor_via_sso":false,"log_type":"team","traits":{"provider":"email"}}', '2025-11-27 16:20:01.340652+00', ''),
	('00000000-0000-0000-0000-000000000000', 'a65488ff-af4b-4c5a-b3b4-3773601b890d', '{"action":"user_recovery_requested","actor_id":"b752a2de-da2f-4ae8-a4b0-dc81d36d2cdb","actor_username":"lucas.macharete@br.bosch.com","actor_via_sso":false,"log_type":"user"}', '2025-11-27 16:20:32.792284+00', ''),
	('00000000-0000-0000-0000-000000000000', '2a74eeaf-7610-4a5f-b209-8c5a66a727d1', '{"action":"login","actor_id":"b752a2de-da2f-4ae8-a4b0-dc81d36d2cdb","actor_username":"lucas.macharete@br.bosch.com","actor_via_sso":false,"log_type":"account"}', '2025-11-27 16:20:49.169915+00', ''),
	('00000000-0000-0000-0000-000000000000', '0d65cc8c-72a3-4001-9d17-dc73e31954f7', '{"action":"token_refreshed","actor_id":"607a75ff-2be2-4eb7-a6b9-98e1479f9c9c","actor_username":"macharete.dev@gmail.com","actor_via_sso":false,"log_type":"token"}', '2025-11-27 16:28:40.698388+00', ''),
	('00000000-0000-0000-0000-000000000000', '4660e410-9638-4092-a609-196a32ab7968', '{"action":"token_revoked","actor_id":"607a75ff-2be2-4eb7-a6b9-98e1479f9c9c","actor_username":"macharete.dev@gmail.com","actor_via_sso":false,"log_type":"token"}', '2025-11-27 16:28:40.704283+00', ''),
	('00000000-0000-0000-0000-000000000000', '48cb31a7-4833-48b2-962c-eef77cc91082', '{"action":"user_recovery_requested","actor_id":"b752a2de-da2f-4ae8-a4b0-dc81d36d2cdb","actor_username":"lucas.macharete@br.bosch.com","actor_via_sso":false,"log_type":"user"}', '2025-11-27 16:28:57.905418+00', ''),
	('00000000-0000-0000-0000-000000000000', 'a2c2e2e7-e760-43e9-8a88-8eb5435e8301', '{"action":"login","actor_id":"b752a2de-da2f-4ae8-a4b0-dc81d36d2cdb","actor_username":"lucas.macharete@br.bosch.com","actor_via_sso":false,"log_type":"account"}', '2025-11-27 16:29:13.485538+00', ''),
	('00000000-0000-0000-0000-000000000000', '28fe8693-2416-40f3-9505-a81c31128dcc', '{"action":"user_recovery_requested","actor_id":"b752a2de-da2f-4ae8-a4b0-dc81d36d2cdb","actor_username":"lucas.macharete@br.bosch.com","actor_via_sso":false,"log_type":"user"}', '2025-11-27 16:39:43.374397+00', ''),
	('00000000-0000-0000-0000-000000000000', 'b5b127e8-7890-46ea-8802-5d9f44908d32', '{"action":"login","actor_id":"b752a2de-da2f-4ae8-a4b0-dc81d36d2cdb","actor_username":"lucas.macharete@br.bosch.com","actor_via_sso":false,"log_type":"account"}', '2025-11-27 16:39:57.252097+00', ''),
	('00000000-0000-0000-0000-000000000000', '864c401c-bb0a-43d1-bebd-a3f3b9358f13', '{"action":"user_recovery_requested","actor_id":"b752a2de-da2f-4ae8-a4b0-dc81d36d2cdb","actor_username":"lucas.macharete@br.bosch.com","actor_via_sso":false,"log_type":"user"}', '2025-11-27 16:41:40.112724+00', ''),
	('00000000-0000-0000-0000-000000000000', '9ec77add-2a60-40ca-ba77-b92ded2940dd', '{"action":"login","actor_id":"b752a2de-da2f-4ae8-a4b0-dc81d36d2cdb","actor_username":"lucas.macharete@br.bosch.com","actor_via_sso":false,"log_type":"account"}', '2025-11-27 16:41:55.054872+00', ''),
	('00000000-0000-0000-0000-000000000000', '97774479-51ad-4cb5-a7a5-27043c6b0c7a', '{"action":"user_recovery_requested","actor_id":"607a75ff-2be2-4eb7-a6b9-98e1479f9c9c","actor_username":"macharete.dev@gmail.com","actor_via_sso":false,"log_type":"user"}', '2025-11-27 17:02:51.762339+00', ''),
	('00000000-0000-0000-0000-000000000000', '7a0c77b5-30b1-4cea-9199-51f5ae0ce6b0', '{"action":"user_recovery_requested","actor_id":"b752a2de-da2f-4ae8-a4b0-dc81d36d2cdb","actor_username":"lucas.macharete@br.bosch.com","actor_via_sso":false,"log_type":"user"}', '2025-11-27 17:03:51.050844+00', ''),
	('00000000-0000-0000-0000-000000000000', '6048ac31-483a-41c9-a1c1-043a5cd4337e', '{"action":"login","actor_id":"b752a2de-da2f-4ae8-a4b0-dc81d36d2cdb","actor_username":"lucas.macharete@br.bosch.com","actor_via_sso":false,"log_type":"account"}', '2025-11-27 17:04:05.696335+00', ''),
	('00000000-0000-0000-0000-000000000000', 'a9964328-2cf4-40a2-a96f-55bd834a8687', '{"action":"user_recovery_requested","actor_id":"b752a2de-da2f-4ae8-a4b0-dc81d36d2cdb","actor_username":"lucas.macharete@br.bosch.com","actor_via_sso":false,"log_type":"user"}', '2025-11-27 17:06:44.609768+00', ''),
	('00000000-0000-0000-0000-000000000000', '4c1e3390-a14c-4084-9b68-a9edbaea9cca', '{"action":"login","actor_id":"b752a2de-da2f-4ae8-a4b0-dc81d36d2cdb","actor_username":"lucas.macharete@br.bosch.com","actor_via_sso":false,"log_type":"account"}', '2025-11-27 17:06:56.948374+00', ''),
	('00000000-0000-0000-0000-000000000000', '03502e95-9cef-4e4a-8ea4-7480c1d41014', '{"action":"login","actor_id":"607a75ff-2be2-4eb7-a6b9-98e1479f9c9c","actor_username":"macharete.dev@gmail.com","actor_via_sso":false,"log_type":"account"}', '2025-11-27 17:11:11.121817+00', ''),
	('00000000-0000-0000-0000-000000000000', '369fef27-392d-4845-bc44-4ae5c9d34f94', '{"action":"user_recovery_requested","actor_id":"607a75ff-2be2-4eb7-a6b9-98e1479f9c9c","actor_username":"macharete.dev@gmail.com","actor_via_sso":false,"log_type":"user"}', '2025-11-27 17:21:18.976401+00', ''),
	('00000000-0000-0000-0000-000000000000', '95b8be5c-804c-4cad-a65c-062216011f2e', '{"action":"login","actor_id":"607a75ff-2be2-4eb7-a6b9-98e1479f9c9c","actor_username":"macharete.dev@gmail.com","actor_via_sso":false,"log_type":"account"}', '2025-11-27 17:21:45.837082+00', ''),
	('00000000-0000-0000-0000-000000000000', 'f707658f-a8f9-4b1b-a8dd-eeb88d1f2603', '{"action":"token_refreshed","actor_id":"607a75ff-2be2-4eb7-a6b9-98e1479f9c9c","actor_username":"macharete.dev@gmail.com","actor_via_sso":false,"log_type":"token"}', '2025-11-27 17:27:44.454388+00', ''),
	('00000000-0000-0000-0000-000000000000', '18f54459-759f-49b5-be34-e7794a0329e3', '{"action":"token_revoked","actor_id":"607a75ff-2be2-4eb7-a6b9-98e1479f9c9c","actor_username":"macharete.dev@gmail.com","actor_via_sso":false,"log_type":"token"}', '2025-11-27 17:27:44.456512+00', ''),
	('00000000-0000-0000-0000-000000000000', 'a16dbd5b-6604-44ee-9b0e-f367e75020b7', '{"action":"user_recovery_requested","actor_id":"607a75ff-2be2-4eb7-a6b9-98e1479f9c9c","actor_username":"macharete.dev@gmail.com","actor_via_sso":false,"log_type":"user"}', '2025-11-27 17:29:28.617213+00', ''),
	('00000000-0000-0000-0000-000000000000', '65fa4672-70d3-4eb4-a20f-ba1446e0e595', '{"action":"login","actor_id":"607a75ff-2be2-4eb7-a6b9-98e1479f9c9c","actor_username":"macharete.dev@gmail.com","actor_via_sso":false,"log_type":"account"}', '2025-11-27 17:29:39.897589+00', ''),
	('00000000-0000-0000-0000-000000000000', 'bc4b3335-f7fd-4575-807d-9ca05cc06ecb', '{"action":"user_recovery_requested","actor_id":"b752a2de-da2f-4ae8-a4b0-dc81d36d2cdb","actor_username":"lucas.macharete@br.bosch.com","actor_via_sso":false,"log_type":"user"}', '2025-11-27 17:48:43.062087+00', ''),
	('00000000-0000-0000-0000-000000000000', '2fda07ca-1529-4360-8a1b-b7f828c8a4b1', '{"action":"login","actor_id":"b752a2de-da2f-4ae8-a4b0-dc81d36d2cdb","actor_username":"lucas.macharete@br.bosch.com","actor_via_sso":false,"log_type":"account"}', '2025-11-27 17:48:58.752832+00', ''),
	('00000000-0000-0000-0000-000000000000', 'b1a27ec4-6697-4c03-9747-f45f7613fef2', '{"action":"token_refreshed","actor_id":"607a75ff-2be2-4eb7-a6b9-98e1479f9c9c","actor_username":"macharete.dev@gmail.com","actor_via_sso":false,"log_type":"token"}', '2025-11-27 17:51:53.706205+00', ''),
	('00000000-0000-0000-0000-000000000000', '74b9267b-425d-4b89-9f25-c844ae03f2d7', '{"action":"token_revoked","actor_id":"607a75ff-2be2-4eb7-a6b9-98e1479f9c9c","actor_username":"macharete.dev@gmail.com","actor_via_sso":false,"log_type":"token"}', '2025-11-27 17:51:53.707469+00', ''),
	('00000000-0000-0000-0000-000000000000', 'b5e53354-847c-40a2-8275-7cddd56889a7', '{"action":"user_recovery_requested","actor_id":"b752a2de-da2f-4ae8-a4b0-dc81d36d2cdb","actor_username":"lucas.macharete@br.bosch.com","actor_via_sso":false,"log_type":"user"}', '2025-11-27 17:52:51.586075+00', ''),
	('00000000-0000-0000-0000-000000000000', '4366cb7b-8d31-42ed-98a0-65c75d19a690', '{"action":"login","actor_id":"b752a2de-da2f-4ae8-a4b0-dc81d36d2cdb","actor_username":"lucas.macharete@br.bosch.com","actor_via_sso":false,"log_type":"account"}', '2025-11-27 17:53:07.884975+00', ''),
	('00000000-0000-0000-0000-000000000000', 'd83c8b77-de25-4316-b834-4c7720469d6d', '{"action":"user_recovery_requested","actor_id":"607a75ff-2be2-4eb7-a6b9-98e1479f9c9c","actor_username":"macharete.dev@gmail.com","actor_via_sso":false,"log_type":"user"}', '2025-11-27 18:02:10.984665+00', ''),
	('00000000-0000-0000-0000-000000000000', '921bb697-0aea-4d3e-9526-fe7ccf64c583', '{"action":"login","actor_id":"607a75ff-2be2-4eb7-a6b9-98e1479f9c9c","actor_username":"macharete.dev@gmail.com","actor_via_sso":false,"log_type":"account"}', '2025-11-27 18:03:11.594751+00', ''),
	('00000000-0000-0000-0000-000000000000', '627034ff-c0f5-4b7e-9150-7efab79c4656', '{"action":"user_recovery_requested","actor_id":"b752a2de-da2f-4ae8-a4b0-dc81d36d2cdb","actor_username":"lucas.macharete@br.bosch.com","actor_via_sso":false,"log_type":"user"}', '2025-11-27 18:05:35.589061+00', ''),
	('00000000-0000-0000-0000-000000000000', '39170e31-de22-4e95-a101-1223ffdec84c', '{"action":"login","actor_id":"b752a2de-da2f-4ae8-a4b0-dc81d36d2cdb","actor_username":"lucas.macharete@br.bosch.com","actor_via_sso":false,"log_type":"account"}', '2025-11-27 18:05:52.934851+00', ''),
	('00000000-0000-0000-0000-000000000000', 'b58c686f-d80a-43b1-8a1b-5737014a95c6', '{"action":"logout","actor_id":"b752a2de-da2f-4ae8-a4b0-dc81d36d2cdb","actor_username":"lucas.macharete@br.bosch.com","actor_via_sso":false,"log_type":"account"}', '2025-11-27 18:07:18.807899+00', ''),
	('00000000-0000-0000-0000-000000000000', '125fb9b7-23c0-4cc5-a8e4-188494534dd6', '{"action":"login","actor_id":"607a75ff-2be2-4eb7-a6b9-98e1479f9c9c","actor_username":"macharete.dev@gmail.com","actor_via_sso":false,"log_type":"account","traits":{"provider":"email"}}', '2025-11-27 18:47:11.189919+00', ''),
	('00000000-0000-0000-0000-000000000000', '4c2611b8-2b71-4f92-bf45-507262883ace', '{"action":"login","actor_id":"6817b433-fce4-4c3e-9e3f-02510fced788","actor_username":"macharetelucas@gmail.com","actor_via_sso":false,"log_type":"account","traits":{"provider":"email"}}', '2025-11-27 18:47:53.891132+00', ''),
	('00000000-0000-0000-0000-000000000000', '45572832-2694-4a4a-81f3-80bf4aadd167', '{"action":"login","actor_id":"6817b433-fce4-4c3e-9e3f-02510fced788","actor_username":"macharetelucas@gmail.com","actor_via_sso":false,"log_type":"account","traits":{"provider":"email"}}', '2025-11-27 18:48:26.895641+00', ''),
	('00000000-0000-0000-0000-000000000000', '2223acef-4160-4218-9101-af87a91ba3a1', '{"action":"login","actor_id":"6817b433-fce4-4c3e-9e3f-02510fced788","actor_username":"macharetelucas@gmail.com","actor_via_sso":false,"log_type":"account","traits":{"provider":"email"}}', '2025-11-27 18:48:57.624372+00', ''),
	('00000000-0000-0000-0000-000000000000', '299635fe-1ded-40c6-bd10-1dc0120107ea', '{"action":"login","actor_id":"6817b433-fce4-4c3e-9e3f-02510fced788","actor_username":"macharetelucas@gmail.com","actor_via_sso":false,"log_type":"account","traits":{"provider":"email"}}', '2025-11-27 18:50:52.360246+00', ''),
	('00000000-0000-0000-0000-000000000000', '371f6b3f-c136-4546-b2ff-6cc0d9ddcbd4', '{"action":"login","actor_id":"6817b433-fce4-4c3e-9e3f-02510fced788","actor_username":"macharetelucas@gmail.com","actor_via_sso":false,"log_type":"account","traits":{"provider":"email"}}', '2025-11-27 18:51:16.138831+00', ''),
	('00000000-0000-0000-0000-000000000000', 'bdb8729b-1b98-4c9e-affb-ec5061649b17', '{"action":"login","actor_id":"6817b433-fce4-4c3e-9e3f-02510fced788","actor_username":"macharetelucas@gmail.com","actor_via_sso":false,"log_type":"account","traits":{"provider":"email"}}', '2025-11-27 18:51:36.552231+00', ''),
	('00000000-0000-0000-0000-000000000000', '0a44f507-22be-41f4-9c7e-1dd8d66e3350', '{"action":"login","actor_id":"6817b433-fce4-4c3e-9e3f-02510fced788","actor_username":"macharetelucas@gmail.com","actor_via_sso":false,"log_type":"account","traits":{"provider":"email"}}', '2025-11-27 18:52:12.170449+00', ''),
	('00000000-0000-0000-0000-000000000000', '60deaecd-05ac-4634-8cf3-209532492a9e', '{"action":"login","actor_id":"6817b433-fce4-4c3e-9e3f-02510fced788","actor_username":"macharetelucas@gmail.com","actor_via_sso":false,"log_type":"account","traits":{"provider":"email"}}', '2025-11-27 18:54:21.552455+00', ''),
	('00000000-0000-0000-0000-000000000000', '604d6682-eb5e-4fc0-a52f-60c7a0f532d8', '{"action":"login","actor_id":"607a75ff-2be2-4eb7-a6b9-98e1479f9c9c","actor_username":"macharete.dev@gmail.com","actor_via_sso":false,"log_type":"account","traits":{"provider":"email"}}', '2025-11-27 19:18:49.114782+00', ''),
	('00000000-0000-0000-0000-000000000000', '75cab59d-60da-4d7f-8d60-7cd026f0eb9c', '{"action":"login","actor_id":"6817b433-fce4-4c3e-9e3f-02510fced788","actor_username":"macharetelucas@gmail.com","actor_via_sso":false,"log_type":"account","traits":{"provider":"email"}}', '2025-11-27 19:18:58.112593+00', ''),
	('00000000-0000-0000-0000-000000000000', 'f327f1be-cbc0-493e-8810-e43877f40429', '{"action":"token_refreshed","actor_id":"6817b433-fce4-4c3e-9e3f-02510fced788","actor_username":"macharetelucas@gmail.com","actor_via_sso":false,"log_type":"token"}', '2025-11-27 21:36:52.424126+00', ''),
	('00000000-0000-0000-0000-000000000000', '4e94d668-703e-42d2-bec2-1cbfd5eb56d5', '{"action":"token_revoked","actor_id":"6817b433-fce4-4c3e-9e3f-02510fced788","actor_username":"macharetelucas@gmail.com","actor_via_sso":false,"log_type":"token"}', '2025-11-27 21:36:52.451327+00', ''),
	('00000000-0000-0000-0000-000000000000', '7b5b53de-cf15-449f-9c7a-4c3f95efc63b', '{"action":"token_refreshed","actor_id":"6817b433-fce4-4c3e-9e3f-02510fced788","actor_username":"macharetelucas@gmail.com","actor_via_sso":false,"log_type":"token"}', '2025-11-27 22:37:25.580949+00', ''),
	('00000000-0000-0000-0000-000000000000', 'a812594f-a2a5-47a8-a4f5-b1e17817fea3', '{"action":"token_revoked","actor_id":"6817b433-fce4-4c3e-9e3f-02510fced788","actor_username":"macharetelucas@gmail.com","actor_via_sso":false,"log_type":"token"}', '2025-11-27 22:37:25.595637+00', ''),
	('00000000-0000-0000-0000-000000000000', 'f5718ab6-909a-40db-8219-e70f572a8129', '{"action":"login","actor_id":"607a75ff-2be2-4eb7-a6b9-98e1479f9c9c","actor_username":"macharete.dev@gmail.com","actor_via_sso":false,"log_type":"account","traits":{"provider":"email"}}', '2025-11-27 22:55:36.376095+00', ''),
	('00000000-0000-0000-0000-000000000000', '9916e4ab-09e2-4b73-8fab-2cf0b1bb4eb9', '{"action":"token_refreshed","actor_id":"6817b433-fce4-4c3e-9e3f-02510fced788","actor_username":"macharetelucas@gmail.com","actor_via_sso":false,"log_type":"token"}', '2025-11-28 00:17:09.68568+00', ''),
	('00000000-0000-0000-0000-000000000000', '3711e96e-e8a7-40f3-a239-419400c7448f', '{"action":"token_revoked","actor_id":"6817b433-fce4-4c3e-9e3f-02510fced788","actor_username":"macharetelucas@gmail.com","actor_via_sso":false,"log_type":"token"}', '2025-11-28 00:17:09.709288+00', ''),
	('00000000-0000-0000-0000-000000000000', '11b49e26-3493-43c3-a24e-a7361b94b2fb', '{"action":"user_deleted","actor_id":"00000000-0000-0000-0000-000000000000","actor_username":"service_role","actor_via_sso":false,"log_type":"team","traits":{"user_email":"teste@teste.com","user_id":"d702beae-eebe-4776-807e-78f8f9064f82","user_phone":""}}', '2025-11-28 00:26:47.343414+00', ''),
	('00000000-0000-0000-0000-000000000000', '7de095cc-07c6-4e36-9591-2588c1042c16', '{"action":"logout","actor_id":"6817b433-fce4-4c3e-9e3f-02510fced788","actor_username":"macharetelucas@gmail.com","actor_via_sso":false,"log_type":"account"}', '2025-11-28 21:21:09.674398+00', ''),
	('00000000-0000-0000-0000-000000000000', '14dfef94-7fcd-467c-9fe1-e0137df7d82f', '{"action":"login","actor_id":"6817b433-fce4-4c3e-9e3f-02510fced788","actor_username":"macharetelucas@gmail.com","actor_via_sso":false,"log_type":"account","traits":{"provider":"email"}}', '2025-11-28 00:30:15.666079+00', ''),
	('00000000-0000-0000-0000-000000000000', 'b3e3b040-4865-4202-9c17-4b23ea9a1ee9', '{"action":"logout","actor_id":"6817b433-fce4-4c3e-9e3f-02510fced788","actor_username":"macharetelucas@gmail.com","actor_via_sso":false,"log_type":"account"}', '2025-11-28 00:30:26.917833+00', ''),
	('00000000-0000-0000-0000-000000000000', 'ee5d91de-7f26-44cd-b669-0e21b5fa4c27', '{"action":"login","actor_id":"607a75ff-2be2-4eb7-a6b9-98e1479f9c9c","actor_username":"macharete.dev@gmail.com","actor_via_sso":false,"log_type":"account","traits":{"provider":"email"}}', '2025-11-28 00:30:34.412944+00', ''),
	('00000000-0000-0000-0000-000000000000', '9352e76b-357e-4456-8f69-6865e2974a01', '{"action":"login","actor_id":"6817b433-fce4-4c3e-9e3f-02510fced788","actor_username":"macharetelucas@gmail.com","actor_via_sso":false,"log_type":"account","traits":{"provider":"email"}}', '2025-11-28 00:31:07.804219+00', ''),
	('00000000-0000-0000-0000-000000000000', '58ebd34e-75b5-4757-b59c-9d5f67e8c07c', '{"action":"token_refreshed","actor_id":"6817b433-fce4-4c3e-9e3f-02510fced788","actor_username":"macharetelucas@gmail.com","actor_via_sso":false,"log_type":"token"}', '2025-11-28 01:29:39.25443+00', ''),
	('00000000-0000-0000-0000-000000000000', '7340da5b-cc39-439e-9bbb-adcd9321808c', '{"action":"token_revoked","actor_id":"6817b433-fce4-4c3e-9e3f-02510fced788","actor_username":"macharetelucas@gmail.com","actor_via_sso":false,"log_type":"token"}', '2025-11-28 01:29:39.27238+00', ''),
	('00000000-0000-0000-0000-000000000000', '85047c6b-973a-46bf-a705-94eab9fac9db', '{"action":"token_refreshed","actor_id":"6817b433-fce4-4c3e-9e3f-02510fced788","actor_username":"macharetelucas@gmail.com","actor_via_sso":false,"log_type":"token"}', '2025-11-28 01:29:39.423122+00', ''),
	('00000000-0000-0000-0000-000000000000', '899e790c-9692-437d-a145-66f8bfacb27f', '{"action":"login","actor_id":"51b85870-5538-4336-bcc6-1bfd7fd3699a","actor_username":"biancajp476@gmail.com","actor_via_sso":false,"log_type":"account","traits":{"provider":"email"}}', '2025-11-28 02:31:58.526362+00', ''),
	('00000000-0000-0000-0000-000000000000', 'c15b147c-0d10-41b9-b904-6566eaf9f1af', '{"action":"login","actor_id":"51b85870-5538-4336-bcc6-1bfd7fd3699a","actor_username":"biancajp476@gmail.com","actor_via_sso":false,"log_type":"account","traits":{"provider":"email"}}', '2025-11-28 02:32:00.454612+00', ''),
	('00000000-0000-0000-0000-000000000000', 'b9ec2585-94c7-4712-8979-f08a12e09bad', '{"action":"token_refreshed","actor_id":"6817b433-fce4-4c3e-9e3f-02510fced788","actor_username":"macharetelucas@gmail.com","actor_via_sso":false,"log_type":"token"}', '2025-11-28 02:32:52.787832+00', ''),
	('00000000-0000-0000-0000-000000000000', 'b1a2f4f6-a7e2-4cab-8b49-b3474f9dbd2a', '{"action":"token_revoked","actor_id":"6817b433-fce4-4c3e-9e3f-02510fced788","actor_username":"macharetelucas@gmail.com","actor_via_sso":false,"log_type":"token"}', '2025-11-28 02:32:52.790871+00', ''),
	('00000000-0000-0000-0000-000000000000', 'b795f9da-7dc1-4c8c-a854-944decc653cb', '{"action":"token_refreshed","actor_id":"607a75ff-2be2-4eb7-a6b9-98e1479f9c9c","actor_username":"macharete.dev@gmail.com","actor_via_sso":false,"log_type":"token"}', '2025-11-28 03:15:08.854376+00', ''),
	('00000000-0000-0000-0000-000000000000', 'cea61916-8613-4683-b7c8-a945329353a4', '{"action":"token_revoked","actor_id":"607a75ff-2be2-4eb7-a6b9-98e1479f9c9c","actor_username":"macharete.dev@gmail.com","actor_via_sso":false,"log_type":"token"}', '2025-11-28 03:15:08.867687+00', ''),
	('00000000-0000-0000-0000-000000000000', '2290b903-1eda-46fe-8a6b-143e780e2a73', '{"action":"login","actor_id":"51b85870-5538-4336-bcc6-1bfd7fd3699a","actor_username":"biancajp476@gmail.com","actor_via_sso":false,"log_type":"account","traits":{"provider":"email"}}', '2025-11-28 14:31:47.758543+00', ''),
	('00000000-0000-0000-0000-000000000000', '8d780b5f-addd-4ec7-9f6d-8a813b377fb8', '{"action":"user_confirmation_requested","actor_id":"5d81756e-dc4f-4236-adb7-c28a53b63198","actor_username":"gabrieldaichi01@gmail.com","actor_via_sso":false,"log_type":"user","traits":{"provider":"email"}}', '2025-11-28 16:50:47.042008+00', ''),
	('00000000-0000-0000-0000-000000000000', '55f03181-352e-46db-9622-fb6e1cb47e48', '{"action":"user_signedup","actor_id":"5d81756e-dc4f-4236-adb7-c28a53b63198","actor_username":"gabrieldaichi01@gmail.com","actor_via_sso":false,"log_type":"team","traits":{"provider":"email"}}', '2025-11-28 16:51:22.386754+00', ''),
	('00000000-0000-0000-0000-000000000000', 'b2bbd594-f66e-4b00-8e6e-4161fedd5ebb', '{"action":"login","actor_id":"5d81756e-dc4f-4236-adb7-c28a53b63198","actor_username":"gabrieldaichi01@gmail.com","actor_via_sso":false,"log_type":"account","traits":{"provider_type":"email"}}', '2025-11-28 16:51:22.842138+00', ''),
	('00000000-0000-0000-0000-000000000000', '7df3fa4b-fe1b-47fb-9ad8-ba595811aa4e', '{"action":"login","actor_id":"5d81756e-dc4f-4236-adb7-c28a53b63198","actor_username":"gabrieldaichi01@gmail.com","actor_via_sso":false,"log_type":"account","traits":{"provider":"email"}}', '2025-11-28 16:51:31.219859+00', ''),
	('00000000-0000-0000-0000-000000000000', '39850003-147c-4093-a19e-cb66cb4be135', '{"action":"token_refreshed","actor_id":"5d81756e-dc4f-4236-adb7-c28a53b63198","actor_username":"gabrieldaichi01@gmail.com","actor_via_sso":false,"log_type":"token"}', '2025-11-28 18:02:41.395027+00', ''),
	('00000000-0000-0000-0000-000000000000', 'b1072525-cc90-4c76-af80-b919f24e6aa5', '{"action":"token_revoked","actor_id":"5d81756e-dc4f-4236-adb7-c28a53b63198","actor_username":"gabrieldaichi01@gmail.com","actor_via_sso":false,"log_type":"token"}', '2025-11-28 18:02:41.420795+00', ''),
	('00000000-0000-0000-0000-000000000000', '3785c21f-f567-4007-bbe6-c13b07ca7252', '{"action":"user_confirmation_requested","actor_id":"111dda23-bd2b-49dd-8993-e495516e8b73","actor_username":"rafaelmacharete00@gmail.com","actor_via_sso":false,"log_type":"user","traits":{"provider":"email"}}', '2025-11-28 19:48:46.16352+00', ''),
	('00000000-0000-0000-0000-000000000000', 'bf40b98f-f93c-4108-a924-5c06f91e7e4a', '{"action":"user_deleted","actor_id":"00000000-0000-0000-0000-000000000000","actor_username":"service_role","actor_via_sso":false,"log_type":"team","traits":{"user_email":"lucas.macharete@br.bosch.com","user_id":"b752a2de-da2f-4ae8-a4b0-dc81d36d2cdb","user_phone":""}}', '2025-11-28 21:17:50.367238+00', ''),
	('00000000-0000-0000-0000-000000000000', 'cf7467d9-6cfb-4968-9c5e-dac43f2dd30b', '{"action":"token_refreshed","actor_id":"6817b433-fce4-4c3e-9e3f-02510fced788","actor_username":"macharetelucas@gmail.com","actor_via_sso":false,"log_type":"token"}', '2025-11-28 21:19:59.296311+00', ''),
	('00000000-0000-0000-0000-000000000000', '6d30600b-46e8-4809-8e42-d6dc106893cb', '{"action":"token_revoked","actor_id":"6817b433-fce4-4c3e-9e3f-02510fced788","actor_username":"macharetelucas@gmail.com","actor_via_sso":false,"log_type":"token"}', '2025-11-28 21:19:59.297802+00', ''),
	('00000000-0000-0000-0000-000000000000', '35a8d9a6-dc36-4dbb-a26a-a7815794907a', '{"action":"user_confirmation_requested","actor_id":"579e9c00-fe76-4825-8390-24d030373970","actor_username":"lucas.macharete@br.bosch.com","actor_via_sso":false,"log_type":"user","traits":{"provider":"email"}}', '2025-11-28 21:22:09.534119+00', ''),
	('00000000-0000-0000-0000-000000000000', '36d401d1-93a5-4125-926e-6e9f06ec8a8d', '{"action":"user_signedup","actor_id":"579e9c00-fe76-4825-8390-24d030373970","actor_username":"lucas.macharete@br.bosch.com","actor_via_sso":false,"log_type":"team","traits":{"provider":"email"}}', '2025-11-28 21:22:44.215823+00', ''),
	('00000000-0000-0000-0000-000000000000', 'feac78c6-b603-4ab6-9b58-a767e36e23b0', '{"action":"login","actor_id":"579e9c00-fe76-4825-8390-24d030373970","actor_username":"lucas.macharete@br.bosch.com","actor_via_sso":false,"log_type":"account","traits":{"provider_type":"email"}}', '2025-11-28 21:22:44.721017+00', ''),
	('00000000-0000-0000-0000-000000000000', '91849604-42d9-43b8-abc1-c3fb2b7a6c91', '{"action":"token_refreshed","actor_id":"579e9c00-fe76-4825-8390-24d030373970","actor_username":"lucas.macharete@br.bosch.com","actor_via_sso":false,"log_type":"token"}', '2025-11-28 22:23:10.681245+00', ''),
	('00000000-0000-0000-0000-000000000000', 'efc39789-a19d-4635-88e3-2d9b826dd1d3', '{"action":"token_revoked","actor_id":"579e9c00-fe76-4825-8390-24d030373970","actor_username":"lucas.macharete@br.bosch.com","actor_via_sso":false,"log_type":"token"}', '2025-11-28 22:23:10.693788+00', ''),
	('00000000-0000-0000-0000-000000000000', 'eda8b598-8c12-43a8-a6fa-07af27577032', '{"action":"token_refreshed","actor_id":"579e9c00-fe76-4825-8390-24d030373970","actor_username":"lucas.macharete@br.bosch.com","actor_via_sso":false,"log_type":"token"}', '2025-11-29 01:15:18.703117+00', ''),
	('00000000-0000-0000-0000-000000000000', '01e558be-1c53-41c4-bd27-7451c2186fd5', '{"action":"token_revoked","actor_id":"579e9c00-fe76-4825-8390-24d030373970","actor_username":"lucas.macharete@br.bosch.com","actor_via_sso":false,"log_type":"token"}', '2025-11-29 01:15:18.724499+00', ''),
	('00000000-0000-0000-0000-000000000000', '0b082a36-2326-4fae-b75e-8361ff13a8db', '{"action":"login","actor_id":"607a75ff-2be2-4eb7-a6b9-98e1479f9c9c","actor_username":"macharete.dev@gmail.com","actor_via_sso":false,"log_type":"account","traits":{"provider":"email"}}', '2025-11-29 01:21:44.019969+00', ''),
	('00000000-0000-0000-0000-000000000000', '4030cb36-1bfb-4ead-8ea3-9a52e1c7497e', '{"action":"token_refreshed","actor_id":"579e9c00-fe76-4825-8390-24d030373970","actor_username":"lucas.macharete@br.bosch.com","actor_via_sso":false,"log_type":"token"}', '2025-11-29 01:50:22.608503+00', ''),
	('00000000-0000-0000-0000-000000000000', '17aba565-d217-4ce1-9725-2206e4c92846', '{"action":"token_refreshed","actor_id":"607a75ff-2be2-4eb7-a6b9-98e1479f9c9c","actor_username":"macharete.dev@gmail.com","actor_via_sso":false,"log_type":"token"}', '2025-11-29 12:16:53.478913+00', ''),
	('00000000-0000-0000-0000-000000000000', '712ba484-22ad-4725-817c-1ebd733c89d5', '{"action":"token_revoked","actor_id":"607a75ff-2be2-4eb7-a6b9-98e1479f9c9c","actor_username":"macharete.dev@gmail.com","actor_via_sso":false,"log_type":"token"}', '2025-11-29 12:16:53.499823+00', ''),
	('00000000-0000-0000-0000-000000000000', 'aa635919-258b-4e38-8a7d-b5052f69415d', '{"action":"token_refreshed","actor_id":"579e9c00-fe76-4825-8390-24d030373970","actor_username":"lucas.macharete@br.bosch.com","actor_via_sso":false,"log_type":"token"}', '2025-11-29 12:17:03.989414+00', ''),
	('00000000-0000-0000-0000-000000000000', '15fab1dc-35b9-459e-92c4-22879d5377ee', '{"action":"token_revoked","actor_id":"579e9c00-fe76-4825-8390-24d030373970","actor_username":"lucas.macharete@br.bosch.com","actor_via_sso":false,"log_type":"token"}', '2025-11-29 12:17:03.991533+00', ''),
	('00000000-0000-0000-0000-000000000000', '6a0c8881-e7ba-40a9-b212-dcec2acf90f5', '{"action":"token_refreshed","actor_id":"579e9c00-fe76-4825-8390-24d030373970","actor_username":"lucas.macharete@br.bosch.com","actor_via_sso":false,"log_type":"token"}', '2025-11-29 13:16:03.62044+00', ''),
	('00000000-0000-0000-0000-000000000000', '047e0708-490a-4a56-9666-f01abf3c08c8', '{"action":"token_revoked","actor_id":"579e9c00-fe76-4825-8390-24d030373970","actor_username":"lucas.macharete@br.bosch.com","actor_via_sso":false,"log_type":"token"}', '2025-11-29 13:16:03.633757+00', ''),
	('00000000-0000-0000-0000-000000000000', 'a5a64a8c-e793-4a2e-9599-c904634c3351', '{"action":"token_refreshed","actor_id":"579e9c00-fe76-4825-8390-24d030373970","actor_username":"lucas.macharete@br.bosch.com","actor_via_sso":false,"log_type":"token"}', '2025-11-29 14:19:27.309723+00', ''),
	('00000000-0000-0000-0000-000000000000', '10405986-53f4-4352-8228-a89c3b9521d6', '{"action":"token_revoked","actor_id":"579e9c00-fe76-4825-8390-24d030373970","actor_username":"lucas.macharete@br.bosch.com","actor_via_sso":false,"log_type":"token"}', '2025-11-29 14:19:27.3206+00', ''),
	('00000000-0000-0000-0000-000000000000', '6624b85a-f2c6-4fff-9257-5658163e38f5', '{"action":"logout","actor_id":"579e9c00-fe76-4825-8390-24d030373970","actor_username":"lucas.macharete@br.bosch.com","actor_via_sso":false,"log_type":"account"}', '2025-11-29 14:20:32.168736+00', ''),
	('00000000-0000-0000-0000-000000000000', '2d9bfec1-b62b-4a46-8393-90ff36d686a8', '{"action":"login","actor_id":"6817b433-fce4-4c3e-9e3f-02510fced788","actor_username":"macharetelucas@gmail.com","actor_via_sso":false,"log_type":"account","traits":{"provider":"email"}}', '2025-11-29 14:20:40.986664+00', ''),
	('00000000-0000-0000-0000-000000000000', 'ccb58d28-0ce1-4c25-b55e-4b0ffe69929d', '{"action":"logout","actor_id":"6817b433-fce4-4c3e-9e3f-02510fced788","actor_username":"macharetelucas@gmail.com","actor_via_sso":false,"log_type":"account"}', '2025-11-29 14:20:44.177164+00', ''),
	('00000000-0000-0000-0000-000000000000', '3a34026c-8177-4e0d-8906-002707c49ea8', '{"action":"login","actor_id":"579e9c00-fe76-4825-8390-24d030373970","actor_username":"lucas.macharete@br.bosch.com","actor_via_sso":false,"log_type":"account","traits":{"provider":"email"}}', '2025-11-29 14:20:50.116144+00', ''),
	('00000000-0000-0000-0000-000000000000', 'fb04bed9-6b71-44e1-a60e-b0ee05e41188', '{"action":"token_refreshed","actor_id":"579e9c00-fe76-4825-8390-24d030373970","actor_username":"lucas.macharete@br.bosch.com","actor_via_sso":false,"log_type":"token"}', '2025-11-29 15:39:49.4197+00', ''),
	('00000000-0000-0000-0000-000000000000', 'd901fe93-6f93-43e3-8479-b9efa724afa9', '{"action":"token_revoked","actor_id":"579e9c00-fe76-4825-8390-24d030373970","actor_username":"lucas.macharete@br.bosch.com","actor_via_sso":false,"log_type":"token"}', '2025-11-29 15:39:49.436039+00', ''),
	('00000000-0000-0000-0000-000000000000', 'd9b13b9c-d589-4188-b459-1ba16dd40fe6', '{"action":"token_refreshed","actor_id":"607a75ff-2be2-4eb7-a6b9-98e1479f9c9c","actor_username":"macharete.dev@gmail.com","actor_via_sso":false,"log_type":"token"}', '2025-11-29 15:40:22.311768+00', ''),
	('00000000-0000-0000-0000-000000000000', '0e9b2ba0-3ccf-4e63-93a2-cb6242e530d0', '{"action":"token_revoked","actor_id":"607a75ff-2be2-4eb7-a6b9-98e1479f9c9c","actor_username":"macharete.dev@gmail.com","actor_via_sso":false,"log_type":"token"}', '2025-11-29 15:40:22.313377+00', ''),
	('00000000-0000-0000-0000-000000000000', '50301157-b8be-4e81-8868-4186bddf591e', '{"action":"token_refreshed","actor_id":"579e9c00-fe76-4825-8390-24d030373970","actor_username":"lucas.macharete@br.bosch.com","actor_via_sso":false,"log_type":"token"}', '2025-11-29 16:43:24.065241+00', ''),
	('00000000-0000-0000-0000-000000000000', '71785780-d06c-4012-8bf9-df586db74b00', '{"action":"token_revoked","actor_id":"579e9c00-fe76-4825-8390-24d030373970","actor_username":"lucas.macharete@br.bosch.com","actor_via_sso":false,"log_type":"token"}', '2025-11-29 16:43:24.085564+00', ''),
	('00000000-0000-0000-0000-000000000000', 'b6c580ae-2d3e-4de8-8c2d-10ca9462d8c9', '{"action":"token_refreshed","actor_id":"579e9c00-fe76-4825-8390-24d030373970","actor_username":"lucas.macharete@br.bosch.com","actor_via_sso":false,"log_type":"token"}', '2025-11-29 17:42:03.126696+00', ''),
	('00000000-0000-0000-0000-000000000000', '6f7f6e10-8a01-46ee-9867-acce87d227b9', '{"action":"token_revoked","actor_id":"579e9c00-fe76-4825-8390-24d030373970","actor_username":"lucas.macharete@br.bosch.com","actor_via_sso":false,"log_type":"token"}', '2025-11-29 17:42:03.142202+00', ''),
	('00000000-0000-0000-0000-000000000000', 'baf697d6-918f-40de-a3ee-6fc662019201', '{"action":"logout","actor_id":"579e9c00-fe76-4825-8390-24d030373970","actor_username":"lucas.macharete@br.bosch.com","actor_via_sso":false,"log_type":"account"}', '2025-11-29 18:04:16.584721+00', ''),
	('00000000-0000-0000-0000-000000000000', '7d30ed60-c0b2-40ac-a00b-a26712cb20d0', '{"action":"login","actor_id":"6817b433-fce4-4c3e-9e3f-02510fced788","actor_username":"macharetelucas@gmail.com","actor_via_sso":false,"log_type":"account","traits":{"provider":"email"}}', '2025-11-29 18:04:23.559966+00', ''),
	('00000000-0000-0000-0000-000000000000', '35e6654f-74e9-4261-8de8-db712d42ebc7', '{"action":"token_refreshed","actor_id":"51b85870-5538-4336-bcc6-1bfd7fd3699a","actor_username":"biancajp476@gmail.com","actor_via_sso":false,"log_type":"token"}', '2025-11-29 18:33:58.509505+00', ''),
	('00000000-0000-0000-0000-000000000000', 'bd624f03-7fc5-445b-aa6b-d502e2b2b6ae', '{"action":"token_revoked","actor_id":"51b85870-5538-4336-bcc6-1bfd7fd3699a","actor_username":"biancajp476@gmail.com","actor_via_sso":false,"log_type":"token"}', '2025-11-29 18:33:58.521738+00', ''),
	('00000000-0000-0000-0000-000000000000', '500d0fe8-a419-4dc9-aacd-78f5bbb9c886', '{"action":"token_refreshed","actor_id":"6817b433-fce4-4c3e-9e3f-02510fced788","actor_username":"macharetelucas@gmail.com","actor_via_sso":false,"log_type":"token"}', '2025-11-29 19:18:16.240365+00', ''),
	('00000000-0000-0000-0000-000000000000', 'ced4cdca-769b-46a0-b3b4-57c3d0863f69', '{"action":"token_revoked","actor_id":"6817b433-fce4-4c3e-9e3f-02510fced788","actor_username":"macharetelucas@gmail.com","actor_via_sso":false,"log_type":"token"}', '2025-11-29 19:18:16.255878+00', ''),
	('00000000-0000-0000-0000-000000000000', 'ecbfa4e3-60a6-4865-a3dc-b3e59e8efb47', '{"action":"token_refreshed","actor_id":"6817b433-fce4-4c3e-9e3f-02510fced788","actor_username":"macharetelucas@gmail.com","actor_via_sso":false,"log_type":"token"}', '2025-11-29 20:20:05.178635+00', ''),
	('00000000-0000-0000-0000-000000000000', '35d2a6a0-c085-4e6d-951f-757208df86ae', '{"action":"token_revoked","actor_id":"6817b433-fce4-4c3e-9e3f-02510fced788","actor_username":"macharetelucas@gmail.com","actor_via_sso":false,"log_type":"token"}', '2025-11-29 20:20:05.197433+00', ''),
	('00000000-0000-0000-0000-000000000000', 'e896eee1-48dc-4ddd-9f91-c9a747f749fb', '{"action":"logout","actor_id":"6817b433-fce4-4c3e-9e3f-02510fced788","actor_username":"macharetelucas@gmail.com","actor_via_sso":false,"log_type":"account"}', '2025-11-29 20:53:10.494883+00', ''),
	('00000000-0000-0000-0000-000000000000', 'dc8f5f4b-2d74-4251-a737-0f09300a57ee', '{"action":"login","actor_id":"579e9c00-fe76-4825-8390-24d030373970","actor_username":"lucas.macharete@br.bosch.com","actor_via_sso":false,"log_type":"account","traits":{"provider":"email"}}', '2025-11-29 20:53:19.266229+00', ''),
	('00000000-0000-0000-0000-000000000000', '9878a683-d662-4f17-898f-a984efd87c33', '{"action":"token_refreshed","actor_id":"579e9c00-fe76-4825-8390-24d030373970","actor_username":"lucas.macharete@br.bosch.com","actor_via_sso":false,"log_type":"token"}', '2025-11-29 22:17:03.39151+00', ''),
	('00000000-0000-0000-0000-000000000000', 'd9e525b2-768b-4671-8d33-5be2a54ed169', '{"action":"token_revoked","actor_id":"579e9c00-fe76-4825-8390-24d030373970","actor_username":"lucas.macharete@br.bosch.com","actor_via_sso":false,"log_type":"token"}', '2025-11-29 22:17:03.414129+00', ''),
	('00000000-0000-0000-0000-000000000000', 'a87e87a5-426f-4798-a9c1-5e890a601201', '{"action":"token_refreshed","actor_id":"579e9c00-fe76-4825-8390-24d030373970","actor_username":"lucas.macharete@br.bosch.com","actor_via_sso":false,"log_type":"token"}', '2025-11-29 22:17:03.497736+00', ''),
	('00000000-0000-0000-0000-000000000000', 'ccc8eebb-ac0a-4e5b-946c-2b15852a6e65', '{"action":"token_refreshed","actor_id":"579e9c00-fe76-4825-8390-24d030373970","actor_username":"lucas.macharete@br.bosch.com","actor_via_sso":false,"log_type":"token"}', '2025-11-30 00:08:04.1873+00', ''),
	('00000000-0000-0000-0000-000000000000', '77c3b4fa-9a7d-4b6f-a3e9-db8b74238b45', '{"action":"token_revoked","actor_id":"579e9c00-fe76-4825-8390-24d030373970","actor_username":"lucas.macharete@br.bosch.com","actor_via_sso":false,"log_type":"token"}', '2025-11-30 00:08:04.205785+00', ''),
	('00000000-0000-0000-0000-000000000000', '8a91c958-6703-48f4-854a-d89ef86c0d72', '{"action":"token_refreshed","actor_id":"579e9c00-fe76-4825-8390-24d030373970","actor_username":"lucas.macharete@br.bosch.com","actor_via_sso":false,"log_type":"token"}', '2025-11-30 01:41:37.618091+00', ''),
	('00000000-0000-0000-0000-000000000000', 'e44cc958-ec5c-4c60-8511-d40b221edc16', '{"action":"token_revoked","actor_id":"579e9c00-fe76-4825-8390-24d030373970","actor_username":"lucas.macharete@br.bosch.com","actor_via_sso":false,"log_type":"token"}', '2025-11-30 01:41:37.636033+00', ''),
	('00000000-0000-0000-0000-000000000000', 'f66f39aa-f1d3-4d13-8397-06c1c019748d', '{"action":"logout","actor_id":"579e9c00-fe76-4825-8390-24d030373970","actor_username":"lucas.macharete@br.bosch.com","actor_via_sso":false,"log_type":"account"}', '2025-11-30 01:42:22.881193+00', ''),
	('00000000-0000-0000-0000-000000000000', '1068ce8c-1b62-4844-80fa-dd63c637becf', '{"action":"login","actor_id":"6817b433-fce4-4c3e-9e3f-02510fced788","actor_username":"macharetelucas@gmail.com","actor_via_sso":false,"log_type":"account","traits":{"provider":"email"}}', '2025-11-30 01:42:29.071779+00', ''),
	('00000000-0000-0000-0000-000000000000', '7f0b89a8-2455-44b2-94dd-a4246929c48f', '{"action":"logout","actor_id":"6817b433-fce4-4c3e-9e3f-02510fced788","actor_username":"macharetelucas@gmail.com","actor_via_sso":false,"log_type":"account"}', '2025-11-30 01:49:06.199901+00', ''),
	('00000000-0000-0000-0000-000000000000', 'a0b44e2b-181b-4527-9cda-30abd830f714', '{"action":"login","actor_id":"579e9c00-fe76-4825-8390-24d030373970","actor_username":"lucas.macharete@br.bosch.com","actor_via_sso":false,"log_type":"account","traits":{"provider":"email"}}', '2025-11-30 01:49:12.00708+00', ''),
	('00000000-0000-0000-0000-000000000000', '6925e7ba-89ad-4452-a53c-a78c0bdb8f13', '{"action":"logout","actor_id":"579e9c00-fe76-4825-8390-24d030373970","actor_username":"lucas.macharete@br.bosch.com","actor_via_sso":false,"log_type":"account"}', '2025-11-30 02:21:29.092256+00', ''),
	('00000000-0000-0000-0000-000000000000', 'e6dbad86-4666-4fc2-a643-9f6012de15a4', '{"action":"login","actor_id":"6817b433-fce4-4c3e-9e3f-02510fced788","actor_username":"macharetelucas@gmail.com","actor_via_sso":false,"log_type":"account","traits":{"provider":"email"}}', '2025-11-30 02:21:43.453896+00', ''),
	('00000000-0000-0000-0000-000000000000', 'c9453933-2798-460e-95aa-711cd6bf4255', '{"action":"token_refreshed","actor_id":"607a75ff-2be2-4eb7-a6b9-98e1479f9c9c","actor_username":"macharete.dev@gmail.com","actor_via_sso":false,"log_type":"token"}', '2025-11-30 02:35:05.503103+00', ''),
	('00000000-0000-0000-0000-000000000000', 'f94d9cb1-f51e-44e7-a4d2-ab0a0383bc47', '{"action":"logout","actor_id":"6817b433-fce4-4c3e-9e3f-02510fced788","actor_username":"macharetelucas@gmail.com","actor_via_sso":false,"log_type":"account"}', '2025-11-30 02:37:00.157824+00', ''),
	('00000000-0000-0000-0000-000000000000', 'b829eb73-23ef-44a7-9d88-4644b2a88e94', '{"action":"login","actor_id":"579e9c00-fe76-4825-8390-24d030373970","actor_username":"lucas.macharete@br.bosch.com","actor_via_sso":false,"log_type":"account","traits":{"provider":"email"}}', '2025-11-30 02:37:08.515512+00', ''),
	('00000000-0000-0000-0000-000000000000', 'f45da8e5-6f47-48dd-8d71-cbd7cee30164', '{"action":"token_refreshed","actor_id":"607a75ff-2be2-4eb7-a6b9-98e1479f9c9c","actor_username":"macharete.dev@gmail.com","actor_via_sso":false,"log_type":"token"}', '2025-11-30 14:14:15.468268+00', ''),
	('00000000-0000-0000-0000-000000000000', '151e3174-59b1-46d6-9f22-09cf710b1c74', '{"action":"token_refreshed","actor_id":"607a75ff-2be2-4eb7-a6b9-98e1479f9c9c","actor_username":"macharete.dev@gmail.com","actor_via_sso":false,"log_type":"token"}', '2025-11-30 14:27:01.349517+00', ''),
	('00000000-0000-0000-0000-000000000000', '2422b879-5f06-405a-99d4-f1266a16171b', '{"action":"token_refreshed","actor_id":"607a75ff-2be2-4eb7-a6b9-98e1479f9c9c","actor_username":"macharete.dev@gmail.com","actor_via_sso":false,"log_type":"token"}', '2025-11-30 14:49:32.211799+00', ''),
	('00000000-0000-0000-0000-000000000000', '4251d3f4-7071-4d98-a9d3-f746852a9e80', '{"action":"token_revoked","actor_id":"607a75ff-2be2-4eb7-a6b9-98e1479f9c9c","actor_username":"macharete.dev@gmail.com","actor_via_sso":false,"log_type":"token"}', '2025-11-30 14:49:32.223884+00', ''),
	('00000000-0000-0000-0000-000000000000', '888b78f2-c8d4-4dfc-924f-0e8edcde4188', '{"action":"token_refreshed","actor_id":"579e9c00-fe76-4825-8390-24d030373970","actor_username":"lucas.macharete@br.bosch.com","actor_via_sso":false,"log_type":"token"}', '2025-11-30 15:10:06.71257+00', ''),
	('00000000-0000-0000-0000-000000000000', 'd6cd7b05-1754-41bd-9d44-cbe01766aecc', '{"action":"token_revoked","actor_id":"579e9c00-fe76-4825-8390-24d030373970","actor_username":"lucas.macharete@br.bosch.com","actor_via_sso":false,"log_type":"token"}', '2025-11-30 15:10:06.720298+00', ''),
	('00000000-0000-0000-0000-000000000000', '7ec2010d-4c66-4960-86b8-c350b610418e', '{"action":"token_refreshed","actor_id":"579e9c00-fe76-4825-8390-24d030373970","actor_username":"lucas.macharete@br.bosch.com","actor_via_sso":false,"log_type":"token"}', '2025-11-30 15:11:07.870827+00', ''),
	('00000000-0000-0000-0000-000000000000', '0cfc867d-7389-461d-aa5d-1d066e91d1fe', '{"action":"token_refreshed","actor_id":"579e9c00-fe76-4825-8390-24d030373970","actor_username":"lucas.macharete@br.bosch.com","actor_via_sso":false,"log_type":"token"}', '2025-11-30 18:11:30.247441+00', ''),
	('00000000-0000-0000-0000-000000000000', 'dbbe0451-f9c7-4910-976f-02440206452a', '{"action":"token_revoked","actor_id":"579e9c00-fe76-4825-8390-24d030373970","actor_username":"lucas.macharete@br.bosch.com","actor_via_sso":false,"log_type":"token"}', '2025-11-30 18:11:30.263441+00', ''),
	('00000000-0000-0000-0000-000000000000', '0f051aca-d856-411a-8433-80618b3604c9', '{"action":"login","actor_id":"607a75ff-2be2-4eb7-a6b9-98e1479f9c9c","actor_username":"macharete.dev@gmail.com","actor_via_sso":false,"log_type":"account","traits":{"provider":"email"}}', '2025-11-30 18:13:48.421109+00', ''),
	('00000000-0000-0000-0000-000000000000', 'a1e4eeff-e28d-4d09-85bf-04af5b0247ab', '{"action":"login","actor_id":"607a75ff-2be2-4eb7-a6b9-98e1479f9c9c","actor_username":"macharete.dev@gmail.com","actor_via_sso":false,"log_type":"account","traits":{"provider":"email"}}', '2025-11-30 18:13:54.075004+00', ''),
	('00000000-0000-0000-0000-000000000000', 'e8534ee2-25da-4435-b45a-55df685d4be4', '{"action":"logout","actor_id":"579e9c00-fe76-4825-8390-24d030373970","actor_username":"lucas.macharete@br.bosch.com","actor_via_sso":false,"log_type":"account"}', '2025-11-30 18:28:46.887576+00', ''),
	('00000000-0000-0000-0000-000000000000', '9ec70566-728e-44b5-84e6-b7909e211f26', '{"action":"logout","actor_id":"579e9c00-fe76-4825-8390-24d030373970","actor_username":"lucas.macharete@br.bosch.com","actor_via_sso":false,"log_type":"account"}', '2025-11-30 18:28:46.885605+00', ''),
	('00000000-0000-0000-0000-000000000000', 'c15c5000-df34-4ee4-b565-e9b7c861d50b', '{"action":"login","actor_id":"6817b433-fce4-4c3e-9e3f-02510fced788","actor_username":"macharetelucas@gmail.com","actor_via_sso":false,"log_type":"account","traits":{"provider":"email"}}', '2025-11-30 18:36:42.564163+00', ''),
	('00000000-0000-0000-0000-000000000000', '701f84dd-bb35-44c8-99dd-94d40e08de11', '{"action":"login","actor_id":"6817b433-fce4-4c3e-9e3f-02510fced788","actor_username":"macharetelucas@gmail.com","actor_via_sso":false,"log_type":"account","traits":{"provider":"email"}}', '2025-11-30 18:37:17.188537+00', ''),
	('00000000-0000-0000-0000-000000000000', '6bcc6d3f-722c-473b-b281-0ef48556e916', '{"action":"logout","actor_id":"6817b433-fce4-4c3e-9e3f-02510fced788","actor_username":"macharetelucas@gmail.com","actor_via_sso":false,"log_type":"account"}', '2025-11-30 19:18:23.643642+00', ''),
	('00000000-0000-0000-0000-000000000000', '3d9b335e-9ddd-4545-b0e5-9b77586c7c13', '{"action":"login","actor_id":"579e9c00-fe76-4825-8390-24d030373970","actor_username":"lucas.macharete@br.bosch.com","actor_via_sso":false,"log_type":"account","traits":{"provider":"email"}}', '2025-11-30 19:18:32.952913+00', ''),
	('00000000-0000-0000-0000-000000000000', '889c660d-436b-4648-9785-b7bb87828265', '{"action":"token_refreshed","actor_id":"607a75ff-2be2-4eb7-a6b9-98e1479f9c9c","actor_username":"macharete.dev@gmail.com","actor_via_sso":false,"log_type":"token"}', '2025-12-01 00:15:09.20682+00', ''),
	('00000000-0000-0000-0000-000000000000', '980e7c5e-bac4-4eaf-8fdf-b4bac25ae924', '{"action":"token_revoked","actor_id":"607a75ff-2be2-4eb7-a6b9-98e1479f9c9c","actor_username":"macharete.dev@gmail.com","actor_via_sso":false,"log_type":"token"}', '2025-12-01 00:15:09.236195+00', ''),
	('00000000-0000-0000-0000-000000000000', 'f7144315-f4a0-450f-8b5a-d09954427d24', '{"action":"token_refreshed","actor_id":"579e9c00-fe76-4825-8390-24d030373970","actor_username":"lucas.macharete@br.bosch.com","actor_via_sso":false,"log_type":"token"}', '2025-12-01 00:37:10.539845+00', ''),
	('00000000-0000-0000-0000-000000000000', '4e98f63a-d8e4-42e0-8a91-93fc1bd77c95', '{"action":"token_revoked","actor_id":"579e9c00-fe76-4825-8390-24d030373970","actor_username":"lucas.macharete@br.bosch.com","actor_via_sso":false,"log_type":"token"}', '2025-12-01 00:37:10.552203+00', ''),
	('00000000-0000-0000-0000-000000000000', 'ce3fba20-8801-4114-9ce6-75fb34c431c8', '{"action":"token_refreshed","actor_id":"579e9c00-fe76-4825-8390-24d030373970","actor_username":"lucas.macharete@br.bosch.com","actor_via_sso":false,"log_type":"token"}', '2025-12-01 02:09:08.888621+00', ''),
	('00000000-0000-0000-0000-000000000000', 'c6f133a4-deea-4902-8fe7-b3bed76a486d', '{"action":"token_revoked","actor_id":"579e9c00-fe76-4825-8390-24d030373970","actor_username":"lucas.macharete@br.bosch.com","actor_via_sso":false,"log_type":"token"}', '2025-12-01 02:09:08.917056+00', ''),
	('00000000-0000-0000-0000-000000000000', 'fd995d05-0f86-479f-84a7-71b1f6c62d08', '{"action":"logout","actor_id":"579e9c00-fe76-4825-8390-24d030373970","actor_username":"lucas.macharete@br.bosch.com","actor_via_sso":false,"log_type":"account"}', '2025-12-01 02:09:56.549762+00', ''),
	('00000000-0000-0000-0000-000000000000', '83a39cc9-b7d1-4bc1-bd2c-e5dc67555790', '{"action":"login","actor_id":"6817b433-fce4-4c3e-9e3f-02510fced788","actor_username":"macharetelucas@gmail.com","actor_via_sso":false,"log_type":"account","traits":{"provider":"email"}}', '2025-12-01 02:10:01.84944+00', ''),
	('00000000-0000-0000-0000-000000000000', '2b5e6a98-6ab8-4d75-ae08-1ac2d59fe065', '{"action":"logout","actor_id":"6817b433-fce4-4c3e-9e3f-02510fced788","actor_username":"macharetelucas@gmail.com","actor_via_sso":false,"log_type":"account"}', '2025-12-01 02:14:28.51149+00', ''),
	('00000000-0000-0000-0000-000000000000', '7e879bb1-fa26-4e4b-a4d1-1fe4a149c08f', '{"action":"login","actor_id":"6817b433-fce4-4c3e-9e3f-02510fced788","actor_username":"macharetelucas@gmail.com","actor_via_sso":false,"log_type":"account","traits":{"provider":"email"}}', '2025-12-01 03:01:24.99559+00', ''),
	('00000000-0000-0000-0000-000000000000', '9577cb2d-2549-4a9b-9311-6843e38bdcbd', '{"action":"logout","actor_id":"6817b433-fce4-4c3e-9e3f-02510fced788","actor_username":"macharetelucas@gmail.com","actor_via_sso":false,"log_type":"account"}', '2025-12-01 03:01:39.204422+00', ''),
	('00000000-0000-0000-0000-000000000000', 'e2d33dfc-dbe9-4cef-a64c-7661cce94d16', '{"action":"login","actor_id":"6817b433-fce4-4c3e-9e3f-02510fced788","actor_username":"macharetelucas@gmail.com","actor_via_sso":false,"log_type":"account","traits":{"provider":"email"}}', '2025-12-01 03:33:26.972299+00', ''),
	('00000000-0000-0000-0000-000000000000', 'e97d19e3-00c2-4168-96b6-2ed59c47c91e', '{"action":"token_refreshed","actor_id":"6817b433-fce4-4c3e-9e3f-02510fced788","actor_username":"macharetelucas@gmail.com","actor_via_sso":false,"log_type":"token"}', '2025-12-01 10:50:55.022537+00', ''),
	('00000000-0000-0000-0000-000000000000', '05492452-ae77-47f8-94df-5fbfb604581a', '{"action":"token_revoked","actor_id":"6817b433-fce4-4c3e-9e3f-02510fced788","actor_username":"macharetelucas@gmail.com","actor_via_sso":false,"log_type":"token"}', '2025-12-01 10:50:55.053538+00', ''),
	('00000000-0000-0000-0000-000000000000', 'a95f9e45-8e06-4cfa-9bfc-ed5c1d880a48', '{"action":"token_refreshed","actor_id":"607a75ff-2be2-4eb7-a6b9-98e1479f9c9c","actor_username":"macharete.dev@gmail.com","actor_via_sso":false,"log_type":"token"}', '2025-12-01 11:41:21.60507+00', ''),
	('00000000-0000-0000-0000-000000000000', '18cf2931-58a7-4353-9cea-9a8a1de225eb', '{"action":"token_refreshed","actor_id":"51b85870-5538-4336-bcc6-1bfd7fd3699a","actor_username":"biancajp476@gmail.com","actor_via_sso":false,"log_type":"token"}', '2025-12-01 14:41:15.668035+00', ''),
	('00000000-0000-0000-0000-000000000000', '085ad540-350f-4068-87e4-e865f87bba2c', '{"action":"token_revoked","actor_id":"51b85870-5538-4336-bcc6-1bfd7fd3699a","actor_username":"biancajp476@gmail.com","actor_via_sso":false,"log_type":"token"}', '2025-12-01 14:41:15.699767+00', ''),
	('00000000-0000-0000-0000-000000000000', '028d26f4-0471-4792-948f-0a7482481cb2', '{"action":"token_refreshed","actor_id":"6817b433-fce4-4c3e-9e3f-02510fced788","actor_username":"macharetelucas@gmail.com","actor_via_sso":false,"log_type":"token"}', '2025-12-01 15:33:59.555451+00', ''),
	('00000000-0000-0000-0000-000000000000', 'cd08c2fa-4e7f-48f6-a6b6-e4f15a1ac73d', '{"action":"token_refreshed","actor_id":"51b85870-5538-4336-bcc6-1bfd7fd3699a","actor_username":"biancajp476@gmail.com","actor_via_sso":false,"log_type":"token"}', '2025-12-01 16:13:07.462509+00', ''),
	('00000000-0000-0000-0000-000000000000', 'da3ba460-7d38-46bd-8b44-030276ed1c4b', '{"action":"token_revoked","actor_id":"51b85870-5538-4336-bcc6-1bfd7fd3699a","actor_username":"biancajp476@gmail.com","actor_via_sso":false,"log_type":"token"}', '2025-12-01 16:13:07.488189+00', ''),
	('00000000-0000-0000-0000-000000000000', '36262b16-5aa7-4c88-bdcb-8816397d32eb', '{"action":"token_refreshed","actor_id":"6817b433-fce4-4c3e-9e3f-02510fced788","actor_username":"macharetelucas@gmail.com","actor_via_sso":false,"log_type":"token"}', '2025-12-01 16:32:32.107143+00', ''),
	('00000000-0000-0000-0000-000000000000', '62aa09c8-30ef-4746-8a9d-4d6480365a39', '{"action":"token_revoked","actor_id":"6817b433-fce4-4c3e-9e3f-02510fced788","actor_username":"macharetelucas@gmail.com","actor_via_sso":false,"log_type":"token"}', '2025-12-01 16:32:32.115241+00', ''),
	('00000000-0000-0000-0000-000000000000', '5ca021a3-0d06-4f4b-930b-ee1d39188c09', '{"action":"login","actor_id":"6817b433-fce4-4c3e-9e3f-02510fced788","actor_username":"macharetelucas@gmail.com","actor_via_sso":false,"log_type":"account","traits":{"provider":"email"}}', '2025-12-01 17:05:43.869493+00', ''),
	('00000000-0000-0000-0000-000000000000', 'e4f20d08-2586-4884-b566-f85cb05a9940', '{"action":"token_refreshed","actor_id":"6817b433-fce4-4c3e-9e3f-02510fced788","actor_username":"macharetelucas@gmail.com","actor_via_sso":false,"log_type":"token"}', '2025-12-01 17:35:27.975344+00', ''),
	('00000000-0000-0000-0000-000000000000', '825e6503-c869-43e0-9d2c-21ffcb322503', '{"action":"token_revoked","actor_id":"6817b433-fce4-4c3e-9e3f-02510fced788","actor_username":"macharetelucas@gmail.com","actor_via_sso":false,"log_type":"token"}', '2025-12-01 17:35:27.990112+00', ''),
	('00000000-0000-0000-0000-000000000000', 'ce25b29d-1abc-4612-9a09-f319613b0769', '{"action":"token_refreshed","actor_id":"607a75ff-2be2-4eb7-a6b9-98e1479f9c9c","actor_username":"macharete.dev@gmail.com","actor_via_sso":false,"log_type":"token"}', '2025-12-01 17:57:14.479576+00', ''),
	('00000000-0000-0000-0000-000000000000', '73ad806e-0953-42d4-b99c-b8741ec9b839', '{"action":"token_revoked","actor_id":"607a75ff-2be2-4eb7-a6b9-98e1479f9c9c","actor_username":"macharete.dev@gmail.com","actor_via_sso":false,"log_type":"token"}', '2025-12-01 17:57:14.494669+00', ''),
	('00000000-0000-0000-0000-000000000000', '2ae37401-3f94-41f1-aed5-f9a113b59d20', '{"action":"login","actor_id":"6817b433-fce4-4c3e-9e3f-02510fced788","actor_username":"macharetelucas@gmail.com","actor_via_sso":false,"log_type":"account","traits":{"provider":"email"}}', '2025-12-01 18:34:29.242651+00', ''),
	('00000000-0000-0000-0000-000000000000', 'e44b8ee0-ab90-4071-b36a-ecbf0fc0afd8', '{"action":"login","actor_id":"6817b433-fce4-4c3e-9e3f-02510fced788","actor_username":"macharetelucas@gmail.com","actor_via_sso":false,"log_type":"account","traits":{"provider":"email"}}', '2025-12-01 18:38:05.472802+00', ''),
	('00000000-0000-0000-0000-000000000000', 'f59418aa-262c-4009-a2fc-b209555584d7', '{"action":"login","actor_id":"6817b433-fce4-4c3e-9e3f-02510fced788","actor_username":"macharetelucas@gmail.com","actor_via_sso":false,"log_type":"account","traits":{"provider":"email"}}', '2025-12-01 18:43:33.822445+00', ''),
	('00000000-0000-0000-0000-000000000000', '77eaa5c9-5c84-47b5-b92f-65cad31ebcec', '{"action":"token_refreshed","actor_id":"6817b433-fce4-4c3e-9e3f-02510fced788","actor_username":"macharetelucas@gmail.com","actor_via_sso":false,"log_type":"token"}', '2025-12-01 19:33:38.197539+00', ''),
	('00000000-0000-0000-0000-000000000000', 'f7c4a86b-827f-4e2c-8253-e67f24282a25', '{"action":"token_revoked","actor_id":"6817b433-fce4-4c3e-9e3f-02510fced788","actor_username":"macharetelucas@gmail.com","actor_via_sso":false,"log_type":"token"}', '2025-12-01 19:33:38.218941+00', ''),
	('00000000-0000-0000-0000-000000000000', 'c329a991-4d8c-4df7-b14c-3191cf6a8d01', '{"action":"token_refreshed","actor_id":"6817b433-fce4-4c3e-9e3f-02510fced788","actor_username":"macharetelucas@gmail.com","actor_via_sso":false,"log_type":"token"}', '2025-12-01 19:43:25.796024+00', ''),
	('00000000-0000-0000-0000-000000000000', '45dbc398-815b-4d68-9c34-9c6bcbfac4c2', '{"action":"token_revoked","actor_id":"6817b433-fce4-4c3e-9e3f-02510fced788","actor_username":"macharetelucas@gmail.com","actor_via_sso":false,"log_type":"token"}', '2025-12-01 19:43:25.80687+00', ''),
	('00000000-0000-0000-0000-000000000000', '5b19f257-d160-4297-b38b-56db3608e4d7', '{"action":"token_refreshed","actor_id":"607a75ff-2be2-4eb7-a6b9-98e1479f9c9c","actor_username":"macharete.dev@gmail.com","actor_via_sso":false,"log_type":"token"}', '2025-12-01 19:53:38.571358+00', ''),
	('00000000-0000-0000-0000-000000000000', '03b434fe-3a7f-42b0-9379-09cae0a17939', '{"action":"token_revoked","actor_id":"607a75ff-2be2-4eb7-a6b9-98e1479f9c9c","actor_username":"macharete.dev@gmail.com","actor_via_sso":false,"log_type":"token"}', '2025-12-01 19:53:38.578515+00', ''),
	('00000000-0000-0000-0000-000000000000', '23c9d03f-a10b-40dc-82cc-554571c0229a', '{"action":"login","actor_id":"6817b433-fce4-4c3e-9e3f-02510fced788","actor_username":"macharetelucas@gmail.com","actor_via_sso":false,"log_type":"account","traits":{"provider":"email"}}', '2025-12-01 19:53:43.509334+00', ''),
	('00000000-0000-0000-0000-000000000000', '512827b4-c23c-4111-8915-861ade74d088', '{"action":"token_refreshed","actor_id":"6817b433-fce4-4c3e-9e3f-02510fced788","actor_username":"macharetelucas@gmail.com","actor_via_sso":false,"log_type":"token"}', '2025-12-02 12:15:38.313512+00', ''),
	('00000000-0000-0000-0000-000000000000', 'ccc266ce-fe14-49ab-85cc-8996f4a18002', '{"action":"token_revoked","actor_id":"6817b433-fce4-4c3e-9e3f-02510fced788","actor_username":"macharetelucas@gmail.com","actor_via_sso":false,"log_type":"token"}', '2025-12-02 12:15:38.343735+00', ''),
	('00000000-0000-0000-0000-000000000000', '95a4b939-b6ff-47cb-94e3-18b293c3b5b2', '{"action":"token_refreshed","actor_id":"6817b433-fce4-4c3e-9e3f-02510fced788","actor_username":"macharetelucas@gmail.com","actor_via_sso":false,"log_type":"token"}', '2025-12-02 12:15:39.250581+00', ''),
	('00000000-0000-0000-0000-000000000000', '135fb45c-1469-4978-b86a-ab2752138af8', '{"action":"token_refreshed","actor_id":"6817b433-fce4-4c3e-9e3f-02510fced788","actor_username":"macharetelucas@gmail.com","actor_via_sso":false,"log_type":"token"}', '2025-12-02 12:31:40.48866+00', ''),
	('00000000-0000-0000-0000-000000000000', 'e5d8c922-2337-4541-937d-6ce2a7e49dc7', '{"action":"token_revoked","actor_id":"6817b433-fce4-4c3e-9e3f-02510fced788","actor_username":"macharetelucas@gmail.com","actor_via_sso":false,"log_type":"token"}', '2025-12-02 12:31:40.495363+00', ''),
	('00000000-0000-0000-0000-000000000000', '23d6d807-42e5-4992-9f83-aef424e8aae0', '{"action":"token_refreshed","actor_id":"6817b433-fce4-4c3e-9e3f-02510fced788","actor_username":"macharetelucas@gmail.com","actor_via_sso":false,"log_type":"token"}', '2025-12-02 12:31:41.530438+00', ''),
	('00000000-0000-0000-0000-000000000000', '2c5f38fa-0c5d-427a-88c0-17d4558f9c0a', '{"action":"token_refreshed","actor_id":"607a75ff-2be2-4eb7-a6b9-98e1479f9c9c","actor_username":"macharete.dev@gmail.com","actor_via_sso":false,"log_type":"token"}', '2025-12-02 12:32:08.452338+00', ''),
	('00000000-0000-0000-0000-000000000000', '145a8f07-bf43-429c-9441-5c2b0abcecab', '{"action":"token_revoked","actor_id":"607a75ff-2be2-4eb7-a6b9-98e1479f9c9c","actor_username":"macharete.dev@gmail.com","actor_via_sso":false,"log_type":"token"}', '2025-12-02 12:32:08.45303+00', ''),
	('00000000-0000-0000-0000-000000000000', '2f1bf006-11a8-45ab-9506-aa5182daba25', '{"action":"token_refreshed","actor_id":"6817b433-fce4-4c3e-9e3f-02510fced788","actor_username":"macharetelucas@gmail.com","actor_via_sso":false,"log_type":"token"}', '2025-12-02 12:34:12.475309+00', ''),
	('00000000-0000-0000-0000-000000000000', 'd54e3875-9127-467e-9b6a-5756ceafd3af', '{"action":"token_revoked","actor_id":"6817b433-fce4-4c3e-9e3f-02510fced788","actor_username":"macharetelucas@gmail.com","actor_via_sso":false,"log_type":"token"}', '2025-12-02 12:34:12.483487+00', ''),
	('00000000-0000-0000-0000-000000000000', '6509c698-c353-40bd-9ceb-30e2f7032c37', '{"action":"token_refreshed","actor_id":"6817b433-fce4-4c3e-9e3f-02510fced788","actor_username":"macharetelucas@gmail.com","actor_via_sso":false,"log_type":"token"}', '2025-12-02 13:34:08.057312+00', ''),
	('00000000-0000-0000-0000-000000000000', 'dc4855c3-8314-4c0e-a6c5-1aecd7e8be38', '{"action":"token_revoked","actor_id":"6817b433-fce4-4c3e-9e3f-02510fced788","actor_username":"macharetelucas@gmail.com","actor_via_sso":false,"log_type":"token"}', '2025-12-02 13:34:08.077617+00', ''),
	('00000000-0000-0000-0000-000000000000', '33751a67-d955-45da-a18e-71743d38cb93', '{"action":"token_refreshed","actor_id":"6817b433-fce4-4c3e-9e3f-02510fced788","actor_username":"macharetelucas@gmail.com","actor_via_sso":false,"log_type":"token"}', '2025-12-02 13:53:20.394046+00', ''),
	('00000000-0000-0000-0000-000000000000', '70ed626c-e0e2-483f-88bf-9c9761fe6bf0', '{"action":"token_revoked","actor_id":"6817b433-fce4-4c3e-9e3f-02510fced788","actor_username":"macharetelucas@gmail.com","actor_via_sso":false,"log_type":"token"}', '2025-12-02 13:53:20.404554+00', ''),
	('00000000-0000-0000-0000-000000000000', '4914bb8e-fc02-4697-a900-c9390a1dbdca', '{"action":"token_refreshed","actor_id":"6817b433-fce4-4c3e-9e3f-02510fced788","actor_username":"macharetelucas@gmail.com","actor_via_sso":false,"log_type":"token"}', '2025-12-02 14:33:59.480541+00', ''),
	('00000000-0000-0000-0000-000000000000', '4f273d3f-8926-46a7-a0df-97c4d09047be', '{"action":"token_revoked","actor_id":"6817b433-fce4-4c3e-9e3f-02510fced788","actor_username":"macharetelucas@gmail.com","actor_via_sso":false,"log_type":"token"}', '2025-12-02 14:33:59.497903+00', ''),
	('00000000-0000-0000-0000-000000000000', '2326b27f-ebd8-420f-b8ce-5530d413d605', '{"action":"token_refreshed","actor_id":"6817b433-fce4-4c3e-9e3f-02510fced788","actor_username":"macharetelucas@gmail.com","actor_via_sso":false,"log_type":"token"}', '2025-12-02 14:34:04.176514+00', ''),
	('00000000-0000-0000-0000-000000000000', '8419765e-520f-4bf7-a5e1-1440707f42a2', '{"action":"token_refreshed","actor_id":"6817b433-fce4-4c3e-9e3f-02510fced788","actor_username":"macharetelucas@gmail.com","actor_via_sso":false,"log_type":"token"}', '2025-12-02 14:34:04.46053+00', ''),
	('00000000-0000-0000-0000-000000000000', 'cb7b525f-81ba-4312-b7b8-74db9f8c8f9c', '{"action":"token_refreshed","actor_id":"6817b433-fce4-4c3e-9e3f-02510fced788","actor_username":"macharetelucas@gmail.com","actor_via_sso":false,"log_type":"token"}', '2025-12-02 15:17:47.009629+00', ''),
	('00000000-0000-0000-0000-000000000000', '4d7cda4f-8694-47ae-9443-d1dffc47f1ac', '{"action":"token_revoked","actor_id":"6817b433-fce4-4c3e-9e3f-02510fced788","actor_username":"macharetelucas@gmail.com","actor_via_sso":false,"log_type":"token"}', '2025-12-02 15:17:47.021891+00', ''),
	('00000000-0000-0000-0000-000000000000', '23f25b6b-78db-49c5-8891-d9d2abc85ceb', '{"action":"token_refreshed","actor_id":"607a75ff-2be2-4eb7-a6b9-98e1479f9c9c","actor_username":"macharete.dev@gmail.com","actor_via_sso":false,"log_type":"token"}', '2025-12-02 15:18:16.355657+00', ''),
	('00000000-0000-0000-0000-000000000000', '04c16595-6167-4393-836e-6c0376e4dc8c', '{"action":"token_revoked","actor_id":"607a75ff-2be2-4eb7-a6b9-98e1479f9c9c","actor_username":"macharete.dev@gmail.com","actor_via_sso":false,"log_type":"token"}', '2025-12-02 15:18:16.361946+00', ''),
	('00000000-0000-0000-0000-000000000000', '5dc1cfa3-e644-4c8c-ae56-ad34854cb3aa', '{"action":"token_refreshed","actor_id":"6817b433-fce4-4c3e-9e3f-02510fced788","actor_username":"macharetelucas@gmail.com","actor_via_sso":false,"log_type":"token"}', '2025-12-02 15:38:25.462135+00', ''),
	('00000000-0000-0000-0000-000000000000', '5812188a-dcdf-4ee7-9559-d6c0d8649d81', '{"action":"token_revoked","actor_id":"6817b433-fce4-4c3e-9e3f-02510fced788","actor_username":"macharetelucas@gmail.com","actor_via_sso":false,"log_type":"token"}', '2025-12-02 15:38:25.479112+00', ''),
	('00000000-0000-0000-0000-000000000000', '6bc71a0b-f9fe-469f-9c58-34025b5c55f6', '{"action":"token_refreshed","actor_id":"51b85870-5538-4336-bcc6-1bfd7fd3699a","actor_username":"biancajp476@gmail.com","actor_via_sso":false,"log_type":"token"}', '2025-12-02 16:41:22.445838+00', ''),
	('00000000-0000-0000-0000-000000000000', 'e348dc97-3139-4124-a448-6634d6444b6c', '{"action":"token_revoked","actor_id":"51b85870-5538-4336-bcc6-1bfd7fd3699a","actor_username":"biancajp476@gmail.com","actor_via_sso":false,"log_type":"token"}', '2025-12-02 16:41:22.464738+00', ''),
	('00000000-0000-0000-0000-000000000000', 'fd19197d-2913-4ca2-b318-f60c16b12ed7', '{"action":"token_refreshed","actor_id":"51b85870-5538-4336-bcc6-1bfd7fd3699a","actor_username":"biancajp476@gmail.com","actor_via_sso":false,"log_type":"token"}', '2025-12-02 17:50:45.147863+00', ''),
	('00000000-0000-0000-0000-000000000000', '6ed7ac23-3a6d-4c93-8364-824e52376901', '{"action":"token_revoked","actor_id":"51b85870-5538-4336-bcc6-1bfd7fd3699a","actor_username":"biancajp476@gmail.com","actor_via_sso":false,"log_type":"token"}', '2025-12-02 17:50:45.163201+00', ''),
	('00000000-0000-0000-0000-000000000000', 'f73ba121-37cf-4f84-a7e5-43378161b51b', '{"action":"token_refreshed","actor_id":"51b85870-5538-4336-bcc6-1bfd7fd3699a","actor_username":"biancajp476@gmail.com","actor_via_sso":false,"log_type":"token"}', '2025-12-02 17:50:45.474007+00', ''),
	('00000000-0000-0000-0000-000000000000', '8a32225e-e4b9-4002-9c8c-797f3da8330c', '{"action":"token_refreshed","actor_id":"6817b433-fce4-4c3e-9e3f-02510fced788","actor_username":"macharetelucas@gmail.com","actor_via_sso":false,"log_type":"token"}', '2025-12-02 18:23:28.922344+00', ''),
	('00000000-0000-0000-0000-000000000000', '6befb68a-8d31-42e8-bf87-033ffb166f21', '{"action":"token_revoked","actor_id":"6817b433-fce4-4c3e-9e3f-02510fced788","actor_username":"macharetelucas@gmail.com","actor_via_sso":false,"log_type":"token"}', '2025-12-02 18:23:28.937414+00', ''),
	('00000000-0000-0000-0000-000000000000', '3d8e7d93-8007-4321-8f58-a6f2600dacb1', '{"action":"token_refreshed","actor_id":"6817b433-fce4-4c3e-9e3f-02510fced788","actor_username":"macharetelucas@gmail.com","actor_via_sso":false,"log_type":"token"}', '2025-12-02 18:23:29.557814+00', ''),
	('00000000-0000-0000-0000-000000000000', '21558bde-fc82-460e-a7dc-e3c7d9d0ef6a', '{"action":"token_revoked","actor_id":"6817b433-fce4-4c3e-9e3f-02510fced788","actor_username":"macharetelucas@gmail.com","actor_via_sso":false,"log_type":"token"}', '2025-12-02 18:23:29.560118+00', ''),
	('00000000-0000-0000-0000-000000000000', '9b4161b9-b8bd-4dc8-a7b4-2da56f51c9cd', '{"action":"login","actor_id":"6817b433-fce4-4c3e-9e3f-02510fced788","actor_username":"macharetelucas@gmail.com","actor_via_sso":false,"log_type":"account","traits":{"provider":"email"}}', '2025-12-02 18:37:31.168174+00', ''),
	('00000000-0000-0000-0000-000000000000', '1deebea4-2ff6-4353-bdd4-d441eabeb4e2', '{"action":"token_refreshed","actor_id":"6817b433-fce4-4c3e-9e3f-02510fced788","actor_username":"macharetelucas@gmail.com","actor_via_sso":false,"log_type":"token"}', '2025-12-02 20:42:35.558959+00', ''),
	('00000000-0000-0000-0000-000000000000', '8b594fa6-3347-4f45-b405-78a02a4a2cc4', '{"action":"token_revoked","actor_id":"6817b433-fce4-4c3e-9e3f-02510fced788","actor_username":"macharetelucas@gmail.com","actor_via_sso":false,"log_type":"token"}', '2025-12-02 20:42:35.588197+00', ''),
	('00000000-0000-0000-0000-000000000000', '746664f6-e3f4-4195-bbca-5909f8caf921', '{"action":"token_refreshed","actor_id":"51b85870-5538-4336-bcc6-1bfd7fd3699a","actor_username":"biancajp476@gmail.com","actor_via_sso":false,"log_type":"token"}', '2025-12-02 20:50:27.046062+00', ''),
	('00000000-0000-0000-0000-000000000000', '231ca005-2333-41a7-aab9-7343367e62cf', '{"action":"token_revoked","actor_id":"51b85870-5538-4336-bcc6-1bfd7fd3699a","actor_username":"biancajp476@gmail.com","actor_via_sso":false,"log_type":"token"}', '2025-12-02 20:50:27.05368+00', ''),
	('00000000-0000-0000-0000-000000000000', '5f6dbb3f-5048-4d29-a269-876e8a7e2871', '{"action":"token_refreshed","actor_id":"6817b433-fce4-4c3e-9e3f-02510fced788","actor_username":"macharetelucas@gmail.com","actor_via_sso":false,"log_type":"token"}', '2025-12-02 21:42:45.841683+00', ''),
	('00000000-0000-0000-0000-000000000000', 'a4e04e55-1885-441b-8594-35e9361fed7c', '{"action":"token_revoked","actor_id":"6817b433-fce4-4c3e-9e3f-02510fced788","actor_username":"macharetelucas@gmail.com","actor_via_sso":false,"log_type":"token"}', '2025-12-02 21:42:45.85956+00', ''),
	('00000000-0000-0000-0000-000000000000', 'c0975d46-b296-413f-bbfd-2f192766a200', '{"action":"token_refreshed","actor_id":"607a75ff-2be2-4eb7-a6b9-98e1479f9c9c","actor_username":"macharete.dev@gmail.com","actor_via_sso":false,"log_type":"token"}', '2025-12-02 21:46:09.621945+00', ''),
	('00000000-0000-0000-0000-000000000000', '163c232d-a44a-40ea-b6d9-fe7102a36a74', '{"action":"token_revoked","actor_id":"607a75ff-2be2-4eb7-a6b9-98e1479f9c9c","actor_username":"macharete.dev@gmail.com","actor_via_sso":false,"log_type":"token"}', '2025-12-02 21:46:09.624732+00', ''),
	('00000000-0000-0000-0000-000000000000', '3dceb2fc-46b9-421a-a2cd-e5ab7282e123', '{"action":"token_refreshed","actor_id":"607a75ff-2be2-4eb7-a6b9-98e1479f9c9c","actor_username":"macharete.dev@gmail.com","actor_via_sso":false,"log_type":"token"}', '2025-12-02 21:46:10.330548+00', ''),
	('00000000-0000-0000-0000-000000000000', 'af7206b1-7b15-424e-a58c-c1baa31850e4', '{"action":"token_refreshed","actor_id":"6817b433-fce4-4c3e-9e3f-02510fced788","actor_username":"macharetelucas@gmail.com","actor_via_sso":false,"log_type":"token"}', '2025-12-02 23:12:19.57069+00', ''),
	('00000000-0000-0000-0000-000000000000', '0bc6bc4f-7418-4ad9-8f66-99f3291d6f5f', '{"action":"token_revoked","actor_id":"6817b433-fce4-4c3e-9e3f-02510fced788","actor_username":"macharetelucas@gmail.com","actor_via_sso":false,"log_type":"token"}', '2025-12-02 23:12:19.601717+00', ''),
	('00000000-0000-0000-0000-000000000000', '57f1b76f-d185-4f53-b98e-0622c597336d', '{"action":"token_refreshed","actor_id":"6817b433-fce4-4c3e-9e3f-02510fced788","actor_username":"macharetelucas@gmail.com","actor_via_sso":false,"log_type":"token"}', '2025-12-02 23:12:20.4137+00', ''),
	('00000000-0000-0000-0000-000000000000', '40c0f119-394c-4dbb-9122-3acb2630a0f4', '{"action":"token_refreshed","actor_id":"6817b433-fce4-4c3e-9e3f-02510fced788","actor_username":"macharetelucas@gmail.com","actor_via_sso":false,"log_type":"token"}', '2025-12-02 23:12:20.713425+00', ''),
	('00000000-0000-0000-0000-000000000000', 'd3f82fec-e090-4a47-a2cf-6e6966f6fbce', '{"action":"token_refreshed","actor_id":"6817b433-fce4-4c3e-9e3f-02510fced788","actor_username":"macharetelucas@gmail.com","actor_via_sso":false,"log_type":"token"}', '2025-12-02 23:14:13.245794+00', ''),
	('00000000-0000-0000-0000-000000000000', 'f055e352-d3fa-447d-83e5-632b13ea50f9', '{"action":"token_revoked","actor_id":"6817b433-fce4-4c3e-9e3f-02510fced788","actor_username":"macharetelucas@gmail.com","actor_via_sso":false,"log_type":"token"}', '2025-12-02 23:14:13.25548+00', ''),
	('00000000-0000-0000-0000-000000000000', '4993730c-44e9-4c6e-ae7d-f064d4530ea9', '{"action":"token_refreshed","actor_id":"607a75ff-2be2-4eb7-a6b9-98e1479f9c9c","actor_username":"macharete.dev@gmail.com","actor_via_sso":false,"log_type":"token"}', '2025-12-02 23:23:30.292886+00', ''),
	('00000000-0000-0000-0000-000000000000', '7465437c-85db-40ab-8d73-a5d4d19d0623', '{"action":"token_revoked","actor_id":"607a75ff-2be2-4eb7-a6b9-98e1479f9c9c","actor_username":"macharete.dev@gmail.com","actor_via_sso":false,"log_type":"token"}', '2025-12-02 23:23:30.296797+00', ''),
	('00000000-0000-0000-0000-000000000000', '863a879c-0b54-4812-afca-43098eac1ae3', '{"action":"token_refreshed","actor_id":"607a75ff-2be2-4eb7-a6b9-98e1479f9c9c","actor_username":"macharete.dev@gmail.com","actor_via_sso":false,"log_type":"token"}', '2025-12-02 23:23:30.616142+00', ''),
	('00000000-0000-0000-0000-000000000000', '3280bfba-5a6a-4abe-86c2-1facc919e242', '{"action":"token_refreshed","actor_id":"607a75ff-2be2-4eb7-a6b9-98e1479f9c9c","actor_username":"macharete.dev@gmail.com","actor_via_sso":false,"log_type":"token"}', '2025-12-02 23:23:30.678976+00', ''),
	('00000000-0000-0000-0000-000000000000', '50977bc1-5bc5-4ec3-b8fd-c5b83d024ecc', '{"action":"token_refreshed","actor_id":"607a75ff-2be2-4eb7-a6b9-98e1479f9c9c","actor_username":"macharete.dev@gmail.com","actor_via_sso":false,"log_type":"token"}', '2025-12-02 23:23:30.695744+00', ''),
	('00000000-0000-0000-0000-000000000000', '4ae1048a-7cbe-4b1a-8f16-5a00740a8b37', '{"action":"token_refreshed","actor_id":"607a75ff-2be2-4eb7-a6b9-98e1479f9c9c","actor_username":"macharete.dev@gmail.com","actor_via_sso":false,"log_type":"token"}', '2025-12-02 23:23:30.714406+00', ''),
	('00000000-0000-0000-0000-000000000000', '395c2ab5-f849-4a3f-9641-af1745eaace5', '{"action":"token_refreshed","actor_id":"607a75ff-2be2-4eb7-a6b9-98e1479f9c9c","actor_username":"macharete.dev@gmail.com","actor_via_sso":false,"log_type":"token"}', '2025-12-02 23:23:30.752218+00', ''),
	('00000000-0000-0000-0000-000000000000', '14785fde-2bd4-4f8a-8483-02344e7fee83', '{"action":"token_refreshed","actor_id":"6817b433-fce4-4c3e-9e3f-02510fced788","actor_username":"macharetelucas@gmail.com","actor_via_sso":false,"log_type":"token"}', '2025-12-03 00:14:13.58656+00', ''),
	('00000000-0000-0000-0000-000000000000', '28483e7f-4378-464e-a8b1-b86b7132c359', '{"action":"token_revoked","actor_id":"6817b433-fce4-4c3e-9e3f-02510fced788","actor_username":"macharetelucas@gmail.com","actor_via_sso":false,"log_type":"token"}', '2025-12-03 00:14:13.608863+00', ''),
	('00000000-0000-0000-0000-000000000000', '40477630-60c4-4d40-a897-82519f7842f3', '{"action":"token_refreshed","actor_id":"6817b433-fce4-4c3e-9e3f-02510fced788","actor_username":"macharetelucas@gmail.com","actor_via_sso":false,"log_type":"token"}', '2025-12-03 00:14:39.539569+00', ''),
	('00000000-0000-0000-0000-000000000000', 'b13ab11e-7429-4997-b440-37a8eaa67a7c', '{"action":"token_revoked","actor_id":"6817b433-fce4-4c3e-9e3f-02510fced788","actor_username":"macharetelucas@gmail.com","actor_via_sso":false,"log_type":"token"}', '2025-12-03 00:14:39.543854+00', ''),
	('00000000-0000-0000-0000-000000000000', '7b9e959e-bb61-4c9a-a36d-f7207d54cf27', '{"action":"token_refreshed","actor_id":"6817b433-fce4-4c3e-9e3f-02510fced788","actor_username":"macharetelucas@gmail.com","actor_via_sso":false,"log_type":"token"}', '2025-12-03 00:32:34.337723+00', ''),
	('00000000-0000-0000-0000-000000000000', '463545fa-e6fa-4c9e-922d-445fec89447b', '{"action":"token_revoked","actor_id":"6817b433-fce4-4c3e-9e3f-02510fced788","actor_username":"macharetelucas@gmail.com","actor_via_sso":false,"log_type":"token"}', '2025-12-03 00:32:34.346495+00', ''),
	('00000000-0000-0000-0000-000000000000', '0d8a3809-6e0a-45f2-b035-e96424c680c7', '{"action":"token_refreshed","actor_id":"6817b433-fce4-4c3e-9e3f-02510fced788","actor_username":"macharetelucas@gmail.com","actor_via_sso":false,"log_type":"token"}', '2025-12-03 01:27:57.175177+00', ''),
	('00000000-0000-0000-0000-000000000000', 'b532a5a1-6b1e-4e77-8424-0134e2b71786', '{"action":"token_revoked","actor_id":"6817b433-fce4-4c3e-9e3f-02510fced788","actor_username":"macharetelucas@gmail.com","actor_via_sso":false,"log_type":"token"}', '2025-12-03 01:27:57.197767+00', ''),
	('00000000-0000-0000-0000-000000000000', '51f36e06-47ed-49bf-adec-72e9dd3cddaf', '{"action":"token_refreshed","actor_id":"6817b433-fce4-4c3e-9e3f-02510fced788","actor_username":"macharetelucas@gmail.com","actor_via_sso":false,"log_type":"token"}', '2025-12-03 01:32:58.156654+00', ''),
	('00000000-0000-0000-0000-000000000000', '876842b8-3a26-44d5-a332-76adcb0de63a', '{"action":"token_revoked","actor_id":"6817b433-fce4-4c3e-9e3f-02510fced788","actor_username":"macharetelucas@gmail.com","actor_via_sso":false,"log_type":"token"}', '2025-12-03 01:32:58.166391+00', ''),
	('00000000-0000-0000-0000-000000000000', 'e85bed44-4279-4157-be45-b4dc89b1058c', '{"action":"token_refreshed","actor_id":"51b85870-5538-4336-bcc6-1bfd7fd3699a","actor_username":"biancajp476@gmail.com","actor_via_sso":false,"log_type":"token"}', '2025-12-03 01:42:00.389089+00', ''),
	('00000000-0000-0000-0000-000000000000', 'f2246299-d8fb-4ce4-9a2c-015175ac2702', '{"action":"token_revoked","actor_id":"51b85870-5538-4336-bcc6-1bfd7fd3699a","actor_username":"biancajp476@gmail.com","actor_via_sso":false,"log_type":"token"}', '2025-12-03 01:42:00.393614+00', ''),
	('00000000-0000-0000-0000-000000000000', '54ad4aa5-a6ac-4a44-abf5-74269622d74b', '{"action":"token_refreshed","actor_id":"51b85870-5538-4336-bcc6-1bfd7fd3699a","actor_username":"biancajp476@gmail.com","actor_via_sso":false,"log_type":"token"}', '2025-12-03 01:42:00.819312+00', ''),
	('00000000-0000-0000-0000-000000000000', 'a67eb8e8-98d2-4098-bea7-dde037a3f71b', '{"action":"token_refreshed","actor_id":"6817b433-fce4-4c3e-9e3f-02510fced788","actor_username":"macharetelucas@gmail.com","actor_via_sso":false,"log_type":"token"}', '2025-12-03 02:17:29.395028+00', ''),
	('00000000-0000-0000-0000-000000000000', 'a255bd0c-d17d-4bd1-98d3-64476c708bc3', '{"action":"token_revoked","actor_id":"6817b433-fce4-4c3e-9e3f-02510fced788","actor_username":"macharetelucas@gmail.com","actor_via_sso":false,"log_type":"token"}', '2025-12-03 02:17:29.414634+00', ''),
	('00000000-0000-0000-0000-000000000000', 'fffafaaf-4b51-44f8-8765-aecb8bfb34ac', '{"action":"token_refreshed","actor_id":"6817b433-fce4-4c3e-9e3f-02510fced788","actor_username":"macharetelucas@gmail.com","actor_via_sso":false,"log_type":"token"}', '2025-12-03 02:17:34.239527+00', ''),
	('00000000-0000-0000-0000-000000000000', '89673534-6d33-48ee-a013-484ece3b6be0', '{"action":"token_refreshed","actor_id":"6817b433-fce4-4c3e-9e3f-02510fced788","actor_username":"macharetelucas@gmail.com","actor_via_sso":false,"log_type":"token"}', '2025-12-03 13:42:14.169093+00', ''),
	('00000000-0000-0000-0000-000000000000', 'fcaa3b8a-c10f-4e5d-aba5-663d11bf3c94', '{"action":"token_revoked","actor_id":"6817b433-fce4-4c3e-9e3f-02510fced788","actor_username":"macharetelucas@gmail.com","actor_via_sso":false,"log_type":"token"}', '2025-12-03 13:42:14.203215+00', ''),
	('00000000-0000-0000-0000-000000000000', 'bb6cb112-d400-418b-ac8f-2bd2ea715fda', '{"action":"token_refreshed","actor_id":"6817b433-fce4-4c3e-9e3f-02510fced788","actor_username":"macharetelucas@gmail.com","actor_via_sso":false,"log_type":"token"}', '2025-12-03 14:44:03.266865+00', ''),
	('00000000-0000-0000-0000-000000000000', '2021bf55-9d4c-4f42-ae2a-75e16da98b22', '{"action":"token_revoked","actor_id":"6817b433-fce4-4c3e-9e3f-02510fced788","actor_username":"macharetelucas@gmail.com","actor_via_sso":false,"log_type":"token"}', '2025-12-03 14:44:03.282771+00', ''),
	('00000000-0000-0000-0000-000000000000', '618ddd6c-c393-41f8-a79f-c1b6942257f4', '{"action":"logout","actor_id":"6817b433-fce4-4c3e-9e3f-02510fced788","actor_username":"macharetelucas@gmail.com","actor_via_sso":false,"log_type":"account"}', '2025-12-03 15:20:41.434985+00', ''),
	('00000000-0000-0000-0000-000000000000', '6de229c8-af53-4014-977c-a28e4e6b97f1', '{"action":"login","actor_id":"6817b433-fce4-4c3e-9e3f-02510fced788","actor_username":"macharetelucas@gmail.com","actor_via_sso":false,"log_type":"account","traits":{"provider":"email"}}', '2025-12-03 15:20:46.393757+00', ''),
	('00000000-0000-0000-0000-000000000000', '3dc10e85-a6ed-4ca0-a98a-e83d8b1ee9a7', '{"action":"login","actor_id":"579e9c00-fe76-4825-8390-24d030373970","actor_username":"lucas.macharete@br.bosch.com","actor_via_sso":false,"log_type":"account","traits":{"provider":"email"}}', '2025-12-03 15:31:44.162577+00', ''),
	('00000000-0000-0000-0000-000000000000', '66d4a4ef-047d-4a10-aeaf-27d1b4476d25', '{"action":"logout","actor_id":"579e9c00-fe76-4825-8390-24d030373970","actor_username":"lucas.macharete@br.bosch.com","actor_via_sso":false,"log_type":"account"}', '2025-12-03 15:39:02.284319+00', ''),
	('00000000-0000-0000-0000-000000000000', '9fde6d06-c7e3-40d6-ace5-96648b6a4ca7', '{"action":"login","actor_id":"579e9c00-fe76-4825-8390-24d030373970","actor_username":"lucas.macharete@br.bosch.com","actor_via_sso":false,"log_type":"account","traits":{"provider":"email"}}', '2025-12-03 15:39:11.493292+00', ''),
	('00000000-0000-0000-0000-000000000000', '2fa99b6d-7f7d-4b85-a3ce-6ac925367466', '{"action":"login","actor_id":"579e9c00-fe76-4825-8390-24d030373970","actor_username":"lucas.macharete@br.bosch.com","actor_via_sso":false,"log_type":"account","traits":{"provider":"email"}}', '2025-12-03 15:39:25.056388+00', ''),
	('00000000-0000-0000-0000-000000000000', 'a9cc2c8d-ff27-4b75-919b-25e5a595bb90', '{"action":"token_refreshed","actor_id":"6817b433-fce4-4c3e-9e3f-02510fced788","actor_username":"macharetelucas@gmail.com","actor_via_sso":false,"log_type":"token"}', '2025-12-03 16:38:41.13157+00', ''),
	('00000000-0000-0000-0000-000000000000', 'a3d0a50b-8f39-4914-a0df-06f090a40f9e', '{"action":"token_revoked","actor_id":"6817b433-fce4-4c3e-9e3f-02510fced788","actor_username":"macharetelucas@gmail.com","actor_via_sso":false,"log_type":"token"}', '2025-12-03 16:38:41.145868+00', ''),
	('00000000-0000-0000-0000-000000000000', 'dd567eab-bc26-4f0e-80ff-c26999ef83eb', '{"action":"token_refreshed","actor_id":"6817b433-fce4-4c3e-9e3f-02510fced788","actor_username":"macharetelucas@gmail.com","actor_via_sso":false,"log_type":"token"}', '2025-12-03 20:39:12.273288+00', ''),
	('00000000-0000-0000-0000-000000000000', '6eab5c49-222a-4c61-9c9e-9566fd66363d', '{"action":"token_revoked","actor_id":"6817b433-fce4-4c3e-9e3f-02510fced788","actor_username":"macharetelucas@gmail.com","actor_via_sso":false,"log_type":"token"}', '2025-12-03 20:39:12.302881+00', ''),
	('00000000-0000-0000-0000-000000000000', 'efae6806-2a38-4dbe-89ee-5657d12009a5', '{"action":"token_refreshed","actor_id":"6817b433-fce4-4c3e-9e3f-02510fced788","actor_username":"macharetelucas@gmail.com","actor_via_sso":false,"log_type":"token"}', '2025-12-03 21:38:56.947582+00', ''),
	('00000000-0000-0000-0000-000000000000', '6a694b52-0733-402f-84f4-f313f6b3a313', '{"action":"token_revoked","actor_id":"6817b433-fce4-4c3e-9e3f-02510fced788","actor_username":"macharetelucas@gmail.com","actor_via_sso":false,"log_type":"token"}', '2025-12-03 21:38:56.967072+00', ''),
	('00000000-0000-0000-0000-000000000000', '9a8c2069-693c-4b8d-b0d4-3fb9a94b9bcc', '{"action":"token_refreshed","actor_id":"6817b433-fce4-4c3e-9e3f-02510fced788","actor_username":"macharetelucas@gmail.com","actor_via_sso":false,"log_type":"token"}', '2025-12-03 23:15:05.712628+00', ''),
	('00000000-0000-0000-0000-000000000000', '45ce1338-cdfe-4fca-9809-10d8b8d835fa', '{"action":"token_revoked","actor_id":"6817b433-fce4-4c3e-9e3f-02510fced788","actor_username":"macharetelucas@gmail.com","actor_via_sso":false,"log_type":"token"}', '2025-12-03 23:15:05.730155+00', ''),
	('00000000-0000-0000-0000-000000000000', '04c014a6-02a3-4578-b958-c08afa9c3165', '{"action":"token_refreshed","actor_id":"6817b433-fce4-4c3e-9e3f-02510fced788","actor_username":"macharetelucas@gmail.com","actor_via_sso":false,"log_type":"token"}', '2025-12-03 23:15:05.799998+00', ''),
	('00000000-0000-0000-0000-000000000000', 'aad4d7bf-d2ac-4236-ab98-714b23bd70c5', '{"action":"user_confirmation_requested","actor_id":"ff13af8e-d0ad-45cc-afa3-a146e498e6eb","actor_username":"henriquew2004@gmail.com","actor_via_sso":false,"log_type":"user","traits":{"provider":"email"}}', '2025-12-03 23:17:16.727404+00', ''),
	('00000000-0000-0000-0000-000000000000', 'e147db45-6d9f-400b-b1a3-390c3b1ede43', '{"action":"user_signedup","actor_id":"ff13af8e-d0ad-45cc-afa3-a146e498e6eb","actor_username":"henriquew2004@gmail.com","actor_via_sso":false,"log_type":"team","traits":{"provider":"email"}}', '2025-12-03 23:17:30.922403+00', ''),
	('00000000-0000-0000-0000-000000000000', 'b269c6e7-a385-4b16-9280-e6d78c74291f', '{"action":"login","actor_id":"ff13af8e-d0ad-45cc-afa3-a146e498e6eb","actor_username":"henriquew2004@gmail.com","actor_via_sso":false,"log_type":"account","traits":{"provider":"email"}}', '2025-12-03 23:17:48.353446+00', ''),
	('00000000-0000-0000-0000-000000000000', 'c7447b52-b6a2-4ea7-9214-defc33e740c7', '{"action":"logout","actor_id":"6817b433-fce4-4c3e-9e3f-02510fced788","actor_username":"macharetelucas@gmail.com","actor_via_sso":false,"log_type":"account"}', '2025-12-03 23:47:56.359466+00', ''),
	('00000000-0000-0000-0000-000000000000', 'a3904ac7-ee3d-4541-9b1f-32f033040f63', '{"action":"user_repeated_signup","actor_id":"607a75ff-2be2-4eb7-a6b9-98e1479f9c9c","actor_username":"macharete.dev@gmail.com","actor_via_sso":false,"log_type":"user","traits":{"provider":"email"}}', '2025-12-03 23:48:06.002048+00', ''),
	('00000000-0000-0000-0000-000000000000', '92d330ea-6141-481e-9dc3-e410d33961ee', '{"action":"user_repeated_signup","actor_id":"607a75ff-2be2-4eb7-a6b9-98e1479f9c9c","actor_username":"macharete.dev@gmail.com","actor_via_sso":false,"log_type":"user","traits":{"provider":"email"}}', '2025-12-03 23:48:23.243891+00', ''),
	('00000000-0000-0000-0000-000000000000', '02d8d03e-7846-4fc1-a26a-4f01c9a9cffa', '{"action":"user_repeated_signup","actor_id":"607a75ff-2be2-4eb7-a6b9-98e1479f9c9c","actor_username":"macharete.dev@gmail.com","actor_via_sso":false,"log_type":"user","traits":{"provider":"email"}}', '2025-12-03 23:49:13.646066+00', ''),
	('00000000-0000-0000-0000-000000000000', 'ba09b265-aa52-41d4-880c-d15a9de29ef3', '{"action":"user_deleted","actor_id":"00000000-0000-0000-0000-000000000000","actor_username":"service_role","actor_via_sso":false,"log_type":"team","traits":{"user_email":"macharete.dev@gmail.com","user_id":"607a75ff-2be2-4eb7-a6b9-98e1479f9c9c","user_phone":""}}', '2025-12-03 23:50:14.488798+00', ''),
	('00000000-0000-0000-0000-000000000000', '3ab64ac6-6c4e-434e-ae55-65c9ffc6a608', '{"action":"user_confirmation_requested","actor_id":"1721245b-3bd8-4226-9c5e-ab6ef9826024","actor_username":"macharete.dev@gmail.com","actor_via_sso":false,"log_type":"user","traits":{"provider":"email"}}', '2025-12-03 23:50:18.833069+00', ''),
	('00000000-0000-0000-0000-000000000000', 'eeb44f5b-3972-4579-9702-c5bc82ac103e', '{"action":"user_signedup","actor_id":"1721245b-3bd8-4226-9c5e-ab6ef9826024","actor_username":"macharete.dev@gmail.com","actor_via_sso":false,"log_type":"team","traits":{"provider":"email"}}', '2025-12-03 23:50:29.162654+00', ''),
	('00000000-0000-0000-0000-000000000000', '8782f89e-6980-4aae-a2b9-6b47252f1a01', '{"action":"login","actor_id":"1721245b-3bd8-4226-9c5e-ab6ef9826024","actor_username":"macharete.dev@gmail.com","actor_via_sso":false,"log_type":"account","traits":{"provider_type":"email"}}', '2025-12-03 23:50:30.029641+00', ''),
	('00000000-0000-0000-0000-000000000000', '91bd4d36-cc6d-441f-a350-2b14f157d40e', '{"action":"token_refreshed","actor_id":"ff13af8e-d0ad-45cc-afa3-a146e498e6eb","actor_username":"henriquew2004@gmail.com","actor_via_sso":false,"log_type":"token"}', '2025-12-04 00:16:29.002313+00', ''),
	('00000000-0000-0000-0000-000000000000', '03a6f32a-a620-4d8e-8fe6-9404624082df', '{"action":"token_revoked","actor_id":"ff13af8e-d0ad-45cc-afa3-a146e498e6eb","actor_username":"henriquew2004@gmail.com","actor_via_sso":false,"log_type":"token"}', '2025-12-04 00:16:29.018731+00', ''),
	('00000000-0000-0000-0000-000000000000', '3a0e0666-7950-4109-9504-6f9ea4731830', '{"action":"login","actor_id":"ff13af8e-d0ad-45cc-afa3-a146e498e6eb","actor_username":"henriquew2004@gmail.com","actor_via_sso":false,"log_type":"account","traits":{"provider":"email"}}', '2025-12-04 00:55:09.461649+00', ''),
	('00000000-0000-0000-0000-000000000000', 'd0f12992-ed6f-4e46-a1d2-c6a5f08f40e7', '{"action":"login","actor_id":"ff13af8e-d0ad-45cc-afa3-a146e498e6eb","actor_username":"henriquew2004@gmail.com","actor_via_sso":false,"log_type":"account","traits":{"provider":"email"}}', '2025-12-04 00:55:40.678702+00', ''),
	('00000000-0000-0000-0000-000000000000', 'ef561211-e83c-4677-8e67-115562659e66', '{"action":"token_refreshed","actor_id":"1721245b-3bd8-4226-9c5e-ab6ef9826024","actor_username":"macharete.dev@gmail.com","actor_via_sso":false,"log_type":"token"}', '2025-12-04 01:08:49.426215+00', ''),
	('00000000-0000-0000-0000-000000000000', 'a9a827d7-a2b8-49e5-a891-b60319349620', '{"action":"token_revoked","actor_id":"1721245b-3bd8-4226-9c5e-ab6ef9826024","actor_username":"macharete.dev@gmail.com","actor_via_sso":false,"log_type":"token"}', '2025-12-04 01:08:49.437261+00', ''),
	('00000000-0000-0000-0000-000000000000', '805c5514-d05a-48ec-8a2c-2852ddcc586b', '{"action":"token_refreshed","actor_id":"ff13af8e-d0ad-45cc-afa3-a146e498e6eb","actor_username":"henriquew2004@gmail.com","actor_via_sso":false,"log_type":"token"}', '2025-12-04 01:23:52.777962+00', ''),
	('00000000-0000-0000-0000-000000000000', 'a2da1796-b30f-44a6-80a9-0c7d0e68ff88', '{"action":"token_revoked","actor_id":"ff13af8e-d0ad-45cc-afa3-a146e498e6eb","actor_username":"henriquew2004@gmail.com","actor_via_sso":false,"log_type":"token"}', '2025-12-04 01:23:52.790042+00', ''),
	('00000000-0000-0000-0000-000000000000', '8c31ae94-d32f-4420-a44f-b4879273d7f8', '{"action":"token_refreshed","actor_id":"1721245b-3bd8-4226-9c5e-ab6ef9826024","actor_username":"macharete.dev@gmail.com","actor_via_sso":false,"log_type":"token"}', '2025-12-04 02:15:16.357429+00', ''),
	('00000000-0000-0000-0000-000000000000', '3377101c-0bda-46c6-ad93-dc5aa00bec54', '{"action":"token_revoked","actor_id":"1721245b-3bd8-4226-9c5e-ab6ef9826024","actor_username":"macharete.dev@gmail.com","actor_via_sso":false,"log_type":"token"}', '2025-12-04 02:15:16.378849+00', ''),
	('00000000-0000-0000-0000-000000000000', '2afcefd5-f8e2-4ee5-ba32-e2fe6db382d8', '{"action":"token_refreshed","actor_id":"1721245b-3bd8-4226-9c5e-ab6ef9826024","actor_username":"macharete.dev@gmail.com","actor_via_sso":false,"log_type":"token"}', '2025-12-04 02:15:29.328006+00', ''),
	('00000000-0000-0000-0000-000000000000', 'b320587e-cc79-46ae-9b65-4c3819a5d02a', '{"action":"token_refreshed","actor_id":"1721245b-3bd8-4226-9c5e-ab6ef9826024","actor_username":"macharete.dev@gmail.com","actor_via_sso":false,"log_type":"token"}', '2025-12-04 21:33:49.758672+00', ''),
	('00000000-0000-0000-0000-000000000000', 'cbcc6571-00a6-456a-a73c-00d147baf4ed', '{"action":"token_revoked","actor_id":"1721245b-3bd8-4226-9c5e-ab6ef9826024","actor_username":"macharete.dev@gmail.com","actor_via_sso":false,"log_type":"token"}', '2025-12-04 21:33:49.79332+00', ''),
	('00000000-0000-0000-0000-000000000000', '4723d042-8c46-46fd-abe0-936cecb36a0a', '{"action":"token_refreshed","actor_id":"ff13af8e-d0ad-45cc-afa3-a146e498e6eb","actor_username":"henriquew2004@gmail.com","actor_via_sso":false,"log_type":"token"}', '2025-12-04 22:17:58.248276+00', ''),
	('00000000-0000-0000-0000-000000000000', '5d278d1d-4718-4f86-9c44-16cc64923ea7', '{"action":"token_revoked","actor_id":"ff13af8e-d0ad-45cc-afa3-a146e498e6eb","actor_username":"henriquew2004@gmail.com","actor_via_sso":false,"log_type":"token"}', '2025-12-04 22:17:58.270525+00', ''),
	('00000000-0000-0000-0000-000000000000', '53b74403-c2b3-4b21-b091-ed84cf0ea43e', '{"action":"token_refreshed","actor_id":"1721245b-3bd8-4226-9c5e-ab6ef9826024","actor_username":"macharete.dev@gmail.com","actor_via_sso":false,"log_type":"token"}', '2025-12-04 22:33:39.986076+00', ''),
	('00000000-0000-0000-0000-000000000000', '919c2533-03fd-49bf-bb23-dc9e7de407f3', '{"action":"token_revoked","actor_id":"1721245b-3bd8-4226-9c5e-ab6ef9826024","actor_username":"macharete.dev@gmail.com","actor_via_sso":false,"log_type":"token"}', '2025-12-04 22:33:40.003706+00', ''),
	('00000000-0000-0000-0000-000000000000', 'd17366c0-5a73-4735-bb17-ed6f77ce5d80', '{"action":"token_refreshed","actor_id":"1721245b-3bd8-4226-9c5e-ab6ef9826024","actor_username":"macharete.dev@gmail.com","actor_via_sso":false,"log_type":"token"}', '2025-12-04 23:34:51.596519+00', ''),
	('00000000-0000-0000-0000-000000000000', '65abd272-756f-49eb-8acd-55fd6c19fee0', '{"action":"token_revoked","actor_id":"1721245b-3bd8-4226-9c5e-ab6ef9826024","actor_username":"macharete.dev@gmail.com","actor_via_sso":false,"log_type":"token"}', '2025-12-04 23:34:51.62156+00', ''),
	('00000000-0000-0000-0000-000000000000', '5077ab82-1570-44e1-b5e8-90cabd641df8', '{"action":"login","actor_id":"6817b433-fce4-4c3e-9e3f-02510fced788","actor_username":"macharetelucas@gmail.com","actor_via_sso":false,"log_type":"account","traits":{"provider":"email"}}', '2025-12-05 01:52:31.918077+00', ''),
	('00000000-0000-0000-0000-000000000000', '8f6a86a0-8a3a-4cff-95f3-ee683bfc106a', '{"action":"token_refreshed","actor_id":"1721245b-3bd8-4226-9c5e-ab6ef9826024","actor_username":"macharete.dev@gmail.com","actor_via_sso":false,"log_type":"token"}', '2025-12-05 02:21:43.115624+00', ''),
	('00000000-0000-0000-0000-000000000000', 'f6e10c31-8f39-45c4-8ebc-9a8cb8e1a40a', '{"action":"token_revoked","actor_id":"1721245b-3bd8-4226-9c5e-ab6ef9826024","actor_username":"macharete.dev@gmail.com","actor_via_sso":false,"log_type":"token"}', '2025-12-05 02:21:43.137452+00', ''),
	('00000000-0000-0000-0000-000000000000', '67c4963e-f084-4e2e-aea5-8712e92e0853', '{"action":"login","actor_id":"6817b433-fce4-4c3e-9e3f-02510fced788","actor_username":"macharetelucas@gmail.com","actor_via_sso":false,"log_type":"account","traits":{"provider":"email"}}', '2025-12-05 02:55:36.139271+00', ''),
	('00000000-0000-0000-0000-000000000000', '8eb9f963-bb83-4014-8fe7-4ef4a8b47548', '{"action":"logout","actor_id":"6817b433-fce4-4c3e-9e3f-02510fced788","actor_username":"macharetelucas@gmail.com","actor_via_sso":false,"log_type":"account"}', '2025-12-05 02:56:24.546553+00', ''),
	('00000000-0000-0000-0000-000000000000', '76c013ae-ba0e-41ae-8df8-613a51db31a7', '{"action":"login","actor_id":"6817b433-fce4-4c3e-9e3f-02510fced788","actor_username":"macharetelucas@gmail.com","actor_via_sso":false,"log_type":"account","traits":{"provider":"email"}}', '2025-12-05 11:48:01.598625+00', ''),
	('00000000-0000-0000-0000-000000000000', 'afd09d3c-cef4-45fb-8c0e-8985d3d46411', '{"action":"token_refreshed","actor_id":"1721245b-3bd8-4226-9c5e-ab6ef9826024","actor_username":"macharete.dev@gmail.com","actor_via_sso":false,"log_type":"token"}', '2025-12-05 20:08:09.909185+00', ''),
	('00000000-0000-0000-0000-000000000000', '879745af-022b-475e-bc00-e08f530a026e', '{"action":"token_revoked","actor_id":"1721245b-3bd8-4226-9c5e-ab6ef9826024","actor_username":"macharete.dev@gmail.com","actor_via_sso":false,"log_type":"token"}', '2025-12-05 20:08:09.921533+00', ''),
	('00000000-0000-0000-0000-000000000000', '0de2a9e2-2f45-4970-8996-72825d940577', '{"action":"user_confirmation_requested","actor_id":"111dda23-bd2b-49dd-8993-e495516e8b73","actor_username":"rafaelmacharete00@gmail.com","actor_via_sso":false,"log_type":"user","traits":{"provider":"email"}}', '2025-12-05 21:01:32.793047+00', ''),
	('00000000-0000-0000-0000-000000000000', '2a32b45e-4aaa-4c1d-bce0-844838e0ae6d', '{"action":"user_confirmation_requested","actor_id":"85d521d4-986d-40cb-9eeb-ea49dd302809","actor_username":"rafaelmacharete29@gmail.com","actor_via_sso":false,"log_type":"user","traits":{"provider":"email"}}', '2025-12-05 21:02:14.742514+00', ''),
	('00000000-0000-0000-0000-000000000000', 'be60c453-10cf-4678-8f6c-a35dab24a770', '{"action":"user_signedup","actor_id":"111dda23-bd2b-49dd-8993-e495516e8b73","actor_username":"rafaelmacharete00@gmail.com","actor_via_sso":false,"log_type":"team","traits":{"provider":"email"}}', '2025-12-05 21:02:34.535544+00', ''),
	('00000000-0000-0000-0000-000000000000', '82d62336-c208-4b03-b51f-9f84b8a0b33e', '{"action":"user_signedup","actor_id":"85d521d4-986d-40cb-9eeb-ea49dd302809","actor_username":"rafaelmacharete29@gmail.com","actor_via_sso":false,"log_type":"team","traits":{"provider":"email"}}', '2025-12-05 21:03:58.897878+00', ''),
	('00000000-0000-0000-0000-000000000000', '2fba799f-9b9a-43a4-a93a-d95d73c5756b', '{"action":"login","actor_id":"85d521d4-986d-40cb-9eeb-ea49dd302809","actor_username":"rafaelmacharete29@gmail.com","actor_via_sso":false,"log_type":"account","traits":{"provider":"email"}}', '2025-12-05 21:04:07.128056+00', ''),
	('00000000-0000-0000-0000-000000000000', '1bb8888a-c2f5-4053-92c5-2bb30cf7962c', '{"action":"token_refreshed","actor_id":"1721245b-3bd8-4226-9c5e-ab6ef9826024","actor_username":"macharete.dev@gmail.com","actor_via_sso":false,"log_type":"token"}', '2025-12-05 21:08:52.156678+00', ''),
	('00000000-0000-0000-0000-000000000000', 'a3c9ba28-f29d-469f-afa9-9b47a23bbaf4', '{"action":"token_revoked","actor_id":"1721245b-3bd8-4226-9c5e-ab6ef9826024","actor_username":"macharete.dev@gmail.com","actor_via_sso":false,"log_type":"token"}', '2025-12-05 21:08:52.164041+00', ''),
	('00000000-0000-0000-0000-000000000000', '465dfa5e-2ecb-42d0-aab2-556b9df64fe7', '{"action":"token_refreshed","actor_id":"1721245b-3bd8-4226-9c5e-ab6ef9826024","actor_username":"macharete.dev@gmail.com","actor_via_sso":false,"log_type":"token"}', '2025-12-05 22:12:00.481078+00', ''),
	('00000000-0000-0000-0000-000000000000', '19292a83-db2d-4edb-8dca-79bc7a583a35', '{"action":"token_revoked","actor_id":"1721245b-3bd8-4226-9c5e-ab6ef9826024","actor_username":"macharete.dev@gmail.com","actor_via_sso":false,"log_type":"token"}', '2025-12-05 22:12:00.495704+00', ''),
	('00000000-0000-0000-0000-000000000000', 'c7e095bf-ac61-46ce-85e7-fbeb0fbe5cd6', '{"action":"login","actor_id":"6817b433-fce4-4c3e-9e3f-02510fced788","actor_username":"macharetelucas@gmail.com","actor_via_sso":false,"log_type":"account","traits":{"provider":"email"}}', '2025-12-05 23:14:54.755262+00', ''),
	('00000000-0000-0000-0000-000000000000', 'd10294cd-d6f0-46ba-b98b-6b63eef4eef8', '{"action":"login","actor_id":"ff13af8e-d0ad-45cc-afa3-a146e498e6eb","actor_username":"henriquew2004@gmail.com","actor_via_sso":false,"log_type":"account","traits":{"provider":"email"}}', '2025-12-05 23:39:23.547857+00', ''),
	('00000000-0000-0000-0000-000000000000', '11e93441-8c80-49cf-b5c4-20b044800d0e', '{"action":"token_refreshed","actor_id":"1721245b-3bd8-4226-9c5e-ab6ef9826024","actor_username":"macharete.dev@gmail.com","actor_via_sso":false,"log_type":"token"}', '2025-12-06 03:19:53.905027+00', ''),
	('00000000-0000-0000-0000-000000000000', '391a6776-4a30-4b33-8bf4-a31ce1a1fed1', '{"action":"token_revoked","actor_id":"1721245b-3bd8-4226-9c5e-ab6ef9826024","actor_username":"macharete.dev@gmail.com","actor_via_sso":false,"log_type":"token"}', '2025-12-06 03:19:53.938205+00', ''),
	('00000000-0000-0000-0000-000000000000', '2abf140a-0125-49a6-bdba-6252474a23e4', '{"action":"login","actor_id":"6817b433-fce4-4c3e-9e3f-02510fced788","actor_username":"macharetelucas@gmail.com","actor_via_sso":false,"log_type":"account","traits":{"provider":"email"}}', '2025-12-06 03:22:19.342426+00', ''),
	('00000000-0000-0000-0000-000000000000', 'ce77d97b-7b21-4bb1-8f9f-54dec7e74c1f', '{"action":"token_refreshed","actor_id":"1721245b-3bd8-4226-9c5e-ab6ef9826024","actor_username":"macharete.dev@gmail.com","actor_via_sso":false,"log_type":"token"}', '2025-12-06 14:10:04.585953+00', ''),
	('00000000-0000-0000-0000-000000000000', 'c411e90c-8ea5-4b3d-83be-c3be3850ea1a', '{"action":"token_revoked","actor_id":"1721245b-3bd8-4226-9c5e-ab6ef9826024","actor_username":"macharete.dev@gmail.com","actor_via_sso":false,"log_type":"token"}', '2025-12-06 14:10:04.617388+00', ''),
	('00000000-0000-0000-0000-000000000000', '14899be4-79b9-4bbe-9ea6-4dce2c2bc84c', '{"action":"token_refreshed","actor_id":"1721245b-3bd8-4226-9c5e-ab6ef9826024","actor_username":"macharete.dev@gmail.com","actor_via_sso":false,"log_type":"token"}', '2025-12-06 14:10:10.981746+00', ''),
	('00000000-0000-0000-0000-000000000000', '37e12dd7-77ec-4c52-8ef0-04fb63567cb6', '{"action":"login","actor_id":"6817b433-fce4-4c3e-9e3f-02510fced788","actor_username":"macharetelucas@gmail.com","actor_via_sso":false,"log_type":"account","traits":{"provider":"email"}}', '2025-12-06 14:27:25.483929+00', ''),
	('00000000-0000-0000-0000-000000000000', 'c2c8bf8a-0f76-46bb-8236-a198e785619b', '{"action":"token_refreshed","actor_id":"6817b433-fce4-4c3e-9e3f-02510fced788","actor_username":"macharetelucas@gmail.com","actor_via_sso":false,"log_type":"token"}', '2025-12-06 16:44:31.785913+00', ''),
	('00000000-0000-0000-0000-000000000000', 'b74b07ce-71d2-4427-bacb-e1287c999738', '{"action":"token_revoked","actor_id":"6817b433-fce4-4c3e-9e3f-02510fced788","actor_username":"macharetelucas@gmail.com","actor_via_sso":false,"log_type":"token"}', '2025-12-06 16:44:31.820704+00', ''),
	('00000000-0000-0000-0000-000000000000', '2e4b6c04-c6ec-48a3-958b-8504e139d640', '{"action":"token_refreshed","actor_id":"6817b433-fce4-4c3e-9e3f-02510fced788","actor_username":"macharetelucas@gmail.com","actor_via_sso":false,"log_type":"token"}', '2025-12-06 16:44:31.934334+00', ''),
	('00000000-0000-0000-0000-000000000000', 'c874b9bf-764d-4bc4-ac58-43b4b294ac07', '{"action":"login","actor_id":"85d521d4-986d-40cb-9eeb-ea49dd302809","actor_username":"rafaelmacharete29@gmail.com","actor_via_sso":false,"log_type":"account","traits":{"provider":"email"}}', '2025-12-06 16:52:11.514354+00', ''),
	('00000000-0000-0000-0000-000000000000', '03f4fbce-ec33-430d-92c0-d564cfc96be8', '{"action":"login","actor_id":"85d521d4-986d-40cb-9eeb-ea49dd302809","actor_username":"rafaelmacharete29@gmail.com","actor_via_sso":false,"log_type":"account","traits":{"provider":"email"}}', '2025-12-06 16:52:46.487535+00', ''),
	('00000000-0000-0000-0000-000000000000', 'e1f5b802-122f-4456-89e1-335940d21851', '{"action":"token_refreshed","actor_id":"85d521d4-986d-40cb-9eeb-ea49dd302809","actor_username":"rafaelmacharete29@gmail.com","actor_via_sso":false,"log_type":"token"}', '2025-12-06 17:53:42.211682+00', ''),
	('00000000-0000-0000-0000-000000000000', '3cb0e84d-ff51-4bb6-9dd2-ac496adf0cdb', '{"action":"token_revoked","actor_id":"85d521d4-986d-40cb-9eeb-ea49dd302809","actor_username":"rafaelmacharete29@gmail.com","actor_via_sso":false,"log_type":"token"}', '2025-12-06 17:53:42.232971+00', ''),
	('00000000-0000-0000-0000-000000000000', '06269481-efdd-4d8d-9706-9b4c13ec8332', '{"action":"token_refreshed","actor_id":"6817b433-fce4-4c3e-9e3f-02510fced788","actor_username":"macharetelucas@gmail.com","actor_via_sso":false,"log_type":"token"}', '2025-12-06 18:22:04.89958+00', ''),
	('00000000-0000-0000-0000-000000000000', '8b9562a1-fa0f-4095-87eb-441c6fe382a3', '{"action":"token_revoked","actor_id":"6817b433-fce4-4c3e-9e3f-02510fced788","actor_username":"macharetelucas@gmail.com","actor_via_sso":false,"log_type":"token"}', '2025-12-06 18:22:04.913469+00', ''),
	('00000000-0000-0000-0000-000000000000', '7be2b1e2-f8d0-4ec7-bca3-fbe9d6365074', '{"action":"token_refreshed","actor_id":"6817b433-fce4-4c3e-9e3f-02510fced788","actor_username":"macharetelucas@gmail.com","actor_via_sso":false,"log_type":"token"}', '2025-12-06 19:24:40.492516+00', ''),
	('00000000-0000-0000-0000-000000000000', 'caa24ae0-c79a-442b-afe9-d14da17bcda8', '{"action":"token_revoked","actor_id":"6817b433-fce4-4c3e-9e3f-02510fced788","actor_username":"macharetelucas@gmail.com","actor_via_sso":false,"log_type":"token"}', '2025-12-06 19:24:40.517398+00', ''),
	('00000000-0000-0000-0000-000000000000', '2f363a9a-7eb2-4f33-9833-67f42f1cc65d', '{"action":"token_refreshed","actor_id":"ff13af8e-d0ad-45cc-afa3-a146e498e6eb","actor_username":"henriquew2004@gmail.com","actor_via_sso":false,"log_type":"token"}', '2025-12-06 20:03:13.652399+00', ''),
	('00000000-0000-0000-0000-000000000000', '097a793f-bc19-448e-8bd8-f3ca3de3441f', '{"action":"token_revoked","actor_id":"ff13af8e-d0ad-45cc-afa3-a146e498e6eb","actor_username":"henriquew2004@gmail.com","actor_via_sso":false,"log_type":"token"}', '2025-12-06 20:03:13.675862+00', ''),
	('00000000-0000-0000-0000-000000000000', 'ab6c54c6-ea21-48da-969d-ac9b429b71d4', '{"action":"user_updated_password","actor_id":"ff13af8e-d0ad-45cc-afa3-a146e498e6eb","actor_username":"henriquew2004@gmail.com","actor_via_sso":false,"log_type":"user"}', '2025-12-06 20:27:50.776468+00', ''),
	('00000000-0000-0000-0000-000000000000', 'f2b716f5-911a-4f7a-aacc-301710d10f09', '{"action":"user_modified","actor_id":"ff13af8e-d0ad-45cc-afa3-a146e498e6eb","actor_username":"henriquew2004@gmail.com","actor_via_sso":false,"log_type":"user"}', '2025-12-06 20:27:50.802053+00', ''),
	('00000000-0000-0000-0000-000000000000', 'a9f782ee-3bc2-42cf-8dd6-ff13e23cc7bc', '{"action":"logout","actor_id":"ff13af8e-d0ad-45cc-afa3-a146e498e6eb","actor_username":"henriquew2004@gmail.com","actor_via_sso":false,"log_type":"account"}', '2025-12-06 20:27:55.677136+00', ''),
	('00000000-0000-0000-0000-000000000000', '81df7012-d073-4226-a145-853dca93dbd7', '{"action":"login","actor_id":"ff13af8e-d0ad-45cc-afa3-a146e498e6eb","actor_username":"henriquew2004@gmail.com","actor_via_sso":false,"log_type":"account","traits":{"provider":"email"}}', '2025-12-06 20:28:12.835432+00', ''),
	('00000000-0000-0000-0000-000000000000', '9640c190-4730-4932-99a3-77be71ebdc80', '{"action":"token_refreshed","actor_id":"ff13af8e-d0ad-45cc-afa3-a146e498e6eb","actor_username":"henriquew2004@gmail.com","actor_via_sso":false,"log_type":"token"}', '2025-12-06 23:14:28.274976+00', ''),
	('00000000-0000-0000-0000-000000000000', '2383f5ab-81f5-4d98-b790-a105c1da4661', '{"action":"token_revoked","actor_id":"ff13af8e-d0ad-45cc-afa3-a146e498e6eb","actor_username":"henriquew2004@gmail.com","actor_via_sso":false,"log_type":"token"}', '2025-12-06 23:14:28.303696+00', ''),
	('00000000-0000-0000-0000-000000000000', 'b543e6cd-d2b4-41b2-a1af-39316250a493', '{"action":"login","actor_id":"85d521d4-986d-40cb-9eeb-ea49dd302809","actor_username":"rafaelmacharete29@gmail.com","actor_via_sso":false,"log_type":"account","traits":{"provider":"email"}}', '2025-12-07 14:24:10.332418+00', ''),
	('00000000-0000-0000-0000-000000000000', 'b6fb9637-5b76-4eec-be30-021450b25f3c', '{"action":"login","actor_id":"85d521d4-986d-40cb-9eeb-ea49dd302809","actor_username":"rafaelmacharete29@gmail.com","actor_via_sso":false,"log_type":"account","traits":{"provider":"email"}}', '2025-12-07 14:24:26.281395+00', ''),
	('00000000-0000-0000-0000-000000000000', '4719b5f5-fae6-4e08-af5b-0a44741b460e', '{"action":"token_refreshed","actor_id":"ff13af8e-d0ad-45cc-afa3-a146e498e6eb","actor_username":"henriquew2004@gmail.com","actor_via_sso":false,"log_type":"token"}', '2025-12-07 18:39:40.750847+00', ''),
	('00000000-0000-0000-0000-000000000000', '2a375187-bcc8-467b-864d-3748eea8bc2b', '{"action":"token_revoked","actor_id":"ff13af8e-d0ad-45cc-afa3-a146e498e6eb","actor_username":"henriquew2004@gmail.com","actor_via_sso":false,"log_type":"token"}', '2025-12-07 18:39:40.781146+00', ''),
	('00000000-0000-0000-0000-000000000000', '6196c580-9751-4a67-a1b1-9189f7295ead', '{"action":"token_refreshed","actor_id":"ff13af8e-d0ad-45cc-afa3-a146e498e6eb","actor_username":"henriquew2004@gmail.com","actor_via_sso":false,"log_type":"token"}', '2025-12-07 18:39:41.055534+00', ''),
	('00000000-0000-0000-0000-000000000000', '0478d415-8c22-47e3-a21c-b740fee1e2c0', '{"action":"token_refreshed","actor_id":"ff13af8e-d0ad-45cc-afa3-a146e498e6eb","actor_username":"henriquew2004@gmail.com","actor_via_sso":false,"log_type":"token"}', '2025-12-07 18:39:41.08181+00', ''),
	('00000000-0000-0000-0000-000000000000', 'c39468d0-8cdc-42b9-b4c9-c3b067294fd0', '{"action":"token_refreshed","actor_id":"ff13af8e-d0ad-45cc-afa3-a146e498e6eb","actor_username":"henriquew2004@gmail.com","actor_via_sso":false,"log_type":"token"}', '2025-12-07 23:14:51.977352+00', ''),
	('00000000-0000-0000-0000-000000000000', '739153d6-6fc4-4e41-b5a2-3fd57cdab2b3', '{"action":"token_revoked","actor_id":"ff13af8e-d0ad-45cc-afa3-a146e498e6eb","actor_username":"henriquew2004@gmail.com","actor_via_sso":false,"log_type":"token"}', '2025-12-07 23:14:52.002409+00', ''),
	('00000000-0000-0000-0000-000000000000', '5c49f12a-d45c-4ce4-8a3c-80290356a8c1', '{"action":"token_refreshed","actor_id":"6817b433-fce4-4c3e-9e3f-02510fced788","actor_username":"macharetelucas@gmail.com","actor_via_sso":false,"log_type":"token"}', '2025-12-08 01:25:24.117095+00', ''),
	('00000000-0000-0000-0000-000000000000', '264e5866-840a-46a7-8057-5cd9aee9bea1', '{"action":"token_revoked","actor_id":"6817b433-fce4-4c3e-9e3f-02510fced788","actor_username":"macharetelucas@gmail.com","actor_via_sso":false,"log_type":"token"}', '2025-12-08 01:25:24.139623+00', ''),
	('00000000-0000-0000-0000-000000000000', 'd2ff8d01-3ad1-4997-874c-7a8667089bd5', '{"action":"token_refreshed","actor_id":"6817b433-fce4-4c3e-9e3f-02510fced788","actor_username":"macharetelucas@gmail.com","actor_via_sso":false,"log_type":"token"}', '2025-12-08 02:59:29.727602+00', ''),
	('00000000-0000-0000-0000-000000000000', 'd1d1a556-b71f-48e6-a5a7-e91ad1ad8a0c', '{"action":"token_revoked","actor_id":"6817b433-fce4-4c3e-9e3f-02510fced788","actor_username":"macharetelucas@gmail.com","actor_via_sso":false,"log_type":"token"}', '2025-12-08 02:59:29.750825+00', ''),
	('00000000-0000-0000-0000-000000000000', '4cbf21cd-05c8-490b-b9c2-4d34168282f0', '{"action":"token_refreshed","actor_id":"6817b433-fce4-4c3e-9e3f-02510fced788","actor_username":"macharetelucas@gmail.com","actor_via_sso":false,"log_type":"token"}', '2025-12-08 16:26:54.074299+00', ''),
	('00000000-0000-0000-0000-000000000000', '92f6a5c2-c43f-44cf-9b4d-ba2d2cd939f5', '{"action":"token_revoked","actor_id":"6817b433-fce4-4c3e-9e3f-02510fced788","actor_username":"macharetelucas@gmail.com","actor_via_sso":false,"log_type":"token"}', '2025-12-08 16:26:54.099784+00', ''),
	('00000000-0000-0000-0000-000000000000', 'f5d7061d-c00d-4a8d-80bc-41e882f94401', '{"action":"token_refreshed","actor_id":"6817b433-fce4-4c3e-9e3f-02510fced788","actor_username":"macharetelucas@gmail.com","actor_via_sso":false,"log_type":"token"}', '2025-12-08 19:30:08.012885+00', ''),
	('00000000-0000-0000-0000-000000000000', 'c291cd23-296b-4cb8-97de-d13bb389940f', '{"action":"token_revoked","actor_id":"6817b433-fce4-4c3e-9e3f-02510fced788","actor_username":"macharetelucas@gmail.com","actor_via_sso":false,"log_type":"token"}', '2025-12-08 19:30:08.034087+00', ''),
	('00000000-0000-0000-0000-000000000000', '6fd86a02-bcd3-4ebc-aa24-5933e30bf69b', '{"action":"logout","actor_id":"6817b433-fce4-4c3e-9e3f-02510fced788","actor_username":"macharetelucas@gmail.com","actor_via_sso":false,"log_type":"account"}', '2025-12-08 19:31:05.814903+00', ''),
	('00000000-0000-0000-0000-000000000000', '6fe4d010-e524-4049-94db-3af2e717f4c4', '{"action":"login","actor_id":"1721245b-3bd8-4226-9c5e-ab6ef9826024","actor_username":"macharete.dev@gmail.com","actor_via_sso":false,"log_type":"account","traits":{"provider":"email"}}', '2025-12-08 19:31:13.339964+00', ''),
	('00000000-0000-0000-0000-000000000000', '1affde4d-4812-45e4-8e47-d8b5a104cc78', '{"action":"logout","actor_id":"1721245b-3bd8-4226-9c5e-ab6ef9826024","actor_username":"macharete.dev@gmail.com","actor_via_sso":false,"log_type":"account"}', '2025-12-08 19:45:49.055023+00', ''),
	('00000000-0000-0000-0000-000000000000', 'e2f1f912-dbf2-448f-ae53-d92bfe358407', '{"action":"login","actor_id":"6817b433-fce4-4c3e-9e3f-02510fced788","actor_username":"macharetelucas@gmail.com","actor_via_sso":false,"log_type":"account","traits":{"provider":"email"}}', '2025-12-08 19:45:53.985732+00', ''),
	('00000000-0000-0000-0000-000000000000', '6888e290-ff99-491f-bf8c-47ad6acbc4dc', '{"action":"logout","actor_id":"6817b433-fce4-4c3e-9e3f-02510fced788","actor_username":"macharetelucas@gmail.com","actor_via_sso":false,"log_type":"account"}', '2025-12-08 20:40:42.939772+00', ''),
	('00000000-0000-0000-0000-000000000000', '2fdc3899-e07e-4ad6-8c33-227fb73bfac7', '{"action":"login","actor_id":"1721245b-3bd8-4226-9c5e-ab6ef9826024","actor_username":"macharete.dev@gmail.com","actor_via_sso":false,"log_type":"account","traits":{"provider":"email"}}', '2025-12-08 20:40:49.522308+00', ''),
	('00000000-0000-0000-0000-000000000000', 'c922ba54-4333-4fb4-ab9d-49cdba50f8d9', '{"action":"token_refreshed","actor_id":"1721245b-3bd8-4226-9c5e-ab6ef9826024","actor_username":"macharete.dev@gmail.com","actor_via_sso":false,"log_type":"token"}', '2025-12-08 21:47:52.588803+00', ''),
	('00000000-0000-0000-0000-000000000000', '36c4de5c-3a78-49f5-af3c-7a7e75f0b9dd', '{"action":"token_revoked","actor_id":"1721245b-3bd8-4226-9c5e-ab6ef9826024","actor_username":"macharete.dev@gmail.com","actor_via_sso":false,"log_type":"token"}', '2025-12-08 21:47:52.610139+00', ''),
	('00000000-0000-0000-0000-000000000000', '633eb0ad-6580-4fb2-bede-4f591fd2fb80', '{"action":"logout","actor_id":"1721245b-3bd8-4226-9c5e-ab6ef9826024","actor_username":"macharete.dev@gmail.com","actor_via_sso":false,"log_type":"account"}', '2025-12-08 21:59:15.253419+00', ''),
	('00000000-0000-0000-0000-000000000000', 'afd2f89e-d51d-4540-82df-480e8af8eb95', '{"action":"login","actor_id":"6817b433-fce4-4c3e-9e3f-02510fced788","actor_username":"macharetelucas@gmail.com","actor_via_sso":false,"log_type":"account","traits":{"provider":"email"}}', '2025-12-08 21:59:23.655395+00', ''),
	('00000000-0000-0000-0000-000000000000', '7c5c7d0f-d606-4579-88d3-3d8801c1d02b', '{"action":"logout","actor_id":"6817b433-fce4-4c3e-9e3f-02510fced788","actor_username":"macharetelucas@gmail.com","actor_via_sso":false,"log_type":"account"}', '2025-12-08 22:00:07.947596+00', ''),
	('00000000-0000-0000-0000-000000000000', '9e69af5f-f15d-4959-91e2-03d6810c0dfe', '{"action":"login","actor_id":"1721245b-3bd8-4226-9c5e-ab6ef9826024","actor_username":"macharete.dev@gmail.com","actor_via_sso":false,"log_type":"account","traits":{"provider":"email"}}', '2025-12-08 22:00:13.468667+00', ''),
	('00000000-0000-0000-0000-000000000000', '8fd58a64-6d6f-4faf-a514-feba2ea0beb5', '{"action":"logout","actor_id":"1721245b-3bd8-4226-9c5e-ab6ef9826024","actor_username":"macharete.dev@gmail.com","actor_via_sso":false,"log_type":"account"}', '2025-12-08 22:45:24.867366+00', ''),
	('00000000-0000-0000-0000-000000000000', '3a8dc13f-fe1e-47ff-a70f-5b244695229f', '{"action":"login","actor_id":"1721245b-3bd8-4226-9c5e-ab6ef9826024","actor_username":"macharete.dev@gmail.com","actor_via_sso":false,"log_type":"account","traits":{"provider":"email"}}', '2025-12-08 22:45:49.800272+00', ''),
	('00000000-0000-0000-0000-000000000000', '1e4f41f3-0b17-48f5-9041-1293ef3af09c', '{"action":"logout","actor_id":"1721245b-3bd8-4226-9c5e-ab6ef9826024","actor_username":"macharete.dev@gmail.com","actor_via_sso":false,"log_type":"account"}', '2025-12-08 22:45:52.970464+00', ''),
	('00000000-0000-0000-0000-000000000000', 'cc278fae-53a9-4047-a847-7acbfe107523', '{"action":"login","actor_id":"6817b433-fce4-4c3e-9e3f-02510fced788","actor_username":"macharetelucas@gmail.com","actor_via_sso":false,"log_type":"account","traits":{"provider":"email"}}', '2025-12-08 22:45:56.766302+00', ''),
	('00000000-0000-0000-0000-000000000000', '5c7b7432-281e-4bff-a8fb-39d0dac0f3fe', '{"action":"logout","actor_id":"6817b433-fce4-4c3e-9e3f-02510fced788","actor_username":"macharetelucas@gmail.com","actor_via_sso":false,"log_type":"account"}', '2025-12-08 23:19:36.803335+00', ''),
	('00000000-0000-0000-0000-000000000000', 'cc32100d-3e8b-4ad6-a575-64ead29d3058', '{"action":"login","actor_id":"579e9c00-fe76-4825-8390-24d030373970","actor_username":"lucas.macharete@br.bosch.com","actor_via_sso":false,"log_type":"account","traits":{"provider":"email"}}', '2025-12-08 23:19:46.50035+00', ''),
	('00000000-0000-0000-0000-000000000000', '5fc8e711-2ce3-4071-a307-5446b75e9c1c', '{"action":"logout","actor_id":"579e9c00-fe76-4825-8390-24d030373970","actor_username":"lucas.macharete@br.bosch.com","actor_via_sso":false,"log_type":"account"}', '2025-12-08 23:24:43.359162+00', ''),
	('00000000-0000-0000-0000-000000000000', '33a8a6b4-5bf6-4e89-876c-9a7ea106d754', '{"action":"login","actor_id":"1721245b-3bd8-4226-9c5e-ab6ef9826024","actor_username":"macharete.dev@gmail.com","actor_via_sso":false,"log_type":"account","traits":{"provider":"email"}}', '2025-12-08 23:24:48.153216+00', ''),
	('00000000-0000-0000-0000-000000000000', '8f497473-81a7-4e9a-8136-765822a56d40', '{"action":"token_refreshed","actor_id":"1721245b-3bd8-4226-9c5e-ab6ef9826024","actor_username":"macharete.dev@gmail.com","actor_via_sso":false,"log_type":"token"}', '2025-12-09 00:27:18.910759+00', ''),
	('00000000-0000-0000-0000-000000000000', '7b7dfd95-0eff-4113-9765-f2c0edc26d21', '{"action":"token_revoked","actor_id":"1721245b-3bd8-4226-9c5e-ab6ef9826024","actor_username":"macharete.dev@gmail.com","actor_via_sso":false,"log_type":"token"}', '2025-12-09 00:27:18.933392+00', ''),
	('00000000-0000-0000-0000-000000000000', '213df302-79ba-4deb-8af6-86a707e11df1', '{"action":"user_repeated_signup","actor_id":"ff13af8e-d0ad-45cc-afa3-a146e498e6eb","actor_username":"henriquew2004@gmail.com","actor_via_sso":false,"log_type":"user","traits":{"provider":"email"}}', '2025-12-09 00:37:35.272453+00', ''),
	('00000000-0000-0000-0000-000000000000', '69d805c6-24ee-4dc6-bfb3-3c701063f055', '{"action":"login","actor_id":"ff13af8e-d0ad-45cc-afa3-a146e498e6eb","actor_username":"henriquew2004@gmail.com","actor_via_sso":false,"log_type":"account","traits":{"provider":"email"}}', '2025-12-09 00:37:53.868729+00', ''),
	('00000000-0000-0000-0000-000000000000', '802cc25d-f6ed-4aa6-bc96-ced1391dc8c6', '{"action":"login","actor_id":"ff13af8e-d0ad-45cc-afa3-a146e498e6eb","actor_username":"henriquew2004@gmail.com","actor_via_sso":false,"log_type":"account","traits":{"provider":"email"}}', '2025-12-09 00:38:54.339882+00', ''),
	('00000000-0000-0000-0000-000000000000', '9e7903c9-ec2c-4629-9ca7-3797bd8ddf28', '{"action":"logout","actor_id":"1721245b-3bd8-4226-9c5e-ab6ef9826024","actor_username":"macharete.dev@gmail.com","actor_via_sso":false,"log_type":"account"}', '2025-12-09 00:41:51.176495+00', ''),
	('00000000-0000-0000-0000-000000000000', '8bdd6ff6-a727-445d-89b6-095af22f0a04', '{"action":"login","actor_id":"1721245b-3bd8-4226-9c5e-ab6ef9826024","actor_username":"macharete.dev@gmail.com","actor_via_sso":false,"log_type":"account","traits":{"provider":"email"}}', '2025-12-09 00:57:27.3676+00', ''),
	('00000000-0000-0000-0000-000000000000', '4214433f-01ca-45cf-94fc-6d85f3c20f1f', '{"action":"logout","actor_id":"1721245b-3bd8-4226-9c5e-ab6ef9826024","actor_username":"macharete.dev@gmail.com","actor_via_sso":false,"log_type":"account"}', '2025-12-09 01:04:48.586844+00', ''),
	('00000000-0000-0000-0000-000000000000', '240423a4-c14c-414b-b93f-939a68c657d6', '{"action":"user_recovery_requested","actor_id":"1721245b-3bd8-4226-9c5e-ab6ef9826024","actor_username":"macharete.dev@gmail.com","actor_via_sso":false,"log_type":"user"}', '2025-12-09 01:04:57.827637+00', ''),
	('00000000-0000-0000-0000-000000000000', '8561dbc9-73d6-4c05-92f6-4e82a53cd250', '{"action":"login","actor_id":"1721245b-3bd8-4226-9c5e-ab6ef9826024","actor_username":"macharete.dev@gmail.com","actor_via_sso":false,"log_type":"account","traits":{"provider":"email"}}', '2025-12-09 01:12:08.669424+00', ''),
	('00000000-0000-0000-0000-000000000000', '9d71e9f3-3cb1-4139-b12e-939d9bceb312', '{"action":"logout","actor_id":"1721245b-3bd8-4226-9c5e-ab6ef9826024","actor_username":"macharete.dev@gmail.com","actor_via_sso":false,"log_type":"account"}', '2025-12-09 01:35:21.357759+00', ''),
	('00000000-0000-0000-0000-000000000000', 'e18da74c-b965-43db-a5d4-cb77c3fba5bd', '{"action":"user_repeated_signup","actor_id":"1721245b-3bd8-4226-9c5e-ab6ef9826024","actor_username":"macharete.dev@gmail.com","actor_via_sso":false,"log_type":"user","traits":{"provider":"email"}}', '2025-12-09 01:35:41.446021+00', ''),
	('00000000-0000-0000-0000-000000000000', '113555d0-1f87-4486-b147-5379e477620d', '{"action":"login","actor_id":"1721245b-3bd8-4226-9c5e-ab6ef9826024","actor_username":"macharete.dev@gmail.com","actor_via_sso":false,"log_type":"account","traits":{"provider":"email"}}', '2025-12-09 01:36:25.097771+00', ''),
	('00000000-0000-0000-0000-000000000000', '597ac433-fdb8-450a-9b59-f99b7326859c', '{"action":"token_refreshed","actor_id":"ff13af8e-d0ad-45cc-afa3-a146e498e6eb","actor_username":"henriquew2004@gmail.com","actor_via_sso":false,"log_type":"token"}', '2025-12-09 01:37:20.746582+00', ''),
	('00000000-0000-0000-0000-000000000000', '4b90dc6b-fffb-40dc-a016-e0b504c015ea', '{"action":"token_revoked","actor_id":"ff13af8e-d0ad-45cc-afa3-a146e498e6eb","actor_username":"henriquew2004@gmail.com","actor_via_sso":false,"log_type":"token"}', '2025-12-09 01:37:20.748436+00', ''),
	('00000000-0000-0000-0000-000000000000', '1ca44ca9-09e8-49cd-9bc8-6ac13f04a7a1', '{"action":"logout","actor_id":"1721245b-3bd8-4226-9c5e-ab6ef9826024","actor_username":"macharete.dev@gmail.com","actor_via_sso":false,"log_type":"account"}', '2025-12-09 01:44:15.470609+00', ''),
	('00000000-0000-0000-0000-000000000000', '0fc922d8-27d4-4bf5-ac13-ee7dd0c9c37f', '{"action":"login","actor_id":"6817b433-fce4-4c3e-9e3f-02510fced788","actor_username":"macharetelucas@gmail.com","actor_via_sso":false,"log_type":"account","traits":{"provider":"email"}}', '2025-12-09 01:44:32.191588+00', ''),
	('00000000-0000-0000-0000-000000000000', 'b7be3b63-0a60-4471-aa8c-d350ad035564', '{"action":"logout","actor_id":"ff13af8e-d0ad-45cc-afa3-a146e498e6eb","actor_username":"henriquew2004@gmail.com","actor_via_sso":false,"log_type":"account"}', '2025-12-09 01:46:42.562767+00', ''),
	('00000000-0000-0000-0000-000000000000', 'c5176186-3bb4-4417-b9a6-0c658917b5f7', '{"action":"user_repeated_signup","actor_id":"052c24c5-c4cf-4393-8acd-108a2a894853","actor_username":"os.henriquewilliam@gmail.com","actor_via_sso":false,"log_type":"user","traits":{"provider":"email"}}', '2025-12-09 01:47:17.830089+00', ''),
	('00000000-0000-0000-0000-000000000000', 'b5f0877f-fcc5-478d-bdd8-a7a954d9bf3e', '{"action":"user_repeated_signup","actor_id":"052c24c5-c4cf-4393-8acd-108a2a894853","actor_username":"os.henriquewilliam@gmail.com","actor_via_sso":false,"log_type":"user","traits":{"provider":"email"}}', '2025-12-09 01:47:21.526746+00', ''),
	('00000000-0000-0000-0000-000000000000', 'b713800b-ec5f-4f24-a773-0a94919425fe', '{"action":"user_repeated_signup","actor_id":"052c24c5-c4cf-4393-8acd-108a2a894853","actor_username":"os.henriquewilliam@gmail.com","actor_via_sso":false,"log_type":"user","traits":{"provider":"email"}}', '2025-12-09 01:48:54.629541+00', ''),
	('00000000-0000-0000-0000-000000000000', 'ae270452-19c7-4d3a-bea5-8979d5708997', '{"action":"user_confirmation_requested","actor_id":"d140ea0f-2407-442e-9095-16b15df00c30","actor_username":"rickwill1303@gmail.com","actor_via_sso":false,"log_type":"user","traits":{"provider":"email"}}', '2025-12-09 01:50:08.937093+00', ''),
	('00000000-0000-0000-0000-000000000000', '87410696-f7fd-4527-bd34-5a40dcc2ee55', '{"action":"login","actor_id":"052c24c5-c4cf-4393-8acd-108a2a894853","actor_username":"os.henriquewilliam@gmail.com","actor_via_sso":false,"log_type":"account","traits":{"provider":"email"}}', '2025-12-09 01:58:29.573339+00', ''),
	('00000000-0000-0000-0000-000000000000', 'ff21e1f3-898c-410a-bf00-9dc1efff4e48', '{"action":"login","actor_id":"ff13af8e-d0ad-45cc-afa3-a146e498e6eb","actor_username":"henriquew2004@gmail.com","actor_via_sso":false,"log_type":"account","traits":{"provider":"email"}}', '2025-12-09 13:25:38.738877+00', ''),
	('00000000-0000-0000-0000-000000000000', 'e3f70b12-8b20-4d9b-afb7-ac2e93713f28', '{"action":"token_refreshed","actor_id":"ff13af8e-d0ad-45cc-afa3-a146e498e6eb","actor_username":"henriquew2004@gmail.com","actor_via_sso":false,"log_type":"token"}', '2025-12-09 18:21:09.743087+00', ''),
	('00000000-0000-0000-0000-000000000000', 'd58cb32d-31ad-43af-91a9-c6681d26ee97', '{"action":"token_revoked","actor_id":"ff13af8e-d0ad-45cc-afa3-a146e498e6eb","actor_username":"henriquew2004@gmail.com","actor_via_sso":false,"log_type":"token"}', '2025-12-09 18:21:09.776359+00', ''),
	('00000000-0000-0000-0000-000000000000', '8013500b-9ee0-4f73-bca9-5ebbf4fe7e2f', '{"action":"token_refreshed","actor_id":"ff13af8e-d0ad-45cc-afa3-a146e498e6eb","actor_username":"henriquew2004@gmail.com","actor_via_sso":false,"log_type":"token"}', '2025-12-09 18:21:10.815149+00', ''),
	('00000000-0000-0000-0000-000000000000', 'c371c939-edf8-4f95-9eb4-afe00bdca0b0', '{"action":"token_refreshed","actor_id":"6817b433-fce4-4c3e-9e3f-02510fced788","actor_username":"macharetelucas@gmail.com","actor_via_sso":false,"log_type":"token"}', '2025-12-10 00:02:14.637578+00', ''),
	('00000000-0000-0000-0000-000000000000', '04b57dca-d8d2-444f-9d4d-ddfcde336690', '{"action":"token_revoked","actor_id":"6817b433-fce4-4c3e-9e3f-02510fced788","actor_username":"macharetelucas@gmail.com","actor_via_sso":false,"log_type":"token"}', '2025-12-10 00:02:14.663889+00', ''),
	('00000000-0000-0000-0000-000000000000', '488ffffd-e1bf-40e4-ab62-b74860be0cb3', '{"action":"login","actor_id":"6817b433-fce4-4c3e-9e3f-02510fced788","actor_username":"macharetelucas@gmail.com","actor_via_sso":false,"log_type":"account","traits":{"provider":"email"}}', '2025-12-10 00:39:08.190242+00', ''),
	('00000000-0000-0000-0000-000000000000', 'b498d406-9e52-4763-ba31-325aeeaffe49', '{"action":"logout","actor_id":"6817b433-fce4-4c3e-9e3f-02510fced788","actor_username":"macharetelucas@gmail.com","actor_via_sso":false,"log_type":"account"}', '2025-12-10 00:39:17.013053+00', ''),
	('00000000-0000-0000-0000-000000000000', 'd8a43da9-3ec1-4a6d-8b65-03ae27f3be7c', '{"action":"user_repeated_signup","actor_id":"6817b433-fce4-4c3e-9e3f-02510fced788","actor_username":"macharetelucas@gmail.com","actor_via_sso":false,"log_type":"user","traits":{"provider":"email"}}', '2025-12-10 00:39:27.435236+00', ''),
	('00000000-0000-0000-0000-000000000000', '7d19ac09-170e-4410-8fe9-df80f9e8a1e6', '{"action":"user_repeated_signup","actor_id":"6817b433-fce4-4c3e-9e3f-02510fced788","actor_username":"macharetelucas@gmail.com","actor_via_sso":false,"log_type":"user","traits":{"provider":"email"}}', '2025-12-10 00:40:04.1987+00', ''),
	('00000000-0000-0000-0000-000000000000', '254310c7-2d8f-4c9b-9e3c-65fcd246d5b1', '{"action":"user_repeated_signup","actor_id":"6817b433-fce4-4c3e-9e3f-02510fced788","actor_username":"macharetelucas@gmail.com","actor_via_sso":false,"log_type":"user","traits":{"provider":"email"}}', '2025-12-10 00:40:22.675997+00', ''),
	('00000000-0000-0000-0000-000000000000', 'e2896701-a35f-49c5-9e78-e103132660aa', '{"action":"user_repeated_signup","actor_id":"6817b433-fce4-4c3e-9e3f-02510fced788","actor_username":"macharetelucas@gmail.com","actor_via_sso":false,"log_type":"user","traits":{"provider":"email"}}', '2025-12-10 00:42:01.572439+00', ''),
	('00000000-0000-0000-0000-000000000000', '62a31cd5-e463-4961-b42a-aaa39088c7eb', '{"action":"user_repeated_signup","actor_id":"6817b433-fce4-4c3e-9e3f-02510fced788","actor_username":"macharetelucas@gmail.com","actor_via_sso":false,"log_type":"user","traits":{"provider":"email"}}', '2025-12-10 00:42:03.758414+00', ''),
	('00000000-0000-0000-0000-000000000000', 'a102aad2-4699-409f-8491-a274ac5a4111', '{"action":"user_repeated_signup","actor_id":"6817b433-fce4-4c3e-9e3f-02510fced788","actor_username":"macharetelucas@gmail.com","actor_via_sso":false,"log_type":"user","traits":{"provider":"email"}}', '2025-12-10 00:43:11.857126+00', ''),
	('00000000-0000-0000-0000-000000000000', '02eccbbe-d355-4e94-93d9-bac0160ce702', '{"action":"user_repeated_signup","actor_id":"6817b433-fce4-4c3e-9e3f-02510fced788","actor_username":"macharetelucas@gmail.com","actor_via_sso":false,"log_type":"user","traits":{"provider":"email"}}', '2025-12-10 00:43:16.243484+00', ''),
	('00000000-0000-0000-0000-000000000000', 'ef01e6ab-792c-4385-a22f-21744c7ecccf', '{"action":"user_repeated_signup","actor_id":"6817b433-fce4-4c3e-9e3f-02510fced788","actor_username":"macharetelucas@gmail.com","actor_via_sso":false,"log_type":"user","traits":{"provider":"email"}}', '2025-12-10 00:43:49.037105+00', ''),
	('00000000-0000-0000-0000-000000000000', 'c7f7bc60-3410-4567-98ed-e545647cfc65', '{"action":"user_repeated_signup","actor_id":"6817b433-fce4-4c3e-9e3f-02510fced788","actor_username":"macharetelucas@gmail.com","actor_via_sso":false,"log_type":"user","traits":{"provider":"email"}}', '2025-12-10 00:44:37.946157+00', ''),
	('00000000-0000-0000-0000-000000000000', '5b41203b-9503-43e1-98ac-756bfda61098', '{"action":"login","actor_id":"6817b433-fce4-4c3e-9e3f-02510fced788","actor_username":"macharetelucas@gmail.com","actor_via_sso":false,"log_type":"account","traits":{"provider":"email"}}', '2025-12-10 00:44:53.477418+00', ''),
	('00000000-0000-0000-0000-000000000000', '58f092ec-13ed-422d-ab65-a78a892a8f4d', '{"action":"user_repeated_signup","actor_id":"1721245b-3bd8-4226-9c5e-ab6ef9826024","actor_username":"macharete.dev@gmail.com","actor_via_sso":false,"log_type":"user","traits":{"provider":"email"}}', '2025-12-10 00:45:19.408137+00', ''),
	('00000000-0000-0000-0000-000000000000', '298fc711-8f0e-4b0c-8160-80ffbb2ee5e3', '{"action":"logout","actor_id":"6817b433-fce4-4c3e-9e3f-02510fced788","actor_username":"macharetelucas@gmail.com","actor_via_sso":false,"log_type":"account"}', '2025-12-10 00:46:45.816651+00', ''),
	('00000000-0000-0000-0000-000000000000', '458a41a0-ee41-43f0-8964-1f7ac4fa2cb8', '{"action":"user_repeated_signup","actor_id":"1721245b-3bd8-4226-9c5e-ab6ef9826024","actor_username":"macharete.dev@gmail.com","actor_via_sso":false,"log_type":"user","traits":{"provider":"email"}}', '2025-12-10 00:46:58.716854+00', ''),
	('00000000-0000-0000-0000-000000000000', '3482884e-c423-490f-8d0f-30f56ed1a30b', '{"action":"user_repeated_signup","actor_id":"1721245b-3bd8-4226-9c5e-ab6ef9826024","actor_username":"macharete.dev@gmail.com","actor_via_sso":false,"log_type":"user","traits":{"provider":"email"}}', '2025-12-10 00:56:28.485123+00', ''),
	('00000000-0000-0000-0000-000000000000', '5d2db287-cf00-4694-9db4-efa5959573b4', '{"action":"user_repeated_signup","actor_id":"1721245b-3bd8-4226-9c5e-ab6ef9826024","actor_username":"macharete.dev@gmail.com","actor_via_sso":false,"log_type":"user","traits":{"provider":"email"}}', '2025-12-10 00:56:39.181909+00', ''),
	('00000000-0000-0000-0000-000000000000', '29ddcfbf-1c00-4bba-895b-17f6ef4f456b', '{"action":"user_repeated_signup","actor_id":"1721245b-3bd8-4226-9c5e-ab6ef9826024","actor_username":"macharete.dev@gmail.com","actor_via_sso":false,"log_type":"user","traits":{"provider":"email"}}', '2025-12-10 00:56:42.330292+00', ''),
	('00000000-0000-0000-0000-000000000000', 'c931bee0-675d-4df8-bac9-802329114549', '{"action":"user_repeated_signup","actor_id":"1721245b-3bd8-4226-9c5e-ab6ef9826024","actor_username":"macharete.dev@gmail.com","actor_via_sso":false,"log_type":"user","traits":{"provider":"email"}}', '2025-12-10 00:57:26.776806+00', ''),
	('00000000-0000-0000-0000-000000000000', '3dcf93fc-9b58-47dd-8d03-93e55bdc72c2', '{"action":"user_repeated_signup","actor_id":"1721245b-3bd8-4226-9c5e-ab6ef9826024","actor_username":"macharete.dev@gmail.com","actor_via_sso":false,"log_type":"user","traits":{"provider":"email"}}', '2025-12-10 00:57:42.620102+00', ''),
	('00000000-0000-0000-0000-000000000000', '488ef84a-66e3-44ad-bb69-6621aeae1251', '{"action":"user_repeated_signup","actor_id":"1721245b-3bd8-4226-9c5e-ab6ef9826024","actor_username":"macharete.dev@gmail.com","actor_via_sso":false,"log_type":"user","traits":{"provider":"email"}}', '2025-12-10 00:58:10.060755+00', ''),
	('00000000-0000-0000-0000-000000000000', 'f67d24a0-3f7a-4366-9b72-0d67df42507c', '{"action":"user_repeated_signup","actor_id":"1721245b-3bd8-4226-9c5e-ab6ef9826024","actor_username":"macharete.dev@gmail.com","actor_via_sso":false,"log_type":"user","traits":{"provider":"email"}}', '2025-12-10 00:58:30.180278+00', ''),
	('00000000-0000-0000-0000-000000000000', '796a0b2b-44e2-443b-bcf7-9b811261ca6f', '{"action":"token_refreshed","actor_id":"51b85870-5538-4336-bcc6-1bfd7fd3699a","actor_username":"biancajp476@gmail.com","actor_via_sso":false,"log_type":"token"}', '2025-12-10 01:37:35.908217+00', ''),
	('00000000-0000-0000-0000-000000000000', '142e3e8f-cdab-412a-9794-db6b6807cbf3', '{"action":"token_revoked","actor_id":"51b85870-5538-4336-bcc6-1bfd7fd3699a","actor_username":"biancajp476@gmail.com","actor_via_sso":false,"log_type":"token"}', '2025-12-10 01:37:35.930543+00', ''),
	('00000000-0000-0000-0000-000000000000', 'f1ee98d0-5749-4d5d-920b-b4113d22c40e', '{"action":"token_refreshed","actor_id":"51b85870-5538-4336-bcc6-1bfd7fd3699a","actor_username":"biancajp476@gmail.com","actor_via_sso":false,"log_type":"token"}', '2025-12-10 01:37:36.010617+00', ''),
	('00000000-0000-0000-0000-000000000000', '220ab2f9-9bfe-461f-b568-867630d6fe0c', '{"action":"login","actor_id":"6817b433-fce4-4c3e-9e3f-02510fced788","actor_username":"macharetelucas@gmail.com","actor_via_sso":false,"log_type":"account","traits":{"provider":"email"}}', '2025-12-10 01:40:41.38187+00', ''),
	('00000000-0000-0000-0000-000000000000', 'a3841ed7-8d59-4479-b3d3-9bd1d19c74a9', '{"action":"login","actor_id":"6817b433-fce4-4c3e-9e3f-02510fced788","actor_username":"macharetelucas@gmail.com","actor_via_sso":false,"log_type":"account","traits":{"provider":"email"}}', '2025-12-10 15:34:50.397712+00', ''),
	('00000000-0000-0000-0000-000000000000', '9a5d1edc-aeb3-459d-a4f0-521e74c7594a', '{"action":"token_refreshed","actor_id":"6817b433-fce4-4c3e-9e3f-02510fced788","actor_username":"macharetelucas@gmail.com","actor_via_sso":false,"log_type":"token"}', '2025-12-10 22:58:25.785787+00', ''),
	('00000000-0000-0000-0000-000000000000', '97437bf3-ac12-40e3-afe1-ecc491c73383', '{"action":"token_revoked","actor_id":"6817b433-fce4-4c3e-9e3f-02510fced788","actor_username":"macharetelucas@gmail.com","actor_via_sso":false,"log_type":"token"}', '2025-12-10 22:58:25.818152+00', ''),
	('00000000-0000-0000-0000-000000000000', 'f4841a05-6483-4149-a0d6-43d290bf8c22', '{"action":"token_refreshed","actor_id":"51b85870-5538-4336-bcc6-1bfd7fd3699a","actor_username":"biancajp476@gmail.com","actor_via_sso":false,"log_type":"token"}', '2025-12-11 12:03:21.53224+00', ''),
	('00000000-0000-0000-0000-000000000000', 'de621e89-57cb-40eb-be6c-0309d339f4f9', '{"action":"token_revoked","actor_id":"51b85870-5538-4336-bcc6-1bfd7fd3699a","actor_username":"biancajp476@gmail.com","actor_via_sso":false,"log_type":"token"}', '2025-12-11 12:03:21.556018+00', ''),
	('00000000-0000-0000-0000-000000000000', '62da809f-22c1-46d4-9ad8-04430120fe9b', '{"action":"token_refreshed","actor_id":"51b85870-5538-4336-bcc6-1bfd7fd3699a","actor_username":"biancajp476@gmail.com","actor_via_sso":false,"log_type":"token"}', '2025-12-11 12:03:21.651157+00', ''),
	('00000000-0000-0000-0000-000000000000', '538d249a-a126-4231-a279-436acb0622ea', '{"action":"token_refreshed","actor_id":"51b85870-5538-4336-bcc6-1bfd7fd3699a","actor_username":"biancajp476@gmail.com","actor_via_sso":false,"log_type":"token"}', '2025-12-11 13:29:50.876815+00', ''),
	('00000000-0000-0000-0000-000000000000', '18e1a760-46d8-44bd-b701-0c3da1fa4a36', '{"action":"token_revoked","actor_id":"51b85870-5538-4336-bcc6-1bfd7fd3699a","actor_username":"biancajp476@gmail.com","actor_via_sso":false,"log_type":"token"}', '2025-12-11 13:29:50.893553+00', ''),
	('00000000-0000-0000-0000-000000000000', '9ba8e897-980d-4e36-ab57-f17240ed2dd9', '{"action":"token_refreshed","actor_id":"51b85870-5538-4336-bcc6-1bfd7fd3699a","actor_username":"biancajp476@gmail.com","actor_via_sso":false,"log_type":"token"}', '2025-12-11 16:25:39.316075+00', ''),
	('00000000-0000-0000-0000-000000000000', '4521f53f-b302-43ab-9f59-6557de216011', '{"action":"token_revoked","actor_id":"51b85870-5538-4336-bcc6-1bfd7fd3699a","actor_username":"biancajp476@gmail.com","actor_via_sso":false,"log_type":"token"}', '2025-12-11 16:25:39.347282+00', ''),
	('00000000-0000-0000-0000-000000000000', '04702701-b14e-424d-b3f7-f7d77df8ea23', '{"action":"token_refreshed","actor_id":"51b85870-5538-4336-bcc6-1bfd7fd3699a","actor_username":"biancajp476@gmail.com","actor_via_sso":false,"log_type":"token"}', '2025-12-11 18:13:50.854875+00', ''),
	('00000000-0000-0000-0000-000000000000', '4b74a50e-8e28-4f5b-b7f3-e4316c39ad0d', '{"action":"token_revoked","actor_id":"51b85870-5538-4336-bcc6-1bfd7fd3699a","actor_username":"biancajp476@gmail.com","actor_via_sso":false,"log_type":"token"}', '2025-12-11 18:13:50.878148+00', ''),
	('00000000-0000-0000-0000-000000000000', '99c180bd-1614-4423-af89-f7043ea02f02', '{"action":"token_refreshed","actor_id":"51b85870-5538-4336-bcc6-1bfd7fd3699a","actor_username":"biancajp476@gmail.com","actor_via_sso":false,"log_type":"token"}', '2025-12-12 18:19:04.703741+00', ''),
	('00000000-0000-0000-0000-000000000000', '7c9f081a-c21d-407e-815f-4325074f4194', '{"action":"token_revoked","actor_id":"51b85870-5538-4336-bcc6-1bfd7fd3699a","actor_username":"biancajp476@gmail.com","actor_via_sso":false,"log_type":"token"}', '2025-12-12 18:19:04.735028+00', ''),
	('00000000-0000-0000-0000-000000000000', 'b2c3294a-c846-45c7-bc13-1d46722c39b4', '{"action":"login","actor_id":"6817b433-fce4-4c3e-9e3f-02510fced788","actor_username":"macharetelucas@gmail.com","actor_via_sso":false,"log_type":"account","traits":{"provider":"email"}}', '2025-12-13 01:33:33.218131+00', ''),
	('00000000-0000-0000-0000-000000000000', 'f382cd5c-6f80-40e7-83fb-a3b98e9bef52', '{"action":"token_refreshed","actor_id":"6817b433-fce4-4c3e-9e3f-02510fced788","actor_username":"macharetelucas@gmail.com","actor_via_sso":false,"log_type":"token"}', '2025-12-13 17:53:31.820637+00', ''),
	('00000000-0000-0000-0000-000000000000', 'be0f2091-48b3-479c-bff6-02c9fb846f08', '{"action":"token_revoked","actor_id":"6817b433-fce4-4c3e-9e3f-02510fced788","actor_username":"macharetelucas@gmail.com","actor_via_sso":false,"log_type":"token"}', '2025-12-13 17:53:31.849643+00', ''),
	('00000000-0000-0000-0000-000000000000', '075477e4-53a7-41f5-aaa9-ff6e0c7a6e12', '{"action":"token_refreshed","actor_id":"6817b433-fce4-4c3e-9e3f-02510fced788","actor_username":"macharetelucas@gmail.com","actor_via_sso":false,"log_type":"token"}', '2025-12-13 17:53:31.950661+00', ''),
	('00000000-0000-0000-0000-000000000000', 'ae2f745a-2ef6-4498-a89e-83703b06b10f', '{"action":"token_refreshed","actor_id":"6817b433-fce4-4c3e-9e3f-02510fced788","actor_username":"macharetelucas@gmail.com","actor_via_sso":false,"log_type":"token"}', '2025-12-14 01:13:12.202053+00', ''),
	('00000000-0000-0000-0000-000000000000', 'daa2bd52-0caf-4b34-8709-9c8b9e54387e', '{"action":"token_revoked","actor_id":"6817b433-fce4-4c3e-9e3f-02510fced788","actor_username":"macharetelucas@gmail.com","actor_via_sso":false,"log_type":"token"}', '2025-12-14 01:13:12.230981+00', ''),
	('00000000-0000-0000-0000-000000000000', 'a9f6c14f-f0a8-4f3d-9dbf-709b866b1536', '{"action":"token_refreshed","actor_id":"6817b433-fce4-4c3e-9e3f-02510fced788","actor_username":"macharetelucas@gmail.com","actor_via_sso":false,"log_type":"token"}', '2025-12-14 01:13:13.831811+00', ''),
	('00000000-0000-0000-0000-000000000000', '3a40623e-5c76-4b91-b788-9949f219629a', '{"action":"logout","actor_id":"6817b433-fce4-4c3e-9e3f-02510fced788","actor_username":"macharetelucas@gmail.com","actor_via_sso":false,"log_type":"account"}', '2025-12-14 01:13:25.045563+00', ''),
	('00000000-0000-0000-0000-000000000000', 'e3bc09a7-dc69-4a36-903a-ca6875d81ca5', '{"action":"login","actor_id":"1721245b-3bd8-4226-9c5e-ab6ef9826024","actor_username":"macharete.dev@gmail.com","actor_via_sso":false,"log_type":"account","traits":{"provider":"email"}}', '2025-12-14 01:14:17.302154+00', ''),
	('00000000-0000-0000-0000-000000000000', '99875179-33ae-4135-89ca-d055fa5fe799', '{"action":"token_refreshed","actor_id":"85d521d4-986d-40cb-9eeb-ea49dd302809","actor_username":"rafaelmacharete29@gmail.com","actor_via_sso":false,"log_type":"token"}', '2025-12-14 10:36:47.953284+00', ''),
	('00000000-0000-0000-0000-000000000000', 'e1d98cd7-24ec-44df-9035-1b390137dd3d', '{"action":"token_refreshed","actor_id":"85d521d4-986d-40cb-9eeb-ea49dd302809","actor_username":"rafaelmacharete29@gmail.com","actor_via_sso":false,"log_type":"token"}', '2025-12-15 01:54:30.468088+00', ''),
	('00000000-0000-0000-0000-000000000000', '5125d45d-486b-4cd3-868b-b656f5d77d4c', '{"action":"token_revoked","actor_id":"85d521d4-986d-40cb-9eeb-ea49dd302809","actor_username":"rafaelmacharete29@gmail.com","actor_via_sso":false,"log_type":"token"}', '2025-12-15 01:54:30.499475+00', ''),
	('00000000-0000-0000-0000-000000000000', 'c410b914-c8ad-4b9b-a482-7c8e609ab2af', '{"action":"login","actor_id":"1721245b-3bd8-4226-9c5e-ab6ef9826024","actor_username":"macharete.dev@gmail.com","actor_via_sso":false,"log_type":"account","traits":{"provider":"email"}}', '2025-12-15 11:59:22.350359+00', ''),
	('00000000-0000-0000-0000-000000000000', '3622b8e7-540e-46a8-8d35-32d798451b6e', '{"action":"token_refreshed","actor_id":"1721245b-3bd8-4226-9c5e-ab6ef9826024","actor_username":"macharete.dev@gmail.com","actor_via_sso":false,"log_type":"token"}', '2025-12-15 13:47:51.679022+00', ''),
	('00000000-0000-0000-0000-000000000000', 'd07ed698-b5aa-43cd-b073-e02dc0174c68', '{"action":"token_revoked","actor_id":"1721245b-3bd8-4226-9c5e-ab6ef9826024","actor_username":"macharete.dev@gmail.com","actor_via_sso":false,"log_type":"token"}', '2025-12-15 13:47:51.6915+00', ''),
	('00000000-0000-0000-0000-000000000000', 'b2bb8ed4-97a0-464a-a9ed-2782a19de3e1', '{"action":"token_refreshed","actor_id":"1721245b-3bd8-4226-9c5e-ab6ef9826024","actor_username":"macharete.dev@gmail.com","actor_via_sso":false,"log_type":"token"}', '2025-12-15 13:47:53.995551+00', ''),
	('00000000-0000-0000-0000-000000000000', '84396779-e599-4980-9b83-318a2fead7a1', '{"action":"login","actor_id":"6817b433-fce4-4c3e-9e3f-02510fced788","actor_username":"macharetelucas@gmail.com","actor_via_sso":false,"log_type":"account","traits":{"provider":"email"}}', '2025-12-15 21:42:12.511671+00', ''),
	('00000000-0000-0000-0000-000000000000', '859a4d5d-835d-4e06-b62b-1e1da6d247da', '{"action":"login","actor_id":"1721245b-3bd8-4226-9c5e-ab6ef9826024","actor_username":"macharete.dev@gmail.com","actor_via_sso":false,"log_type":"account","traits":{"provider":"email"}}', '2025-12-15 21:42:33.822281+00', ''),
	('00000000-0000-0000-0000-000000000000', '3c15ab10-e35c-44c4-a46f-b4ec9b1d06dd', '{"action":"login","actor_id":"6817b433-fce4-4c3e-9e3f-02510fced788","actor_username":"macharetelucas@gmail.com","actor_via_sso":false,"log_type":"account","traits":{"provider":"email"}}', '2025-12-15 21:43:57.734796+00', ''),
	('00000000-0000-0000-0000-000000000000', '02579658-70f9-44a2-b5d5-13a4f4bb8fc6', '{"action":"login","actor_id":"6817b433-fce4-4c3e-9e3f-02510fced788","actor_username":"macharetelucas@gmail.com","actor_via_sso":false,"log_type":"account","traits":{"provider":"email"}}', '2025-12-15 22:41:01.290974+00', ''),
	('00000000-0000-0000-0000-000000000000', '648a0e11-7411-4b93-abab-a351f1a13ff0', '{"action":"login","actor_id":"6817b433-fce4-4c3e-9e3f-02510fced788","actor_username":"macharetelucas@gmail.com","actor_via_sso":false,"log_type":"account","traits":{"provider":"email"}}', '2025-12-15 22:41:02.775527+00', '');


--
-- Data for Name: flow_state; Type: TABLE DATA; Schema: auth; Owner: supabase_auth_admin
--

INSERT INTO "auth"."flow_state" ("id", "user_id", "auth_code", "code_challenge_method", "code_challenge", "provider_type", "provider_access_token", "provider_refresh_token", "created_at", "updated_at", "authentication_method", "auth_code_issued_at") VALUES
	('2deeb841-0490-46a6-9630-6470845a1f91', '111dda23-bd2b-49dd-8993-e495516e8b73', '7d5fc953-3db5-4c93-9fc1-af9c658b507b', 's256', 'sHBiyYk-OtrcP0e6OI4-G6_MVo0RAxdYXnfOkPo1FIg', 'email', '', '', '2025-11-28 19:48:46.179034+00', '2025-11-28 19:48:46.179034+00', 'email/signup', NULL),
	('dc2c05d0-78c1-4303-9f44-30f7c19ac7f0', 'ff13af8e-d0ad-45cc-afa3-a146e498e6eb', 'd8c766a6-33dc-4d93-9bcb-e208942f9173', 's256', '7-NTVb5ESHAc0iOuxvViDZF9CNp4kqZSBWYWfA5Tmpg', 'email', '', '', '2025-12-03 23:17:16.730687+00', '2025-12-03 23:17:30.931003+00', 'email/signup', '2025-12-03 23:17:30.930965+00'),
	('1821eb43-c439-4d0a-ab5c-c874749624e6', '111dda23-bd2b-49dd-8993-e495516e8b73', '602da630-c12a-4b84-847d-010710286e48', 's256', 'Cm7Px2DmxScrS0y4lfJWEsL8eo5U4_BSifWu4vN-K-o', 'email', '', '', '2025-12-05 21:01:32.813702+00', '2025-12-05 21:02:34.555661+00', 'email/signup', '2025-12-05 21:02:34.55562+00'),
	('8f91b8bc-e47c-4f2d-aebd-838fbfece993', '85d521d4-986d-40cb-9eeb-ea49dd302809', '1aa3b5e9-979c-4f44-bff0-d7aa39e1664d', 's256', 'yT0eo9tn9IevRFS6LxK2n6aKpVEqJd10FC6QT3-FZPk', 'email', '', '', '2025-12-05 21:02:14.743007+00', '2025-12-05 21:03:58.920031+00', 'email/signup', '2025-12-05 21:03:58.91999+00'),
	('57b1a814-6067-4825-88fd-324f185f50ca', '1721245b-3bd8-4226-9c5e-ab6ef9826024', 'c97bf6d1-05ed-4009-93ce-eae4586af6df', 's256', 'RN9FgVrAsjIUlmt0xRK8NRwKbo91bIlCbmVxSxQnRiA', 'magiclink', '', '', '2025-12-09 01:04:57.814425+00', '2025-12-09 01:04:57.814425+00', 'magiclink', NULL),
	('9e963776-71b7-43dd-852b-4260b0c6005c', 'd140ea0f-2407-442e-9095-16b15df00c30', '50014149-7af3-4b85-88b2-5b50e1a7a767', 's256', 'fErhg2RhAXnpefRjGU2R_UxgylmfBi8aix-cn-hvn0g', 'email', '', '', '2025-12-09 01:50:08.93894+00', '2025-12-09 01:50:08.93894+00', 'email/signup', NULL);


--
-- Data for Name: users; Type: TABLE DATA; Schema: auth; Owner: supabase_auth_admin
--

INSERT INTO "auth"."users" ("instance_id", "id", "aud", "role", "email", "encrypted_password", "email_confirmed_at", "invited_at", "confirmation_token", "confirmation_sent_at", "recovery_token", "recovery_sent_at", "email_change_token_new", "email_change", "email_change_sent_at", "last_sign_in_at", "raw_app_meta_data", "raw_user_meta_data", "is_super_admin", "created_at", "updated_at", "phone", "phone_confirmed_at", "phone_change", "phone_change_token", "phone_change_sent_at", "email_change_token_current", "email_change_confirm_status", "banned_until", "reauthentication_token", "reauthentication_sent_at", "is_sso_user", "deleted_at", "is_anonymous") VALUES
	('00000000-0000-0000-0000-000000000000', '579e9c00-fe76-4825-8390-24d030373970', 'authenticated', 'authenticated', 'lucas.macharete@br.bosch.com', '$2a$10$RNlzMYHqP59uyimNCTEA0erkGGzXGBJwSMTFp1CU/P7jO/T.mvbBO', '2025-11-28 21:22:44.216617+00', NULL, '', '2025-11-28 21:22:09.560565+00', '', NULL, '', '', NULL, '2025-12-08 23:19:46.510949+00', '{"provider": "email", "providers": ["email"]}', '{"sub": "579e9c00-fe76-4825-8390-24d030373970", "name": "BLucas", "email": "lucas.macharete@br.bosch.com", "email_verified": true, "phone_verified": false}', NULL, '2025-11-28 21:22:09.461405+00', '2025-12-08 23:19:46.529537+00', NULL, NULL, '', '', NULL, '', 0, NULL, '', NULL, false, NULL, false),
	('00000000-0000-0000-0000-000000000000', '51b85870-5538-4336-bcc6-1bfd7fd3699a', 'authenticated', 'authenticated', 'biancajp476@gmail.com', '$2a$10$ftuVyhVCeYdADZSRKRBj/OWM3q4kk7x.DNNyIByvXyBlmGvqO7gi.', '2025-07-19 14:04:15.247593+00', NULL, '', '2025-07-19 14:04:00.269804+00', '', '2025-08-07 23:28:38.448474+00', '', '', NULL, '2025-11-28 14:31:47.795951+00', '{"provider": "email", "providers": ["email"]}', '{"sub": "51b85870-5538-4336-bcc6-1bfd7fd3699a", "email": "biancajp476@gmail.com", "email_verified": true, "phone_verified": false}', NULL, '2025-07-19 14:04:00.26311+00', '2025-12-12 18:19:04.776609+00', NULL, NULL, '', '', NULL, '', 0, NULL, '', NULL, false, NULL, false),
	('00000000-0000-0000-0000-000000000000', '85d521d4-986d-40cb-9eeb-ea49dd302809', 'authenticated', 'authenticated', 'rafaelmacharete29@gmail.com', '$2a$10$tJ6lbXMumldrs1E2ewGJAOdRlRcaEODdd62DvLJCwKGjoKkGYHawK', '2025-12-05 21:03:58.903708+00', NULL, '', '2025-12-05 21:02:14.743537+00', '', NULL, '', '', NULL, '2025-12-07 14:24:26.282394+00', '{"provider": "email", "providers": ["email"]}', '{"sub": "85d521d4-986d-40cb-9eeb-ea49dd302809", "name": "Rafael", "email": "rafaelmacharete29@gmail.com", "email_verified": true, "phone_verified": false}', NULL, '2025-12-05 21:02:14.721108+00', '2025-12-15 01:54:30.553947+00', NULL, NULL, '', '', NULL, '', 0, NULL, '', NULL, false, NULL, false),
	('00000000-0000-0000-0000-000000000000', '6817b433-fce4-4c3e-9e3f-02510fced788', 'authenticated', 'authenticated', 'macharetelucas@gmail.com', '$2a$10$HsyugW6ZbnxWwdSH9Rx92eDv94j5V3gRUQuLffQzGUeYr9zeRkIRy', '2025-07-18 19:43:54.413647+00', NULL, '', '2025-07-18 19:43:12.766659+00', '', NULL, '', '', NULL, '2025-12-15 22:41:02.781133+00', '{"provider": "email", "providers": ["email"]}', '{"sub": "6817b433-fce4-4c3e-9e3f-02510fced788", "email": "macharetelucas@gmail.com", "email_verified": true, "phone_verified": false}', NULL, '2025-07-18 19:40:14.157282+00', '2025-12-15 22:41:02.782961+00', NULL, NULL, '', '', NULL, '', 0, NULL, '', NULL, false, NULL, false),
	('00000000-0000-0000-0000-000000000000', 'ff13af8e-d0ad-45cc-afa3-a146e498e6eb', 'authenticated', 'authenticated', 'henriquew2004@gmail.com', '$2a$10$HIiLoTJl9SNkz8sSKYQTiOM5i0/zukDU/4axuawRnQR0Nybi5pfAu', '2025-12-03 23:17:30.923037+00', NULL, '', NULL, '', NULL, '', '', NULL, '2025-12-09 13:25:38.771101+00', '{"provider": "email", "providers": ["email"]}', '{"sub": "ff13af8e-d0ad-45cc-afa3-a146e498e6eb", "name": "Henrique William Oliveira da Silva", "email": "henriquew2004@gmail.com", "email_verified": true, "phone_verified": false}', NULL, '2025-12-03 23:17:16.683215+00', '2025-12-09 18:21:09.81907+00', NULL, NULL, '', '', NULL, '', 0, NULL, '', NULL, false, NULL, false),
	('00000000-0000-0000-0000-000000000000', '5d81756e-dc4f-4236-adb7-c28a53b63198', 'authenticated', 'authenticated', 'gabrieldaichi01@gmail.com', '$2a$10$.IVbfn9TbIE2MawjrIP7Ou/q1dKVslsoc4Cul1vciIIm9Dc159uTe', '2025-11-28 16:51:22.390217+00', NULL, '', '2025-11-28 16:50:47.081532+00', '', NULL, '', '', NULL, '2025-11-28 16:51:31.220589+00', '{"provider": "email", "providers": ["email"]}', '{"sub": "5d81756e-dc4f-4236-adb7-c28a53b63198", "name": "GABRIEL OTTAVIANI FEITOZA DA SILVA", "email": "gabrieldaichi01@gmail.com", "email_verified": true, "phone_verified": false}', NULL, '2025-11-28 16:50:46.956975+00', '2025-11-28 18:02:41.470142+00', NULL, NULL, '', '', NULL, '', 0, NULL, '', NULL, false, NULL, false),
	('00000000-0000-0000-0000-000000000000', 'd140ea0f-2407-442e-9095-16b15df00c30', 'authenticated', 'authenticated', 'rickwill1303@gmail.com', '$2a$10$kK8ALZtw3bU2U4M2s6nfxeushzxNa7h7KXij1v8hRzHlohRaXpcyG', NULL, NULL, 'pkce_1f4e57f9f47b2c52191c60bd4313523899e31a2b17a4e4a92347cec1', '2025-12-09 01:50:08.948122+00', '', NULL, '', '', NULL, NULL, '{"provider": "email", "providers": ["email"]}', '{"sub": "d140ea0f-2407-442e-9095-16b15df00c30", "name": "Henrique Test", "email": "rickwill1303@gmail.com", "email_verified": false, "phone_verified": false}', NULL, '2025-12-09 01:50:08.901976+00', '2025-12-09 01:50:10.647488+00', NULL, NULL, '', '', NULL, '', 0, NULL, '', NULL, false, NULL, false),
	('00000000-0000-0000-0000-000000000000', '1721245b-3bd8-4226-9c5e-ab6ef9826024', 'authenticated', 'authenticated', 'macharete.dev@gmail.com', '$2a$10$AwCZOPxYaj.LWrm8KCVgAuVBl6t/TD.9J.eXuW18ET.XquRqnD/A2', '2025-12-03 23:50:29.164823+00', NULL, '', '2025-12-03 23:50:18.8432+00', 'pkce_688d3f11f4539f130d3a7a3d5ab00686954bddba8d6798c8d764d7ec', '2025-12-09 01:04:57.830111+00', '', '', NULL, '2025-12-15 21:42:33.823653+00', '{"provider": "email", "providers": ["email"]}', '{"sub": "1721245b-3bd8-4226-9c5e-ab6ef9826024", "name": "Lucas Macharete", "email": "macharete.dev@gmail.com", "email_verified": true, "phone_verified": false}', NULL, '2025-12-03 23:50:18.801254+00', '2025-12-15 21:42:33.828231+00', NULL, NULL, '', '', NULL, '', 0, NULL, '', NULL, false, NULL, false),
	('00000000-0000-0000-0000-000000000000', '111dda23-bd2b-49dd-8993-e495516e8b73', 'authenticated', 'authenticated', 'rafaelmacharete00@gmail.com', '$2a$10$jtzZ2XyKDeINmm26IK5vVeBSAdpy3CfOOLY4y/2BgwJE6z0DPw5Ku', '2025-12-05 21:02:34.536413+00', NULL, '', '2025-12-05 21:01:32.832613+00', '', NULL, '', '', NULL, NULL, '{"provider": "email", "providers": ["email"]}', '{"sub": "111dda23-bd2b-49dd-8993-e495516e8b73", "name": "Rafael", "email": "rafaelmacharete00@gmail.com", "email_verified": true, "phone_verified": false}', NULL, '2025-11-28 19:48:46.069366+00', '2025-12-05 21:02:34.54902+00', NULL, NULL, '', '', NULL, '', 0, NULL, '', NULL, false, NULL, false),
	('00000000-0000-0000-0000-000000000000', '052c24c5-c4cf-4393-8acd-108a2a894853', 'authenticated', 'authenticated', 'os.henriquewilliam@gmail.com', '$2a$10$8DZrkXbQXbOrtBOziJLx8eJXFvVlGbIYJuVsZ65go9HzLtNUD/OaS', '2025-11-25 00:22:27.157025+00', NULL, '', '2025-11-25 00:22:07.496638+00', '', NULL, '', '', NULL, '2025-12-09 01:58:29.590951+00', '{"provider": "email", "providers": ["email"]}', '{"sub": "052c24c5-c4cf-4393-8acd-108a2a894853", "name": "Henrique", "email": "os.henriquewilliam@gmail.com", "email_verified": true, "phone_verified": false}', NULL, '2025-11-25 00:22:07.431391+00', '2025-12-09 01:58:29.598103+00', NULL, NULL, '', '', NULL, '', 0, NULL, '', NULL, false, NULL, false);


--
-- Data for Name: identities; Type: TABLE DATA; Schema: auth; Owner: supabase_auth_admin
--

INSERT INTO "auth"."identities" ("provider_id", "user_id", "identity_data", "provider", "last_sign_in_at", "created_at", "updated_at", "id") VALUES
	('6817b433-fce4-4c3e-9e3f-02510fced788', '6817b433-fce4-4c3e-9e3f-02510fced788', '{"sub": "6817b433-fce4-4c3e-9e3f-02510fced788", "email": "macharetelucas@gmail.com", "email_verified": true, "phone_verified": false}', 'email', '2025-07-18 19:40:14.174724+00', '2025-07-18 19:40:14.174779+00', '2025-07-18 19:40:14.174779+00', 'e2261b80-5e66-4dd2-ac4b-26ad185f28c6'),
	('1721245b-3bd8-4226-9c5e-ab6ef9826024', '1721245b-3bd8-4226-9c5e-ab6ef9826024', '{"sub": "1721245b-3bd8-4226-9c5e-ab6ef9826024", "name": "Lucas Macharete", "email": "macharete.dev@gmail.com", "email_verified": true, "phone_verified": false}', 'email', '2025-12-03 23:50:18.82654+00', '2025-12-03 23:50:18.826595+00', '2025-12-03 23:50:18.826595+00', '981efdda-3c72-4f11-8284-16ceb390a33b'),
	('111dda23-bd2b-49dd-8993-e495516e8b73', '111dda23-bd2b-49dd-8993-e495516e8b73', '{"sub": "111dda23-bd2b-49dd-8993-e495516e8b73", "name": "Rafael", "email": "rafaelmacharete00@gmail.com", "email_verified": true, "phone_verified": false}', 'email', '2025-11-28 19:48:46.129351+00', '2025-11-28 19:48:46.129406+00', '2025-11-28 19:48:46.129406+00', 'fcdac6a9-b4c2-4d59-8771-c9283f86c4a1'),
	('85d521d4-986d-40cb-9eeb-ea49dd302809', '85d521d4-986d-40cb-9eeb-ea49dd302809', '{"sub": "85d521d4-986d-40cb-9eeb-ea49dd302809", "name": "Rafael", "email": "rafaelmacharete29@gmail.com", "email_verified": true, "phone_verified": false}', 'email', '2025-12-05 21:02:14.73234+00', '2025-12-05 21:02:14.732396+00', '2025-12-05 21:02:14.732396+00', '589cc4f7-0811-41d4-a222-94df5feecfa1'),
	('d140ea0f-2407-442e-9095-16b15df00c30', 'd140ea0f-2407-442e-9095-16b15df00c30', '{"sub": "d140ea0f-2407-442e-9095-16b15df00c30", "name": "Henrique Test", "email": "rickwill1303@gmail.com", "email_verified": false, "phone_verified": false}', 'email', '2025-12-09 01:50:08.924396+00', '2025-12-09 01:50:08.924459+00', '2025-12-09 01:50:08.924459+00', '86cf8ccb-a4d4-4899-a1ba-0c2632235063'),
	('51b85870-5538-4336-bcc6-1bfd7fd3699a', '51b85870-5538-4336-bcc6-1bfd7fd3699a', '{"sub": "51b85870-5538-4336-bcc6-1bfd7fd3699a", "email": "biancajp476@gmail.com", "email_verified": true, "phone_verified": false}', 'email', '2025-07-19 14:04:00.266526+00', '2025-07-19 14:04:00.266574+00', '2025-07-19 14:04:00.266574+00', 'c0df12fa-10d6-4d94-86a7-b81c8adf0140'),
	('052c24c5-c4cf-4393-8acd-108a2a894853', '052c24c5-c4cf-4393-8acd-108a2a894853', '{"sub": "052c24c5-c4cf-4393-8acd-108a2a894853", "name": "Henrique", "email": "os.henriquewilliam@gmail.com", "email_verified": true, "phone_verified": false}', 'email', '2025-11-25 00:22:07.47495+00', '2025-11-25 00:22:07.475+00', '2025-11-25 00:22:07.475+00', '491bdb9d-a92a-43f2-9660-65403bbe0059'),
	('5d81756e-dc4f-4236-adb7-c28a53b63198', '5d81756e-dc4f-4236-adb7-c28a53b63198', '{"sub": "5d81756e-dc4f-4236-adb7-c28a53b63198", "name": "GABRIEL OTTAVIANI FEITOZA DA SILVA", "email": "gabrieldaichi01@gmail.com", "email_verified": true, "phone_verified": false}', 'email', '2025-11-28 16:50:47.017867+00', '2025-11-28 16:50:47.017924+00', '2025-11-28 16:50:47.017924+00', '1edbfaad-9222-40a2-a8e8-0ca76293eff2'),
	('579e9c00-fe76-4825-8390-24d030373970', '579e9c00-fe76-4825-8390-24d030373970', '{"sub": "579e9c00-fe76-4825-8390-24d030373970", "name": "BLucas", "email": "lucas.macharete@br.bosch.com", "email_verified": true, "phone_verified": false}', 'email', '2025-11-28 21:22:09.521832+00', '2025-11-28 21:22:09.521895+00', '2025-11-28 21:22:09.521895+00', 'cc8468b1-1f4a-42ec-b533-3a93d3af9f54'),
	('ff13af8e-d0ad-45cc-afa3-a146e498e6eb', 'ff13af8e-d0ad-45cc-afa3-a146e498e6eb', '{"sub": "ff13af8e-d0ad-45cc-afa3-a146e498e6eb", "name": "Henrique William Oliveira da Silva", "email": "henriquew2004@gmail.com", "email_verified": true, "phone_verified": false}', 'email', '2025-12-03 23:17:16.718171+00', '2025-12-03 23:17:16.71822+00', '2025-12-03 23:17:16.71822+00', 'f87431dd-b68f-4eb5-8598-ed972d0e0f9c');


--
-- Data for Name: instances; Type: TABLE DATA; Schema: auth; Owner: supabase_auth_admin
--



--
-- Data for Name: oauth_clients; Type: TABLE DATA; Schema: auth; Owner: supabase_auth_admin
--



--
-- Data for Name: sessions; Type: TABLE DATA; Schema: auth; Owner: supabase_auth_admin
--

INSERT INTO "auth"."sessions" ("id", "user_id", "created_at", "updated_at", "factor_id", "aal", "not_after", "refreshed_at", "user_agent", "ip", "tag", "oauth_client_id", "refresh_token_hmac_key", "refresh_token_counter", "scopes") VALUES
	('d40d0113-6fed-4693-bf57-84c2056887b1', '1721245b-3bd8-4226-9c5e-ab6ef9826024', '2025-12-15 11:59:22.380354+00', '2025-12-15 13:47:54.000764+00', NULL, 'aal1', NULL, '2025-12-15 13:47:54.000666', 'Mozilla/5.0 (Macintosh; Intel Mac OS X 10_15_7) AppleWebKit/537.36 (KHTML, like Gecko) Chrome/143.0.0.0 Safari/537.36', '209.221.240.158', NULL, NULL, NULL, NULL, NULL),
	('dc4884fc-db23-413e-88df-77ef2d3981d8', '1721245b-3bd8-4226-9c5e-ab6ef9826024', '2025-12-15 21:42:33.823766+00', '2025-12-15 21:42:33.823766+00', NULL, 'aal1', NULL, NULL, 'Mozilla/5.0 (Windows NT 10.0; Win64; x64) AppleWebKit/537.36 (KHTML, like Gecko) Chrome/143.0.0.0 Safari/537.36', '177.172.55.101', NULL, NULL, NULL, NULL, NULL),
	('e7e6fc8f-40d6-4392-be79-c77164908199', '052c24c5-c4cf-4393-8acd-108a2a894853', '2025-11-25 00:33:39.860217+00', '2025-11-25 01:32:15.327236+00', NULL, 'aal1', NULL, '2025-11-25 01:32:15.327129', 'Mozilla/5.0 (Windows NT 10.0; Win64; x64; rv:145.0) Gecko/20100101 Firefox/145.0', '200.236.249.79', NULL, NULL, NULL, NULL, NULL),
	('d82a665e-49ba-44ba-9d93-b5f7b9ad702b', '5d81756e-dc4f-4236-adb7-c28a53b63198', '2025-11-28 16:51:22.844063+00', '2025-11-28 16:51:22.844063+00', NULL, 'aal1', NULL, NULL, 'Mozilla/5.0 (Linux; Android 10; K) AppleWebKit/537.36 (KHTML, like Gecko) Chrome/142.0.0.0 Mobile Safari/537.36', '187.90.221.207', NULL, NULL, NULL, NULL, NULL),
	('78332967-0aad-4a2c-ae9f-802d55035d61', '51b85870-5538-4336-bcc6-1bfd7fd3699a', '2025-07-19 14:23:31.583657+00', '2025-11-26 12:59:16.938311+00', NULL, 'aal1', NULL, '2025-11-26 12:59:16.938195', 'Mozilla/5.0 (Linux; Android 10; K) AppleWebKit/537.36 (KHTML, like Gecko) SamsungBrowser/29.0 Chrome/136.0.0.0 Mobile Safari/537.36', '177.9.17.218', NULL, NULL, NULL, NULL, NULL),
	('1a13b06f-094d-45b7-a1df-62a92d10aaed', '6817b433-fce4-4c3e-9e3f-02510fced788', '2025-12-15 21:43:57.737331+00', '2025-12-15 21:43:57.737331+00', NULL, 'aal1', NULL, NULL, 'Mozilla/5.0 (Windows NT 10.0; Win64; x64) AppleWebKit/537.36 (KHTML, like Gecko) Chrome/143.0.0.0 Safari/537.36', '177.172.55.101', NULL, NULL, NULL, NULL, NULL),
	('ce7bfdfc-ae3d-4ccc-9a93-3a1b3b4f1b22', '51b85870-5538-4336-bcc6-1bfd7fd3699a', '2025-08-21 23:06:12.157288+00', '2025-09-25 15:40:19.226322+00', NULL, 'aal1', NULL, '2025-09-25 15:40:19.226244', 'Mozilla/5.0 (Macintosh; Intel Mac OS X 10_15_7) AppleWebKit/537.36 (KHTML, like Gecko) Chrome/140.0.0.0 Safari/537.36', '177.9.19.46', NULL, NULL, NULL, NULL, NULL),
	('75cd2c64-48a8-4e3c-9a8a-468445248f43', '052c24c5-c4cf-4393-8acd-108a2a894853', '2025-12-09 01:58:29.591984+00', '2025-12-09 01:58:29.591984+00', NULL, 'aal1', NULL, NULL, 'Mozilla/5.0 (Windows NT 10.0; Win64; x64; rv:145.0) Gecko/20100101 Firefox/145.0', '177.131.80.0', NULL, NULL, NULL, NULL, NULL),
	('f4faa779-5ab3-47e8-a505-bf6646cb25c3', '5d81756e-dc4f-4236-adb7-c28a53b63198', '2025-11-28 16:51:31.220687+00', '2025-11-28 18:02:41.483329+00', NULL, 'aal1', NULL, '2025-11-28 18:02:41.482825', 'Vercel Edge Functions', '18.230.149.188', NULL, NULL, NULL, NULL, NULL),
	('dd1a9966-ae7d-4b50-9853-474ef10000b4', '51b85870-5538-4336-bcc6-1bfd7fd3699a', '2025-07-19 14:04:15.252835+00', '2025-07-19 14:04:15.252835+00', NULL, 'aal1', NULL, NULL, 'Mozilla/5.0 (Linux; Android 10; K) AppleWebKit/537.36 (KHTML, like Gecko) SamsungBrowser/28.0 Chrome/130.0.0.0 Mobile Safari/537.36', '179.145.59.233', NULL, NULL, NULL, NULL, NULL),
	('e906289b-3865-4f38-bfac-1488891b129a', '51b85870-5538-4336-bcc6-1bfd7fd3699a', '2025-07-19 14:04:35.025532+00', '2025-07-19 14:04:35.025532+00', NULL, 'aal1', NULL, NULL, 'Mozilla/5.0 (Windows NT 10.0; Win64; x64) AppleWebKit/537.36 (KHTML, like Gecko) Chrome/138.0.0.0 Safari/537.36 Edg/138.0.0.0', '179.145.59.233', NULL, NULL, NULL, NULL, NULL),
	('e306e732-fc3b-407c-b54d-cbd232361fa8', '51b85870-5538-4336-bcc6-1bfd7fd3699a', '2025-07-19 14:10:26.309931+00', '2025-07-19 14:10:26.309931+00', NULL, 'aal1', NULL, NULL, 'Mozilla/5.0 (Windows NT 10.0; Win64; x64) AppleWebKit/537.36 (KHTML, like Gecko) Chrome/138.0.0.0 Safari/537.36 Edg/138.0.0.0', '179.145.59.233', NULL, NULL, NULL, NULL, NULL),
	('1f6279b0-db8b-4ef0-9cbc-029c3d87ce72', '51b85870-5538-4336-bcc6-1bfd7fd3699a', '2025-11-28 02:31:58.548927+00', '2025-11-28 02:31:58.548927+00', NULL, 'aal1', NULL, NULL, 'Mozilla/5.0 (Linux; Android 10; K) AppleWebKit/537.36 (KHTML, like Gecko) SamsungBrowser/29.0 Chrome/136.0.0.0 Mobile Safari/537.36', '177.9.17.218', NULL, NULL, NULL, NULL, NULL),
	('8d1e5359-b68b-47ac-8437-2fc32617dd2b', '51b85870-5538-4336-bcc6-1bfd7fd3699a', '2025-11-28 02:32:00.456705+00', '2025-11-29 18:33:58.568828+00', NULL, 'aal1', NULL, '2025-11-29 18:33:58.568721', 'Vercel Edge Functions', '56.124.120.85', NULL, NULL, NULL, NULL, NULL),
	('edbf2dde-a3e5-490f-842d-e253988ffca4', '85d521d4-986d-40cb-9eeb-ea49dd302809', '2025-12-05 21:04:07.132603+00', '2025-12-15 01:54:30.569699+00', NULL, 'aal1', NULL, '2025-12-15 01:54:30.569599', 'Vercel Edge Functions', '18.229.159.226', NULL, NULL, NULL, NULL, NULL),
	('3db9d270-2ce8-49af-a203-49ab184e339b', '51b85870-5538-4336-bcc6-1bfd7fd3699a', '2025-09-22 12:42:21.179375+00', '2025-11-18 20:27:09.491077+00', NULL, 'aal1', NULL, '2025-11-18 20:27:09.49041', 'Mozilla/5.0 (Windows NT 10.0; Win64; x64) AppleWebKit/537.36 (KHTML, like Gecko) Chrome/142.0.0.0 Safari/537.36', '152.245.19.137', NULL, NULL, NULL, NULL, NULL),
	('6ee321e4-c162-4a85-a9a5-9ade05884474', '51b85870-5538-4336-bcc6-1bfd7fd3699a', '2025-08-07 23:28:56.396065+00', '2025-08-07 23:28:56.396065+00', NULL, 'aal1', NULL, NULL, 'Mozilla/5.0 (Windows NT 10.0; Win64; x64) AppleWebKit/537.36 (KHTML, like Gecko) Chrome/138.0.0.0 Safari/537.36', '179.145.59.233', NULL, NULL, NULL, NULL, NULL),
	('60ec0146-ce34-404d-b2cf-ce4de18c400a', '052c24c5-c4cf-4393-8acd-108a2a894853', '2025-11-25 00:22:27.163159+00', '2025-11-25 00:22:27.163159+00', NULL, 'aal1', NULL, NULL, 'Mozilla/5.0 (Windows NT 10.0; Win64; x64; rv:145.0) Gecko/20100101 Firefox/145.0', '200.236.249.79', NULL, NULL, NULL, NULL, NULL),
	('66e1f6d6-3d3e-4d24-8495-ea26ed2efbac', '052c24c5-c4cf-4393-8acd-108a2a894853', '2025-11-25 00:22:45.001964+00', '2025-11-25 00:22:45.001964+00', NULL, 'aal1', NULL, NULL, 'Mozilla/5.0 (Windows NT 10.0; Win64; x64; rv:145.0) Gecko/20100101 Firefox/145.0', '200.236.249.79', NULL, NULL, NULL, NULL, NULL),
	('76bb8bde-ef45-464f-8ece-f6923b074ea4', '1721245b-3bd8-4226-9c5e-ab6ef9826024', '2025-12-14 01:14:17.307023+00', '2025-12-14 01:14:17.307023+00', NULL, 'aal1', NULL, NULL, 'Mozilla/5.0 (Linux; Android 10; K) AppleWebKit/537.36 (KHTML, like Gecko) SamsungBrowser/29.0 Chrome/136.0.0.0 Mobile Safari/537.36', '191.59.108.209', NULL, NULL, NULL, NULL, NULL),
	('f221df76-3b4c-49d4-8bfd-cf70ca95fb8f', '85d521d4-986d-40cb-9eeb-ea49dd302809', '2025-12-06 16:52:46.488692+00', '2025-12-14 10:36:47.985751+00', NULL, 'aal1', NULL, '2025-12-14 10:36:47.983293', 'Vercel Edge Functions', '18.231.0.87', NULL, NULL, NULL, NULL, NULL),
	('261b4dd7-bb50-4ddd-bb03-45f31862824b', '6817b433-fce4-4c3e-9e3f-02510fced788', '2025-12-15 21:42:12.544385+00', '2025-12-15 21:42:12.544385+00', NULL, 'aal1', NULL, NULL, 'Mozilla/5.0 (Windows NT 10.0; Win64; x64) AppleWebKit/537.36 (KHTML, like Gecko) Chrome/143.0.0.0 Safari/537.36 Edg/143.0.0.0', '177.172.55.101', NULL, NULL, NULL, NULL, NULL),
	('a7ff9797-a135-440d-bfa2-dc013fe0c979', '052c24c5-c4cf-4393-8acd-108a2a894853', '2025-11-25 01:00:19.748602+00', '2025-11-26 00:04:49.62676+00', NULL, 'aal1', NULL, '2025-11-26 00:04:49.626663', 'Mozilla/5.0 (Linux; Android 10; K) AppleWebKit/537.36 (KHTML, like Gecko) Chrome/142.0.0.0 Mobile Safari/537.36', '177.79.82.155', NULL, NULL, NULL, NULL, NULL),
	('49d62a67-5a82-4313-9b7c-7b550d56aff3', 'ff13af8e-d0ad-45cc-afa3-a146e498e6eb', '2025-12-09 13:25:38.771247+00', '2025-12-09 18:21:10.822463+00', NULL, 'aal1', NULL, '2025-12-09 18:21:10.822351', 'Mozilla/5.0 (Linux; Android 10; K) AppleWebKit/537.36 (KHTML, like Gecko) Chrome/143.0.0.0 Mobile Safari/537.36', '177.79.104.160', NULL, NULL, NULL, NULL, NULL),
	('7e36fedd-cf36-43ca-b256-23416b7c77cb', '6817b433-fce4-4c3e-9e3f-02510fced788', '2025-12-15 22:41:01.30697+00', '2025-12-15 22:41:01.30697+00', NULL, 'aal1', NULL, NULL, 'Mozilla/5.0 (Windows NT 10.0; Win64; x64) AppleWebKit/537.36 (KHTML, like Gecko) Chrome/143.0.0.0 Safari/537.36 Edg/143.0.0.0', '177.172.55.101', NULL, NULL, NULL, NULL, NULL),
	('73e78c76-c2c5-459b-b0af-d142323339bd', '6817b433-fce4-4c3e-9e3f-02510fced788', '2025-12-15 22:41:02.781245+00', '2025-12-15 22:41:02.781245+00', NULL, 'aal1', NULL, NULL, 'Mozilla/5.0 (Windows NT 10.0; Win64; x64) AppleWebKit/537.36 (KHTML, like Gecko) Chrome/143.0.0.0 Safari/537.36 Edg/143.0.0.0', '177.172.55.101', NULL, NULL, NULL, NULL, NULL),
	('bc3b12f8-e72e-4991-ae86-83f2ecc7a18c', '85d521d4-986d-40cb-9eeb-ea49dd302809', '2025-12-06 16:52:11.52255+00', '2025-12-06 16:52:11.52255+00', NULL, 'aal1', NULL, NULL, 'Mozilla/5.0 (Linux; Android 10; K) AppleWebKit/537.36 (KHTML, like Gecko) Chrome/143.0.0.0 Mobile Safari/537.36', '177.9.16.13', NULL, NULL, NULL, NULL, NULL),
	('691f4b1e-e095-4f23-a3a3-2700184b297f', '51b85870-5538-4336-bcc6-1bfd7fd3699a', '2025-11-28 14:31:47.796626+00', '2025-12-12 18:19:04.787543+00', NULL, 'aal1', NULL, '2025-12-12 18:19:04.787428', 'Vercel Edge Functions', '56.125.105.179', NULL, NULL, NULL, NULL, NULL),
	('f67bb842-8c85-4766-8bd7-4d602685e85f', '85d521d4-986d-40cb-9eeb-ea49dd302809', '2025-12-07 14:24:10.365842+00', '2025-12-07 14:24:10.365842+00', NULL, 'aal1', NULL, NULL, 'Mozilla/5.0 (Linux; Android 10; K) AppleWebKit/537.36 (KHTML, like Gecko) Chrome/143.0.0.0 Mobile Safari/537.36', '187.43.198.251', NULL, NULL, NULL, NULL, NULL),
	('db98e56f-1e35-4437-9084-a064aae1620c', '85d521d4-986d-40cb-9eeb-ea49dd302809', '2025-12-07 14:24:26.286358+00', '2025-12-07 14:24:26.286358+00', NULL, 'aal1', NULL, NULL, 'Mozilla/5.0 (Linux; Android 10; K) AppleWebKit/537.36 (KHTML, like Gecko) Chrome/143.0.0.0 Mobile Safari/537.36', '187.43.198.251', NULL, NULL, NULL, NULL, NULL);


--
-- Data for Name: mfa_amr_claims; Type: TABLE DATA; Schema: auth; Owner: supabase_auth_admin
--

INSERT INTO "auth"."mfa_amr_claims" ("session_id", "created_at", "updated_at", "authentication_method", "id") VALUES
	('60ec0146-ce34-404d-b2cf-ce4de18c400a', '2025-11-25 00:22:27.169098+00', '2025-11-25 00:22:27.169098+00', 'otp', '4bfde250-3167-4ac2-9b64-f7517996f79d'),
	('66e1f6d6-3d3e-4d24-8495-ea26ed2efbac', '2025-11-25 00:22:45.005145+00', '2025-11-25 00:22:45.005145+00', 'password', '53ce1ac1-e86b-4bb8-a8b1-3c8709bbd550'),
	('e7e6fc8f-40d6-4392-be79-c77164908199', '2025-11-25 00:33:39.882057+00', '2025-11-25 00:33:39.882057+00', 'password', '000bb4bc-af4a-4365-907c-6415fee3c034'),
	('a7ff9797-a135-440d-bfa2-dc013fe0c979', '2025-11-25 01:00:19.778899+00', '2025-11-25 01:00:19.778899+00', 'password', 'a150503d-0d9b-42a5-bef1-5da4ac20afc8'),
	('75cd2c64-48a8-4e3c-9a8a-468445248f43', '2025-12-09 01:58:29.598715+00', '2025-12-09 01:58:29.598715+00', 'password', 'ae7e303e-478b-4dd0-8c15-fab1fd798191'),
	('49d62a67-5a82-4313-9b7c-7b550d56aff3', '2025-12-09 13:25:38.860259+00', '2025-12-09 13:25:38.860259+00', 'password', '46c79268-4f8f-4671-a760-8e8b9d4423fa'),
	('76bb8bde-ef45-464f-8ece-f6923b074ea4', '2025-12-14 01:14:17.325703+00', '2025-12-14 01:14:17.325703+00', 'password', 'c861e644-c3c7-45c4-8099-4024f40c72a3'),
	('d40d0113-6fed-4693-bf57-84c2056887b1', '2025-12-15 11:59:22.463358+00', '2025-12-15 11:59:22.463358+00', 'password', 'a175c8b2-4549-42c5-ac79-22e88ceab9dd'),
	('dd1a9966-ae7d-4b50-9853-474ef10000b4', '2025-07-19 14:04:15.255568+00', '2025-07-19 14:04:15.255568+00', 'otp', '6d17ae01-40b9-47de-aa26-a33314f90e6f'),
	('e906289b-3865-4f38-bfac-1488891b129a', '2025-07-19 14:04:35.027332+00', '2025-07-19 14:04:35.027332+00', 'password', 'b3ae7e8f-9230-4223-bc33-104af623c0a1'),
	('261b4dd7-bb50-4ddd-bb03-45f31862824b', '2025-12-15 21:42:12.646736+00', '2025-12-15 21:42:12.646736+00', 'password', '18bc8330-a5ca-46c2-8746-45433555b6e2'),
	('e306e732-fc3b-407c-b54d-cbd232361fa8', '2025-07-19 14:10:26.312431+00', '2025-07-19 14:10:26.312431+00', 'password', '63baef64-5bf8-4c4c-9d11-85c81db2f77a'),
	('dc4884fc-db23-413e-88df-77ef2d3981d8', '2025-12-15 21:42:33.829523+00', '2025-12-15 21:42:33.829523+00', 'password', '3c48f715-bdcd-4483-9f95-886a1dc79309'),
	('78332967-0aad-4a2c-ae9f-802d55035d61', '2025-07-19 14:23:31.58894+00', '2025-07-19 14:23:31.58894+00', 'password', '931a5fef-d7b0-4f08-9ba1-11469d707acb'),
	('1a13b06f-094d-45b7-a1df-62a92d10aaed', '2025-12-15 21:43:57.739917+00', '2025-12-15 21:43:57.739917+00', 'password', '6b9cc5dd-aff7-44c8-89f2-84d65c202d64'),
	('7e36fedd-cf36-43ca-b256-23416b7c77cb', '2025-12-15 22:41:01.351803+00', '2025-12-15 22:41:01.351803+00', 'password', '406fba0b-8724-443e-a3bb-640093bf3531'),
	('73e78c76-c2c5-459b-b0af-d142323339bd', '2025-12-15 22:41:02.783324+00', '2025-12-15 22:41:02.783324+00', 'password', '62d8a2c6-d1ba-4d7f-b4b7-c2f750d7f532'),
	('6ee321e4-c162-4a85-a9a5-9ade05884474', '2025-08-07 23:28:56.401838+00', '2025-08-07 23:28:56.401838+00', 'otp', '2ff40cf3-8e8b-4d6e-901d-15927a64c5a3'),
	('edbf2dde-a3e5-490f-842d-e253988ffca4', '2025-12-05 21:04:07.213047+00', '2025-12-05 21:04:07.213047+00', 'password', '5b972189-3beb-4bad-b9e3-fe7e6a0a3c6f'),
	('ce7bfdfc-ae3d-4ccc-9a93-3a1b3b4f1b22', '2025-08-21 23:06:12.161351+00', '2025-08-21 23:06:12.161351+00', 'password', '25ab8e70-5b26-41f0-9a0b-bb01c76e5274'),
	('1f6279b0-db8b-4ef0-9cbc-029c3d87ce72', '2025-11-28 02:31:58.597676+00', '2025-11-28 02:31:58.597676+00', 'password', '1dd11351-5a43-4c50-89d2-1f2d81f29cf1'),
	('8d1e5359-b68b-47ac-8437-2fc32617dd2b', '2025-11-28 02:32:00.462957+00', '2025-11-28 02:32:00.462957+00', 'password', '73174ca0-1f28-4d33-a627-04d0b122540b'),
	('691f4b1e-e095-4f23-a3a3-2700184b297f', '2025-11-28 14:31:47.915679+00', '2025-11-28 14:31:47.915679+00', 'password', '1a676eca-fd78-4a2b-b47b-ad358ae4c340'),
	('3db9d270-2ce8-49af-a203-49ab184e339b', '2025-09-22 12:42:21.18171+00', '2025-09-22 12:42:21.18171+00', 'password', 'fb77716b-85a1-4e38-bf29-92f1cd22e01b'),
	('d82a665e-49ba-44ba-9d93-b5f7b9ad702b', '2025-11-28 16:51:22.886363+00', '2025-11-28 16:51:22.886363+00', 'email/signup', '945e5958-1e31-4c87-8868-1345439c5edc'),
	('f4faa779-5ab3-47e8-a505-bf6646cb25c3', '2025-11-28 16:51:31.222536+00', '2025-11-28 16:51:31.222536+00', 'password', '31edd46d-4274-4d9b-aa63-742ed8f86069'),
	('bc3b12f8-e72e-4991-ae86-83f2ecc7a18c', '2025-12-06 16:52:11.539828+00', '2025-12-06 16:52:11.539828+00', 'password', '8c64d30b-32d1-43cb-a6ba-2ba912e669c0'),
	('f221df76-3b4c-49d4-8bfd-cf70ca95fb8f', '2025-12-06 16:52:46.490675+00', '2025-12-06 16:52:46.490675+00', 'password', 'ae5f7a27-d69a-4195-9d25-a6297780b495'),
	('f67bb842-8c85-4766-8bd7-4d602685e85f', '2025-12-07 14:24:10.47983+00', '2025-12-07 14:24:10.47983+00', 'password', '2168c466-5b70-4fdd-abb3-bf4717b860ff'),
	('db98e56f-1e35-4437-9084-a064aae1620c', '2025-12-07 14:24:26.288531+00', '2025-12-07 14:24:26.288531+00', 'password', 'b2eca388-820e-49de-933d-8aecce6f8ca3');


--
-- Data for Name: mfa_factors; Type: TABLE DATA; Schema: auth; Owner: supabase_auth_admin
--



--
-- Data for Name: mfa_challenges; Type: TABLE DATA; Schema: auth; Owner: supabase_auth_admin
--



--
-- Data for Name: oauth_authorizations; Type: TABLE DATA; Schema: auth; Owner: supabase_auth_admin
--



--
-- Data for Name: oauth_client_states; Type: TABLE DATA; Schema: auth; Owner: supabase_auth_admin
--



--
-- Data for Name: oauth_consents; Type: TABLE DATA; Schema: auth; Owner: supabase_auth_admin
--



--
-- Data for Name: one_time_tokens; Type: TABLE DATA; Schema: auth; Owner: supabase_auth_admin
--

INSERT INTO "auth"."one_time_tokens" ("id", "user_id", "token_type", "token_hash", "relates_to", "created_at", "updated_at") VALUES
	('45209390-7835-4968-816e-40f3087726f5', '1721245b-3bd8-4226-9c5e-ab6ef9826024', 'recovery_token', 'pkce_688d3f11f4539f130d3a7a3d5ab00686954bddba8d6798c8d764d7ec', 'macharete.dev@gmail.com', '2025-12-09 01:04:59.647015', '2025-12-09 01:04:59.647015'),
	('237738c1-34fd-4ee2-9179-b16b7babd36d', 'd140ea0f-2407-442e-9095-16b15df00c30', 'confirmation_token', 'pkce_1f4e57f9f47b2c52191c60bd4313523899e31a2b17a4e4a92347cec1', 'rickwill1303@gmail.com', '2025-12-09 01:50:10.653781', '2025-12-09 01:50:10.653781');


--
-- Data for Name: refresh_tokens; Type: TABLE DATA; Schema: auth; Owner: supabase_auth_admin
--

INSERT INTO "auth"."refresh_tokens" ("instance_id", "id", "token", "user_id", "revoked", "created_at", "updated_at", "parent", "session_id") VALUES
	('00000000-0000-0000-0000-000000000000', 297, 'yh4nap3xwfbh', '51b85870-5538-4336-bcc6-1bfd7fd3699a', true, '2025-11-28 02:32:00.459352+00', '2025-11-29 18:33:58.528276+00', NULL, '8d1e5359-b68b-47ac-8437-2fc32617dd2b'),
	('00000000-0000-0000-0000-000000000000', 320, 'kxmsecdvvrem', '51b85870-5538-4336-bcc6-1bfd7fd3699a', false, '2025-11-29 18:33:58.546798+00', '2025-11-29 18:33:58.546798+00', 'yh4nap3xwfbh', '8d1e5359-b68b-47ac-8437-2fc32617dd2b'),
	('00000000-0000-0000-0000-000000000000', 459, '4tffngbawe34', '052c24c5-c4cf-4393-8acd-108a2a894853', false, '2025-12-09 01:58:29.596057+00', '2025-12-09 01:58:29.596057+00', NULL, '75cd2c64-48a8-4e3c-9a8a-468445248f43'),
	('00000000-0000-0000-0000-000000000000', 94, 'fjrhbqmztbrb', '51b85870-5538-4336-bcc6-1bfd7fd3699a', true, '2025-09-22 12:42:21.180082+00', '2025-11-18 20:27:09.482346+00', NULL, '3db9d270-2ce8-49af-a203-49ab184e339b'),
	('00000000-0000-0000-0000-000000000000', 251, 'mtqf3gg5gzh5', '052c24c5-c4cf-4393-8acd-108a2a894853', true, '2025-11-25 01:00:19.757746+00', '2025-11-25 13:16:48.470432+00', NULL, 'a7ff9797-a135-440d-bfa2-dc013fe0c979'),
	('00000000-0000-0000-0000-000000000000', 257, 'sop6bezfe6sm', '052c24c5-c4cf-4393-8acd-108a2a894853', false, '2025-11-26 00:04:49.607923+00', '2025-11-26 00:04:49.607923+00', 'yaccbekwzg4w', 'a7ff9797-a135-440d-bfa2-dc013fe0c979'),
	('00000000-0000-0000-0000-000000000000', 465, 'hvig4m7bmy24', '51b85870-5538-4336-bcc6-1bfd7fd3699a', true, '2025-12-10 01:37:35.95672+00', '2025-12-11 12:03:21.560894+00', 'lmpsqfykl4by', '691f4b1e-e095-4f23-a3a3-2700184b297f'),
	('00000000-0000-0000-0000-000000000000', 62, 'pd6rtr54bate', '51b85870-5538-4336-bcc6-1bfd7fd3699a', true, '2025-08-16 16:39:33.311333+00', '2025-08-23 13:37:08.420497+00', 'otqsqx5wxrf3', '78332967-0aad-4a2c-ae9f-802d55035d61'),
	('00000000-0000-0000-0000-000000000000', 471, 'g2tihyc3rruw', '51b85870-5538-4336-bcc6-1bfd7fd3699a', true, '2025-12-11 16:25:39.371443+00', '2025-12-11 18:13:50.880112+00', 'l5tnr5b5xziy', '691f4b1e-e095-4f23-a3a3-2700184b297f'),
	('00000000-0000-0000-0000-000000000000', 427, 'pzqky46xh4id', '85d521d4-986d-40cb-9eeb-ea49dd302809', false, '2025-12-06 17:53:42.25366+00', '2025-12-06 17:53:42.25366+00', 'ntsdczxpgcj4', 'f221df76-3b4c-49d4-8bfd-cf70ca95fb8f'),
	('00000000-0000-0000-0000-000000000000', 477, '3lgpbvxc7rtj', '1721245b-3bd8-4226-9c5e-ab6ef9826024', false, '2025-12-14 01:14:17.324065+00', '2025-12-14 01:14:17.324065+00', NULL, '76bb8bde-ef45-464f-8ece-f6923b074ea4'),
	('00000000-0000-0000-0000-000000000000', 480, 'ngwbd3u6mimy', '1721245b-3bd8-4226-9c5e-ab6ef9826024', false, '2025-12-15 13:47:51.707884+00', '2025-12-15 13:47:51.707884+00', 'aa2rzwqcpcvv', 'd40d0113-6fed-4693-bf57-84c2056887b1'),
	('00000000-0000-0000-0000-000000000000', 433, 'wubghnia3e7s', '85d521d4-986d-40cb-9eeb-ea49dd302809', false, '2025-12-07 14:24:10.423599+00', '2025-12-07 14:24:10.423599+00', NULL, 'f67bb842-8c85-4766-8bd7-4d602685e85f'),
	('00000000-0000-0000-0000-000000000000', 484, 'j6jsv7fdipgw', '6817b433-fce4-4c3e-9e3f-02510fced788', false, '2025-12-15 22:41:01.324505+00', '2025-12-15 22:41:01.324505+00', NULL, '7e36fedd-cf36-43ca-b256-23416b7c77cb'),
	('00000000-0000-0000-0000-000000000000', 434, 'vehae434o5rq', '85d521d4-986d-40cb-9eeb-ea49dd302809', false, '2025-12-07 14:24:26.287294+00', '2025-12-07 14:24:26.287294+00', NULL, 'db98e56f-1e35-4437-9084-a064aae1620c'),
	('00000000-0000-0000-0000-000000000000', 296, 'tmzqd3wapqp3', '51b85870-5538-4336-bcc6-1bfd7fd3699a', false, '2025-11-28 02:31:58.574179+00', '2025-11-28 02:31:58.574179+00', NULL, '1f6279b0-db8b-4ef0-9cbc-029c3d87ce72'),
	('00000000-0000-0000-0000-000000000000', 485, 'slh7tq4ctq7l', '6817b433-fce4-4c3e-9e3f-02510fced788', false, '2025-12-15 22:41:02.782041+00', '2025-12-15 22:41:02.782041+00', NULL, '73e78c76-c2c5-459b-b0af-d142323339bd'),
	('00000000-0000-0000-0000-000000000000', 301, 'sqz4tnw2kpiq', '5d81756e-dc4f-4236-adb7-c28a53b63198', false, '2025-11-28 16:51:22.861279+00', '2025-11-28 16:51:22.861279+00', NULL, 'd82a665e-49ba-44ba-9d93-b5f7b9ad702b'),
	('00000000-0000-0000-0000-000000000000', 25, 'fwkplth7se2a', '51b85870-5538-4336-bcc6-1bfd7fd3699a', false, '2025-07-19 14:04:15.253825+00', '2025-07-19 14:04:15.253825+00', NULL, 'dd1a9966-ae7d-4b50-9853-474ef10000b4'),
	('00000000-0000-0000-0000-000000000000', 26, 'dfo5wsbzixda', '51b85870-5538-4336-bcc6-1bfd7fd3699a', false, '2025-07-19 14:04:35.02623+00', '2025-07-19 14:04:35.02623+00', NULL, 'e906289b-3865-4f38-bfac-1488891b129a'),
	('00000000-0000-0000-0000-000000000000', 28, '2qofv4mdnrtl', '51b85870-5538-4336-bcc6-1bfd7fd3699a', false, '2025-07-19 14:10:26.310795+00', '2025-07-19 14:10:26.310795+00', NULL, 'e306e732-fc3b-407c-b54d-cbd232361fa8'),
	('00000000-0000-0000-0000-000000000000', 302, 'bpqv7cbhsqgd', '5d81756e-dc4f-4236-adb7-c28a53b63198', true, '2025-11-28 16:51:31.221407+00', '2025-11-28 18:02:41.424028+00', NULL, 'f4faa779-5ab3-47e8-a505-bf6646cb25c3'),
	('00000000-0000-0000-0000-000000000000', 30, 'p5pakdklcvcb', '51b85870-5538-4336-bcc6-1bfd7fd3699a', true, '2025-07-19 14:23:31.586138+00', '2025-07-21 01:40:19.840822+00', NULL, '78332967-0aad-4a2c-ae9f-802d55035d61'),
	('00000000-0000-0000-0000-000000000000', 75, 'tsuo2cbvdtpr', '51b85870-5538-4336-bcc6-1bfd7fd3699a', true, '2025-08-23 13:37:08.425589+00', '2025-08-30 01:02:26.271827+00', 'pd6rtr54bate', '78332967-0aad-4a2c-ae9f-802d55035d61'),
	('00000000-0000-0000-0000-000000000000', 37, 'br3ihd3jb3px', '51b85870-5538-4336-bcc6-1bfd7fd3699a', true, '2025-07-21 01:40:19.850518+00', '2025-07-21 09:30:20.195946+00', 'p5pakdklcvcb', '78332967-0aad-4a2c-ae9f-802d55035d61'),
	('00000000-0000-0000-0000-000000000000', 38, 'b3m7qmdbca3r', '51b85870-5538-4336-bcc6-1bfd7fd3699a', true, '2025-07-21 09:30:20.202894+00', '2025-07-21 22:40:10.810809+00', 'br3ihd3jb3px', '78332967-0aad-4a2c-ae9f-802d55035d61'),
	('00000000-0000-0000-0000-000000000000', 87, 's63jclzo2yox', '51b85870-5538-4336-bcc6-1bfd7fd3699a', true, '2025-08-30 01:02:26.283315+00', '2025-08-30 18:12:36.059554+00', 'tsuo2cbvdtpr', '78332967-0aad-4a2c-ae9f-802d55035d61'),
	('00000000-0000-0000-0000-000000000000', 39, 'oetkbxtrrjwy', '51b85870-5538-4336-bcc6-1bfd7fd3699a', true, '2025-07-21 22:40:10.8155+00', '2025-07-21 23:50:08.092752+00', 'b3m7qmdbca3r', '78332967-0aad-4a2c-ae9f-802d55035d61'),
	('00000000-0000-0000-0000-000000000000', 40, '6s2qudhdsfko', '51b85870-5538-4336-bcc6-1bfd7fd3699a', true, '2025-07-21 23:50:08.095233+00', '2025-07-25 23:23:17.117348+00', 'oetkbxtrrjwy', '78332967-0aad-4a2c-ae9f-802d55035d61'),
	('00000000-0000-0000-0000-000000000000', 369, '5h62pyw3rm6d', '51b85870-5538-4336-bcc6-1bfd7fd3699a', true, '2025-12-02 16:41:22.47983+00', '2025-12-02 17:50:45.16526+00', 'smsfmm6eykph', '691f4b1e-e095-4f23-a3a3-2700184b297f'),
	('00000000-0000-0000-0000-000000000000', 43, 'pfz6cpvphovo', '51b85870-5538-4336-bcc6-1bfd7fd3699a', true, '2025-07-25 23:23:17.127757+00', '2025-07-27 02:53:12.869777+00', '6s2qudhdsfko', '78332967-0aad-4a2c-ae9f-802d55035d61'),
	('00000000-0000-0000-0000-000000000000', 88, 'npzscp4e4xpg', '51b85870-5538-4336-bcc6-1bfd7fd3699a', true, '2025-08-30 18:12:36.066858+00', '2025-08-30 22:58:03.145459+00', 's63jclzo2yox', '78332967-0aad-4a2c-ae9f-802d55035d61'),
	('00000000-0000-0000-0000-000000000000', 44, 'u367syserhwq', '51b85870-5538-4336-bcc6-1bfd7fd3699a', true, '2025-07-27 02:53:12.879961+00', '2025-07-31 01:09:26.332379+00', 'pfz6cpvphovo', '78332967-0aad-4a2c-ae9f-802d55035d61'),
	('00000000-0000-0000-0000-000000000000', 90, 'a52xikgjhzpi', '51b85870-5538-4336-bcc6-1bfd7fd3699a', true, '2025-08-30 22:58:03.146886+00', '2025-09-01 01:13:17.083693+00', 'npzscp4e4xpg', '78332967-0aad-4a2c-ae9f-802d55035d61'),
	('00000000-0000-0000-0000-000000000000', 46, '5t66haorub6c', '51b85870-5538-4336-bcc6-1bfd7fd3699a', true, '2025-07-31 01:09:26.345105+00', '2025-08-01 21:10:01.660329+00', 'u367syserhwq', '78332967-0aad-4a2c-ae9f-802d55035d61'),
	('00000000-0000-0000-0000-000000000000', 47, '6asqtnsbbr5s', '51b85870-5538-4336-bcc6-1bfd7fd3699a', true, '2025-08-01 21:10:01.670773+00', '2025-08-02 14:36:47.492464+00', '5t66haorub6c', '78332967-0aad-4a2c-ae9f-802d55035d61'),
	('00000000-0000-0000-0000-000000000000', 91, 'mrwyqqum6bu7', '51b85870-5538-4336-bcc6-1bfd7fd3699a', true, '2025-09-01 01:13:17.095961+00', '2025-09-03 00:36:00.983996+00', 'a52xikgjhzpi', '78332967-0aad-4a2c-ae9f-802d55035d61'),
	('00000000-0000-0000-0000-000000000000', 92, 'e66ekyhnw4l2', '51b85870-5538-4336-bcc6-1bfd7fd3699a', true, '2025-09-03 00:36:00.99922+00', '2025-09-22 13:05:30.350739+00', 'mrwyqqum6bu7', '78332967-0aad-4a2c-ae9f-802d55035d61'),
	('00000000-0000-0000-0000-000000000000', 53, '5vhm475ryfa7', '51b85870-5538-4336-bcc6-1bfd7fd3699a', false, '2025-08-07 23:28:56.397857+00', '2025-08-07 23:28:56.397857+00', NULL, '6ee321e4-c162-4a85-a9a5-9ade05884474'),
	('00000000-0000-0000-0000-000000000000', 48, 'mm4hhhp37mkv', '51b85870-5538-4336-bcc6-1bfd7fd3699a', true, '2025-08-02 14:36:47.495936+00', '2025-08-07 23:46:16.853701+00', '6asqtnsbbr5s', '78332967-0aad-4a2c-ae9f-802d55035d61'),
	('00000000-0000-0000-0000-000000000000', 70, 'l36ot47swkgf', '51b85870-5538-4336-bcc6-1bfd7fd3699a', true, '2025-08-21 23:06:12.160179+00', '2025-09-22 16:47:08.816789+00', NULL, 'ce7bfdfc-ae3d-4ccc-9a93-3a1b3b4f1b22'),
	('00000000-0000-0000-0000-000000000000', 54, 'ottiduttrk3v', '51b85870-5538-4336-bcc6-1bfd7fd3699a', true, '2025-08-07 23:46:16.855644+00', '2025-08-13 21:43:39.227114+00', 'mm4hhhp37mkv', '78332967-0aad-4a2c-ae9f-802d55035d61'),
	('00000000-0000-0000-0000-000000000000', 60, 'mmrkuyixe7p6', '51b85870-5538-4336-bcc6-1bfd7fd3699a', true, '2025-08-13 21:43:39.231316+00', '2025-08-14 01:15:03.74825+00', 'ottiduttrk3v', '78332967-0aad-4a2c-ae9f-802d55035d61'),
	('00000000-0000-0000-0000-000000000000', 61, 'otqsqx5wxrf3', '51b85870-5538-4336-bcc6-1bfd7fd3699a', true, '2025-08-14 01:15:03.749752+00', '2025-08-16 16:39:33.299823+00', 'mmrkuyixe7p6', '78332967-0aad-4a2c-ae9f-802d55035d61'),
	('00000000-0000-0000-0000-000000000000', 97, 'uwz5in6ueadx', '51b85870-5538-4336-bcc6-1bfd7fd3699a', true, '2025-09-22 16:47:08.820174+00', '2025-09-25 10:40:10.785879+00', 'l36ot47swkgf', 'ce7bfdfc-ae3d-4ccc-9a93-3a1b3b4f1b22'),
	('00000000-0000-0000-0000-000000000000', 101, 'acreoddpt46o', '51b85870-5538-4336-bcc6-1bfd7fd3699a', true, '2025-09-25 10:40:10.819416+00', '2025-09-25 11:50:08.599562+00', 'uwz5in6ueadx', 'ce7bfdfc-ae3d-4ccc-9a93-3a1b3b4f1b22'),
	('00000000-0000-0000-0000-000000000000', 103, 'ipenwthwnz3e', '51b85870-5538-4336-bcc6-1bfd7fd3699a', true, '2025-09-25 11:50:08.617311+00', '2025-09-25 15:40:19.18498+00', 'acreoddpt46o', 'ce7bfdfc-ae3d-4ccc-9a93-3a1b3b4f1b22'),
	('00000000-0000-0000-0000-000000000000', 104, 'lqdqnsh6537a', '51b85870-5538-4336-bcc6-1bfd7fd3699a', false, '2025-09-25 15:40:19.208033+00', '2025-09-25 15:40:19.208033+00', 'ipenwthwnz3e', 'ce7bfdfc-ae3d-4ccc-9a93-3a1b3b4f1b22'),
	('00000000-0000-0000-0000-000000000000', 95, 'qjxvkddeav2w', '51b85870-5538-4336-bcc6-1bfd7fd3699a', true, '2025-09-22 13:05:30.361951+00', '2025-10-07 19:43:20.212107+00', 'e66ekyhnw4l2', '78332967-0aad-4a2c-ae9f-802d55035d61'),
	('00000000-0000-0000-0000-000000000000', 248, 'ksd3qipeiqhj', '052c24c5-c4cf-4393-8acd-108a2a894853', false, '2025-11-25 00:22:27.166375+00', '2025-11-25 00:22:27.166375+00', NULL, '60ec0146-ce34-404d-b2cf-ce4de18c400a'),
	('00000000-0000-0000-0000-000000000000', 209, 'vkiye4vlt4vl', '51b85870-5538-4336-bcc6-1bfd7fd3699a', false, '2025-11-18 20:27:09.483283+00', '2025-11-18 20:27:09.483283+00', 'fjrhbqmztbrb', '3db9d270-2ce8-49af-a203-49ab184e339b'),
	('00000000-0000-0000-0000-000000000000', 249, 'pkbhb6kz5kx7', '052c24c5-c4cf-4393-8acd-108a2a894853', false, '2025-11-25 00:22:45.003287+00', '2025-11-25 00:22:45.003287+00', NULL, '66e1f6d6-3d3e-4d24-8495-ea26ed2efbac'),
	('00000000-0000-0000-0000-000000000000', 460, '4qmeec6dj7eu', 'ff13af8e-d0ad-45cc-afa3-a146e498e6eb', true, '2025-12-09 13:25:38.819529+00', '2025-12-09 18:21:09.777915+00', NULL, '49d62a67-5a82-4313-9b7c-7b550d56aff3'),
	('00000000-0000-0000-0000-000000000000', 255, 'yaccbekwzg4w', '052c24c5-c4cf-4393-8acd-108a2a894853', true, '2025-11-25 13:16:48.496966+00', '2025-11-26 00:04:49.586216+00', 'mtqf3gg5gzh5', 'a7ff9797-a135-440d-bfa2-dc013fe0c979'),
	('00000000-0000-0000-0000-000000000000', 258, 'httqkyogblzt', '51b85870-5538-4336-bcc6-1bfd7fd3699a', false, '2025-11-26 12:59:16.916331+00', '2025-11-26 12:59:16.916331+00', 'hrfgtxyeuzw6', '78332967-0aad-4a2c-ae9f-802d55035d61'),
	('00000000-0000-0000-0000-000000000000', 115, 'azb542ngs2lz', '51b85870-5538-4336-bcc6-1bfd7fd3699a', true, '2025-10-07 19:43:20.235504+00', '2025-10-10 00:10:48.371029+00', 'qjxvkddeav2w', '78332967-0aad-4a2c-ae9f-802d55035d61'),
	('00000000-0000-0000-0000-000000000000', 160, 'mrp2fyjywmyg', '51b85870-5538-4336-bcc6-1bfd7fd3699a', true, '2025-11-03 12:16:29.012424+00', '2025-11-21 20:29:26.371076+00', 'hvkdbuy55k4u', '78332967-0aad-4a2c-ae9f-802d55035d61'),
	('00000000-0000-0000-0000-000000000000', 122, 'kqh77mfl4ikh', '51b85870-5538-4336-bcc6-1bfd7fd3699a', true, '2025-10-10 00:10:48.387189+00', '2025-10-10 21:52:24.545037+00', 'azb542ngs2lz', '78332967-0aad-4a2c-ae9f-802d55035d61'),
	('00000000-0000-0000-0000-000000000000', 469, 'iglmej2afamh', '51b85870-5538-4336-bcc6-1bfd7fd3699a', true, '2025-12-11 12:03:21.584912+00', '2025-12-11 13:29:50.89541+00', 'hvig4m7bmy24', '691f4b1e-e095-4f23-a3a3-2700184b297f'),
	('00000000-0000-0000-0000-000000000000', 472, 'epmhv3wwfgnm', '51b85870-5538-4336-bcc6-1bfd7fd3699a', true, '2025-12-11 18:13:50.894663+00', '2025-12-12 18:19:04.735762+00', 'g2tihyc3rruw', '691f4b1e-e095-4f23-a3a3-2700184b297f'),
	('00000000-0000-0000-0000-000000000000', 415, 'djxudjewbixb', '85d521d4-986d-40cb-9eeb-ea49dd302809', true, '2025-12-05 21:04:07.183316+00', '2025-12-15 01:54:30.505928+00', NULL, 'edbf2dde-a3e5-490f-842d-e253988ffca4'),
	('00000000-0000-0000-0000-000000000000', 478, 'zfkwbqrcxk34', '85d521d4-986d-40cb-9eeb-ea49dd302809', false, '2025-12-15 01:54:30.533516+00', '2025-12-15 01:54:30.533516+00', 'djxudjewbixb', 'edbf2dde-a3e5-490f-842d-e253988ffca4'),
	('00000000-0000-0000-0000-000000000000', 481, 'acjubopc3fqf', '6817b433-fce4-4c3e-9e3f-02510fced788', false, '2025-12-15 21:42:12.594453+00', '2025-12-15 21:42:12.594453+00', NULL, '261b4dd7-bb50-4ddd-bb03-45f31862824b'),
	('00000000-0000-0000-0000-000000000000', 346, '27q5qfr25kq7', '51b85870-5538-4336-bcc6-1bfd7fd3699a', true, '2025-12-01 14:41:15.728431+00', '2025-12-01 16:13:07.491198+00', 'nnptlwwp5tcx', '691f4b1e-e095-4f23-a3a3-2700184b297f'),
	('00000000-0000-0000-0000-000000000000', 303, '6jdko4jccmgv', '5d81756e-dc4f-4236-adb7-c28a53b63198', false, '2025-11-28 18:02:41.450513+00', '2025-11-28 18:02:41.450513+00', 'bpqv7cbhsqgd', 'f4faa779-5ab3-47e8-a505-bf6646cb25c3'),
	('00000000-0000-0000-0000-000000000000', 370, 'rchzawd6lx75', '51b85870-5538-4336-bcc6-1bfd7fd3699a', true, '2025-12-02 17:50:45.177651+00', '2025-12-02 20:50:27.054332+00', '5h62pyw3rm6d', '691f4b1e-e095-4f23-a3a3-2700184b297f'),
	('00000000-0000-0000-0000-000000000000', 124, '5dyhvebjb2sj', '51b85870-5538-4336-bcc6-1bfd7fd3699a', true, '2025-10-10 21:52:24.56721+00', '2025-11-01 15:47:52.230295+00', 'kqh77mfl4ikh', '78332967-0aad-4a2c-ae9f-802d55035d61'),
	('00000000-0000-0000-0000-000000000000', 159, 'hvkdbuy55k4u', '51b85870-5538-4336-bcc6-1bfd7fd3699a', true, '2025-11-01 15:47:52.257602+00', '2025-11-03 12:16:28.985956+00', '5dyhvebjb2sj', '78332967-0aad-4a2c-ae9f-802d55035d61'),
	('00000000-0000-0000-0000-000000000000', 461, '5s3erje2vobi', 'ff13af8e-d0ad-45cc-afa3-a146e498e6eb', false, '2025-12-09 18:21:09.798415+00', '2025-12-09 18:21:09.798415+00', '4qmeec6dj7eu', '49d62a67-5a82-4313-9b7c-7b550d56aff3'),
	('00000000-0000-0000-0000-000000000000', 425, 'e7rdfsqvjstx', '85d521d4-986d-40cb-9eeb-ea49dd302809', false, '2025-12-06 16:52:11.535107+00', '2025-12-06 16:52:11.535107+00', NULL, 'bc3b12f8-e72e-4991-ae86-83f2ecc7a18c'),
	('00000000-0000-0000-0000-000000000000', 386, 'lmpsqfykl4by', '51b85870-5538-4336-bcc6-1bfd7fd3699a', true, '2025-12-03 01:42:00.399465+00', '2025-12-10 01:37:35.932387+00', 'tw4t5xn4pju7', '691f4b1e-e095-4f23-a3a3-2700184b297f'),
	('00000000-0000-0000-0000-000000000000', 426, 'ntsdczxpgcj4', '85d521d4-986d-40cb-9eeb-ea49dd302809', true, '2025-12-06 16:52:46.489431+00', '2025-12-06 17:53:42.235991+00', NULL, 'f221df76-3b4c-49d4-8bfd-cf70ca95fb8f'),
	('00000000-0000-0000-0000-000000000000', 250, '4335fw2y3oyf', '052c24c5-c4cf-4393-8acd-108a2a894853', true, '2025-11-25 00:33:39.869908+00', '2025-11-25 01:32:15.288711+00', NULL, 'e7e6fc8f-40d6-4392-be79-c77164908199'),
	('00000000-0000-0000-0000-000000000000', 253, 'dg2inlniagpt', '052c24c5-c4cf-4393-8acd-108a2a894853', false, '2025-11-25 01:32:15.304257+00', '2025-11-25 01:32:15.304257+00', '4335fw2y3oyf', 'e7e6fc8f-40d6-4392-be79-c77164908199'),
	('00000000-0000-0000-0000-000000000000', 231, 'uod4fcezucwv', '51b85870-5538-4336-bcc6-1bfd7fd3699a', true, '2025-11-23 14:27:55.286423+00', '2025-11-25 17:51:59.39241+00', 'ucdr7rmww4op', '78332967-0aad-4a2c-ae9f-802d55035d61'),
	('00000000-0000-0000-0000-000000000000', 256, 'hrfgtxyeuzw6', '51b85870-5538-4336-bcc6-1bfd7fd3699a', true, '2025-11-25 17:51:59.415507+00', '2025-11-26 12:59:16.895991+00', 'uod4fcezucwv', '78332967-0aad-4a2c-ae9f-802d55035d61'),
	('00000000-0000-0000-0000-000000000000', 470, 'l5tnr5b5xziy', '51b85870-5538-4336-bcc6-1bfd7fd3699a', true, '2025-12-11 13:29:50.908018+00', '2025-12-11 16:25:39.350973+00', 'iglmej2afamh', '691f4b1e-e095-4f23-a3a3-2700184b297f'),
	('00000000-0000-0000-0000-000000000000', 473, 'e4cg6efcac7p', '51b85870-5538-4336-bcc6-1bfd7fd3699a', false, '2025-12-12 18:19:04.760633+00', '2025-12-12 18:19:04.760633+00', 'epmhv3wwfgnm', '691f4b1e-e095-4f23-a3a3-2700184b297f'),
	('00000000-0000-0000-0000-000000000000', 479, 'aa2rzwqcpcvv', '1721245b-3bd8-4226-9c5e-ab6ef9826024', true, '2025-12-15 11:59:22.414941+00', '2025-12-15 13:47:51.696219+00', NULL, 'd40d0113-6fed-4693-bf57-84c2056887b1'),
	('00000000-0000-0000-0000-000000000000', 482, 'w6zhzrzgf6c2', '1721245b-3bd8-4226-9c5e-ab6ef9826024', false, '2025-12-15 21:42:33.825022+00', '2025-12-15 21:42:33.825022+00', NULL, 'dc4884fc-db23-413e-88df-77ef2d3981d8'),
	('00000000-0000-0000-0000-000000000000', 483, '6vcof7zlpe4v', '6817b433-fce4-4c3e-9e3f-02510fced788', false, '2025-12-15 21:43:57.738079+00', '2025-12-15 21:43:57.738079+00', NULL, '1a13b06f-094d-45b7-a1df-62a92d10aaed'),
	('00000000-0000-0000-0000-000000000000', 300, 'nnptlwwp5tcx', '51b85870-5538-4336-bcc6-1bfd7fd3699a', true, '2025-11-28 14:31:47.857954+00', '2025-12-01 14:41:15.701552+00', NULL, '691f4b1e-e095-4f23-a3a3-2700184b297f'),
	('00000000-0000-0000-0000-000000000000', 347, 'smsfmm6eykph', '51b85870-5538-4336-bcc6-1bfd7fd3699a', true, '2025-12-01 16:13:07.508689+00', '2025-12-02 16:41:22.466892+00', '27q5qfr25kq7', '691f4b1e-e095-4f23-a3a3-2700184b297f'),
	('00000000-0000-0000-0000-000000000000', 226, 'ucdr7rmww4op', '51b85870-5538-4336-bcc6-1bfd7fd3699a', true, '2025-11-21 20:29:26.391824+00', '2025-11-23 14:27:55.269094+00', 'mrp2fyjywmyg', '78332967-0aad-4a2c-ae9f-802d55035d61'),
	('00000000-0000-0000-0000-000000000000', 375, 'tw4t5xn4pju7', '51b85870-5538-4336-bcc6-1bfd7fd3699a', true, '2025-12-02 20:50:27.059802+00', '2025-12-03 01:42:00.394149+00', 'rchzawd6lx75', '691f4b1e-e095-4f23-a3a3-2700184b297f');


--
-- Data for Name: sso_providers; Type: TABLE DATA; Schema: auth; Owner: supabase_auth_admin
--



--
-- Data for Name: saml_providers; Type: TABLE DATA; Schema: auth; Owner: supabase_auth_admin
--



--
-- Data for Name: saml_relay_states; Type: TABLE DATA; Schema: auth; Owner: supabase_auth_admin
--



--
-- Data for Name: sso_domains; Type: TABLE DATA; Schema: auth; Owner: supabase_auth_admin
--



--
-- Data for Name: teams; Type: TABLE DATA; Schema: public; Owner: postgres
--

INSERT INTO "public"."teams" ("id", "name", "created_at", "created_by", "trial_ends_at") VALUES
	('78853e14-2061-44e1-98f1-e8c0235db235', 'noite', '2025-11-19 04:10:22.464221+00', '6817b433-fce4-4c3e-9e3f-02510fced788', NULL),
	('345b2948-78d3-4df4-8957-402393f0022c', 'Familia Macharete', '2025-07-19 14:05:11.407782+00', '6817b433-fce4-4c3e-9e3f-02510fced788', NULL),
	('ece22f9b-a278-4a60-82e1-1439cc96e074', 'BM BEAUTY', '2025-11-28 14:32:03.539866+00', '51b85870-5538-4336-bcc6-1bfd7fd3699a', NULL),
	('9f2c85f4-9a91-4308-8cb0-ce22489f259c', 'Gabs & Brubs', '2025-11-28 16:51:48.653417+00', '5d81756e-dc4f-4236-adb7-c28a53b63198', NULL),
	('60cd0c47-ff2e-4491-a86d-8eb9076d5104', 'BL3', '2025-11-28 21:22:55.075098+00', '579e9c00-fe76-4825-8390-24d030373970', '2024-12-12 21:22:54.886+00'),
	('66c5ec9c-12bf-439a-9050-b8292fb37aef', 'BM BEAUTY ...', '2025-11-28 14:32:36.280478+00', '51b85870-5538-4336-bcc6-1bfd7fd3699a', NULL),
	('d7f83c0b-4d46-46d8-8b38-f0e914b33834', 'Minha Equipe', '2025-12-04 00:12:06.308793+00', 'ff13af8e-d0ad-45cc-afa3-a146e498e6eb', '2025-12-18 00:12:06.491+00'),
	('6bed8e1c-5eb4-407b-ab3b-11b4849cc477', 'mac.dev', '2025-12-04 01:10:18.673991+00', '1721245b-3bd8-4226-9c5e-ab6ef9826024', '2025-12-18 01:09:05.03+00'),
	('4a111e46-1441-416b-a415-fdc8ea475a4c', 'Mine', '2025-12-05 21:04:34.427317+00', '85d521d4-986d-40cb-9eeb-ea49dd302809', '2025-12-19 21:05:25.435+00');


--
-- Data for Name: budget_categories; Type: TABLE DATA; Schema: public; Owner: postgres
--

INSERT INTO "public"."budget_categories" ("id", "team_id", "name", "percentage", "created_at") VALUES
	('9ef3b892-e735-4236-8640-adfa019eb2d1', '345b2948-78d3-4df4-8957-402393f0022c', 'Necessidades', 0.50, '2025-11-18 00:16:26.503807+00'),
	('7c6b24fa-af73-4399-a77d-157ea688d306', '345b2948-78d3-4df4-8957-402393f0022c', 'Desejos', 0.30, '2025-11-18 00:16:26.503807+00'),
	('44968cc4-b3a6-4005-b304-6b2d99e77903', '345b2948-78d3-4df4-8957-402393f0022c', 'Poupana', 0.20, '2025-11-18 00:16:26.503807+00'),
	('3a1bc793-d8f8-46fa-80df-79a5eecb1345', '78853e14-2061-44e1-98f1-e8c0235db235', 'Necessidades', 0.50, '2025-11-19 04:10:22.45+00'),
	('cd57a5e1-707c-4e05-8fb2-6246bc819a98', '78853e14-2061-44e1-98f1-e8c0235db235', 'Desejos', 0.30, '2025-11-19 04:10:22.45+00'),
	('eda4a055-72f0-4b80-9ffd-2fde8d3cbd00', '78853e14-2061-44e1-98f1-e8c0235db235', 'Poupana', 0.20, '2025-11-19 04:10:22.45+00'),
	('35dec350-5f5c-47af-a5d3-8dec131687e1', 'ece22f9b-a278-4a60-82e1-1439cc96e074', 'Necessidades', 0.50, '2025-11-28 14:31:25.069+00'),
	('0b83ef17-a2a4-4a52-8fe6-f609aec47c46', '66c5ec9c-12bf-439a-9050-b8292fb37aef', 'Necessidades', 0.50, '2025-11-28 14:31:57.764+00'),
	('84373b48-5fa6-4110-9666-88849c35de07', '66c5ec9c-12bf-439a-9050-b8292fb37aef', 'Desejos', 0.30, '2025-11-28 14:31:57.764+00'),
	('4e462411-800f-4a8b-9985-31b058ccb88e', '66c5ec9c-12bf-439a-9050-b8292fb37aef', 'Poupana', 0.20, '2025-11-28 14:31:57.764+00'),
	('4a6cfec4-f101-4d7f-8032-70223e774271', 'ece22f9b-a278-4a60-82e1-1439cc96e074', 'Desejos', 0.05, '2025-11-28 14:31:25.069+00'),
	('9b7639d1-e6e1-4fdc-8e31-2ae8ca0d22ac', 'ece22f9b-a278-4a60-82e1-1439cc96e074', 'Poupana', 0.45, '2025-11-28 14:31:25.069+00'),
	('edc18602-eafe-4058-a4e9-e31c48808f41', '9f2c85f4-9a91-4308-8cb0-ce22489f259c', 'Necessidades', 0.50, '2025-11-28 16:51:49.193+00'),
	('bdfe3c88-daf5-400a-a4d0-693853d7dfa5', '9f2c85f4-9a91-4308-8cb0-ce22489f259c', 'Desejos', 0.30, '2025-11-28 16:51:49.194+00'),
	('a2fd5c63-538b-4606-a7a2-d07136db2f7f', '9f2c85f4-9a91-4308-8cb0-ce22489f259c', 'Poupana', 0.20, '2025-11-28 16:51:49.194+00'),
	('ac27894e-51df-4121-9772-8042f061999e', '60cd0c47-ff2e-4491-a86d-8eb9076d5104', 'Necessidades', 0.50, '2025-11-28 21:22:55.247+00'),
	('4dc79fdf-005d-40b1-a064-852af1c80451', '60cd0c47-ff2e-4491-a86d-8eb9076d5104', 'Desejos', 0.30, '2025-11-28 21:22:55.247+00'),
	('43b131f9-ef8b-4e48-9946-d2c2fce389c3', '60cd0c47-ff2e-4491-a86d-8eb9076d5104', 'Poupana', 0.20, '2025-11-28 21:22:55.247+00'),
	('d2e87ca5-9ad2-4796-8473-bab5a53a1862', 'd7f83c0b-4d46-46d8-8b38-f0e914b33834', 'Necessidades', 0.50, '2025-12-04 00:12:06.828+00'),
	('8a9d2441-9d03-4a0d-ad54-9f89ab0773a5', 'd7f83c0b-4d46-46d8-8b38-f0e914b33834', 'Desejos', 0.30, '2025-12-04 00:12:06.828+00'),
	('962db2da-9b4a-4f4f-9f47-fa7f0aa4c218', 'd7f83c0b-4d46-46d8-8b38-f0e914b33834', 'Poupana', 0.20, '2025-12-04 00:12:06.828+00'),
	('6468af1c-a543-4d7d-874d-9482bf36189e', '6bed8e1c-5eb4-407b-ab3b-11b4849cc477', 'Necessidades', 0.50, '2025-12-04 01:09:05.386+00'),
	('11c847df-542c-48c6-9f08-896176d1fbb6', '6bed8e1c-5eb4-407b-ab3b-11b4849cc477', 'Desejos', 0.30, '2025-12-04 01:09:05.386+00'),
	('906bc08a-0501-4099-93eb-9164839fa2b2', '6bed8e1c-5eb4-407b-ab3b-11b4849cc477', 'Poupana', 0.20, '2025-12-04 01:09:05.386+00'),
	('ea4a6b63-518a-4559-b15b-91896ba0596d', '4a111e46-1441-416b-a415-fdc8ea475a4c', 'Necessidades', 0.50, '2025-12-05 21:05:25.76+00'),
	('58a0b1ca-42de-446c-bf1b-529fbc254414', '4a111e46-1441-416b-a415-fdc8ea475a4c', 'Desejos', 0.20, '2025-12-05 21:05:25.76+00'),
	('af3f049a-00d5-4927-8269-c674b1665dca', '4a111e46-1441-416b-a415-fdc8ea475a4c', 'Poupana', 0.30, '2025-12-05 21:05:25.76+00');


--
-- Data for Name: budgets; Type: TABLE DATA; Schema: public; Owner: postgres
--

INSERT INTO "public"."budgets" ("id", "month", "year", "total_income", "team_id", "created_at") VALUES
	('1801d57f-8047-426f-84d8-0ae21f3eddec', 7, 2025, 5358.80, '345b2948-78d3-4df4-8957-402393f0022c', '2025-07-19 14:21:20.350889+00'),
	('6b47a6cb-20b9-44c9-b9a5-208533f13a12', 8, 2025, 5740.00, '345b2948-78d3-4df4-8957-402393f0022c', '2025-08-06 21:05:35.452187+00'),
	('b055ccae-ef6a-443b-a39a-b07d9debe418', 10, 2025, 5530.00, '345b2948-78d3-4df4-8957-402393f0022c', '2025-10-20 23:17:03.487832+00'),
	('140e3c62-5bba-4f6d-b4fa-14b8a84e4e34', 11, 2025, 3500.00, '345b2948-78d3-4df4-8957-402393f0022c', '2025-11-18 15:49:09.614+00'),
	('2f0fa1a3-d66a-4028-8589-4c61a6ead5bb', 11, 2025, 658.00, 'ece22f9b-a278-4a60-82e1-1439cc96e074', '2025-11-28 14:37:16.741+00'),
	('bddeed46-e00a-4944-8578-38e221d42bea', 11, 2025, 3350.00, '9f2c85f4-9a91-4308-8cb0-ce22489f259c', '2025-11-28 16:52:51.35+00'),
	('fe4826a8-d64f-43f0-aa98-2436d8ea32cb', 12, 2025, 2800.00, 'd7f83c0b-4d46-46d8-8b38-f0e914b33834', '2025-12-04 00:28:54.574+00'),
	('a131e06d-0305-4da6-bfaa-4659c6029e1c', 12, 2025, 3830.00, '345b2948-78d3-4df4-8957-402393f0022c', '2025-12-02 16:22:55.379+00'),
	('3f1dfeb5-ee17-4327-8672-7d2faf5373df', 12, 2025, 10000.00, '6bed8e1c-5eb4-407b-ab3b-11b4849cc477', '2025-12-14 01:15:41.362+00'),
	('56a48bfe-871a-4448-9644-a6ad5a6ee878', 12, 2025, 0.00, '4a111e46-1441-416b-a415-fdc8ea475a4c', '2025-12-14 10:38:23.606+00');


--
-- Data for Name: categories; Type: TABLE DATA; Schema: public; Owner: postgres
--

INSERT INTO "public"."categories" ("id", "name", "team_id", "created_at", "budget_category_id") VALUES
	('bdf84dfa-a83a-44a7-a871-ea6c471bf5a2', 'Moradia', '60cd0c47-ff2e-4491-a86d-8eb9076d5104', '2025-11-28 21:22:55.358+00', 'ac27894e-51df-4121-9772-8042f061999e'),
	('077ab00d-07a7-4609-a0cb-221bf8b73adb', 'Moradia', '345b2948-78d3-4df4-8957-402393f0022c', '2025-07-19 14:05:11.661673+00', '9ef3b892-e735-4236-8640-adfa019eb2d1'),
	('842eced3-0ec7-40da-ae1b-f4c4b17539b1', 'Transporte', '345b2948-78d3-4df4-8957-402393f0022c', '2025-07-19 14:05:11.661673+00', '9ef3b892-e735-4236-8640-adfa019eb2d1'),
	('b138bc26-38ee-4118-876f-de8605e3d929', 'Alimentao', '345b2948-78d3-4df4-8957-402393f0022c', '2025-07-19 14:05:11.661673+00', '9ef3b892-e735-4236-8640-adfa019eb2d1'),
	('1168e4be-2587-4e6a-bb2c-4c4b6f4b8a8c', 'Lazer', '345b2948-78d3-4df4-8957-402393f0022c', '2025-07-19 14:05:11.661673+00', '7c6b24fa-af73-4399-a77d-157ea688d306'),
	('942bb202-3d3a-42f8-b02e-32762391c166', 'Sade', '345b2948-78d3-4df4-8957-402393f0022c', '2025-07-19 14:05:11.661673+00', '9ef3b892-e735-4236-8640-adfa019eb2d1'),
	('52ff79a7-7fe6-4626-84e1-97d8297822be', 'Investimentos', '345b2948-78d3-4df4-8957-402393f0022c', '2025-07-19 14:05:11.661673+00', '44968cc4-b3a6-4005-b304-6b2d99e77903'),
	('6b91c24f-bd3c-4fc5-b730-411a7c91aee9', 'Outros', '345b2948-78d3-4df4-8957-402393f0022c', '2025-07-19 14:05:11.661673+00', '9ef3b892-e735-4236-8640-adfa019eb2d1'),
	('80a7e2ea-d6fc-4c09-ad61-3fb4cd5f1835', 'Besteirol', '345b2948-78d3-4df4-8957-402393f0022c', '2025-08-06 21:06:59.380213+00', '7c6b24fa-af73-4399-a77d-157ea688d306'),
	('7557d89e-2b0b-4e8d-9a84-61ee5b4db090', 'Educao', '345b2948-78d3-4df4-8957-402393f0022c', '2025-08-08 00:05:32.067332+00', '9ef3b892-e735-4236-8640-adfa019eb2d1'),
	('8a1e6b16-d9f7-4372-be06-12f3933579a4', 'Moradia', '78853e14-2061-44e1-98f1-e8c0235db235', '2025-11-19 04:10:22.539+00', '3a1bc793-d8f8-46fa-80df-79a5eecb1345'),
	('0a09ebda-f506-4ab3-8395-8e306e11d044', 'Transporte', '78853e14-2061-44e1-98f1-e8c0235db235', '2025-11-19 04:10:22.539+00', '3a1bc793-d8f8-46fa-80df-79a5eecb1345'),
	('d5698507-945e-4209-8965-5394c92895d8', 'Alimentao', '78853e14-2061-44e1-98f1-e8c0235db235', '2025-11-19 04:10:22.539+00', '3a1bc793-d8f8-46fa-80df-79a5eecb1345'),
	('7ed86352-0296-4abf-b490-33c8a13ffdd7', 'Sade', '78853e14-2061-44e1-98f1-e8c0235db235', '2025-11-19 04:10:22.539+00', '3a1bc793-d8f8-46fa-80df-79a5eecb1345'),
	('5916d14d-1f9f-47c3-82b5-26595c15c328', 'Lazer', '78853e14-2061-44e1-98f1-e8c0235db235', '2025-11-19 04:10:22.539+00', 'cd57a5e1-707c-4e05-8fb2-6246bc819a98'),
	('945764d4-caa3-4c0d-ac0f-c56448d25345', 'Investimentos', '78853e14-2061-44e1-98f1-e8c0235db235', '2025-11-19 04:10:22.539+00', 'eda4a055-72f0-4b80-9ffd-2fde8d3cbd00'),
	('bde491be-b934-472e-bd3c-2be58ace21a5', 'Outros', '78853e14-2061-44e1-98f1-e8c0235db235', '2025-11-19 04:10:22.539+00', '3a1bc793-d8f8-46fa-80df-79a5eecb1345'),
	('7be1558f-26ab-4e2d-b334-1ade98ed2b4a', 'teste', '78853e14-2061-44e1-98f1-e8c0235db235', '2025-11-19 17:38:42.283+00', 'cd57a5e1-707c-4e05-8fb2-6246bc819a98'),
	('bd8ab12b-12ba-4773-97a6-6f5aa5bb5207', 'teste 2', '78853e14-2061-44e1-98f1-e8c0235db235', '2025-11-19 17:39:14.164+00', 'cd57a5e1-707c-4e05-8fb2-6246bc819a98'),
	('ecdde92e-1b5e-4f2b-83b4-66317d1c3358', 'teste 3', '78853e14-2061-44e1-98f1-e8c0235db235', '2025-11-19 17:39:38.982+00', 'cd57a5e1-707c-4e05-8fb2-6246bc819a98'),
	('01246ba1-8c31-477c-88b1-2af7aae7b4e3', 'teste 4', '78853e14-2061-44e1-98f1-e8c0235db235', '2025-11-19 17:39:51.194+00', 'cd57a5e1-707c-4e05-8fb2-6246bc819a98'),
	('add73c94-56d0-4606-86d0-17f317478765', 'teste 23', '78853e14-2061-44e1-98f1-e8c0235db235', '2025-11-19 17:42:01.645+00', 'cd57a5e1-707c-4e05-8fb2-6246bc819a98'),
	('4f212127-c73e-4456-8168-e347fe1072d0', 'Moradia', 'ece22f9b-a278-4a60-82e1-1439cc96e074', '2025-11-28 14:31:25.143+00', '35dec350-5f5c-47af-a5d3-8dec131687e1'),
	('67c755b3-6db2-4dbc-b876-569da107a21f', 'Transporte', 'ece22f9b-a278-4a60-82e1-1439cc96e074', '2025-11-28 14:31:25.143+00', '35dec350-5f5c-47af-a5d3-8dec131687e1'),
	('ec4854df-336a-4909-80c2-ae8a06540689', 'Alimentao', 'ece22f9b-a278-4a60-82e1-1439cc96e074', '2025-11-28 14:31:25.143+00', '35dec350-5f5c-47af-a5d3-8dec131687e1'),
	('3954a7b3-41f9-4eee-b1d9-2bc387317376', 'Sade', 'ece22f9b-a278-4a60-82e1-1439cc96e074', '2025-11-28 14:31:25.143+00', '35dec350-5f5c-47af-a5d3-8dec131687e1'),
	('0ca69bc5-ac3b-4649-8114-c5b3c259707c', 'Lazer', 'ece22f9b-a278-4a60-82e1-1439cc96e074', '2025-11-28 14:31:25.143+00', '4a6cfec4-f101-4d7f-8032-70223e774271'),
	('87aa9bea-f3ad-41ff-bd7f-ddd4e43e07b3', 'Investimentos', 'ece22f9b-a278-4a60-82e1-1439cc96e074', '2025-11-28 14:31:25.143+00', '9b7639d1-e6e1-4fdc-8e31-2ae8ca0d22ac'),
	('f8c18779-e1d1-4393-9457-4f5995959d19', 'Outros', 'ece22f9b-a278-4a60-82e1-1439cc96e074', '2025-11-28 14:31:25.143+00', '35dec350-5f5c-47af-a5d3-8dec131687e1'),
	('21d39e93-594b-4cee-ab28-32ab7c23ee18', 'Moradia', '66c5ec9c-12bf-439a-9050-b8292fb37aef', '2025-11-28 14:31:57.813+00', '0b83ef17-a2a4-4a52-8fe6-f609aec47c46'),
	('022f35fa-87b4-460c-beab-29922fff84da', 'Transporte', '66c5ec9c-12bf-439a-9050-b8292fb37aef', '2025-11-28 14:31:57.813+00', '0b83ef17-a2a4-4a52-8fe6-f609aec47c46'),
	('53a40003-9bba-48dd-8519-0578f7e5e9e8', 'Alimentao', '66c5ec9c-12bf-439a-9050-b8292fb37aef', '2025-11-28 14:31:57.813+00', '0b83ef17-a2a4-4a52-8fe6-f609aec47c46'),
	('a9977424-3f6c-43a0-b141-2d3e34b6a76a', 'Sade', '66c5ec9c-12bf-439a-9050-b8292fb37aef', '2025-11-28 14:31:57.813+00', '0b83ef17-a2a4-4a52-8fe6-f609aec47c46'),
	('ea42e018-8c81-455d-bb0a-db346e785761', 'Lazer', '66c5ec9c-12bf-439a-9050-b8292fb37aef', '2025-11-28 14:31:57.813+00', '84373b48-5fa6-4110-9666-88849c35de07'),
	('e67fe9a0-5edc-4bdc-8f4c-ff5f104d1289', 'Investimentos', '66c5ec9c-12bf-439a-9050-b8292fb37aef', '2025-11-28 14:31:57.813+00', '4e462411-800f-4a8b-9985-31b058ccb88e'),
	('feab36ef-ec8c-4101-87e6-60d3a020d4e9', 'Outros', '66c5ec9c-12bf-439a-9050-b8292fb37aef', '2025-11-28 14:31:57.813+00', '0b83ef17-a2a4-4a52-8fe6-f609aec47c46'),
	('88ce7a05-1c70-4adf-978e-75fc3f832011', 'Moradia', '9f2c85f4-9a91-4308-8cb0-ce22489f259c', '2025-11-28 16:51:49.392+00', 'edc18602-eafe-4058-a4e9-e31c48808f41'),
	('b3b17f26-4b98-4bce-980b-e20b0b13e817', 'Transporte', '9f2c85f4-9a91-4308-8cb0-ce22489f259c', '2025-11-28 16:51:49.392+00', 'edc18602-eafe-4058-a4e9-e31c48808f41'),
	('f07b9f07-7e38-48bb-8a09-b8f5e2b5bad3', 'Alimentao', '9f2c85f4-9a91-4308-8cb0-ce22489f259c', '2025-11-28 16:51:49.392+00', 'edc18602-eafe-4058-a4e9-e31c48808f41'),
	('35187cba-00d9-4daa-8dd9-ebc2150eadbe', 'Sade', '9f2c85f4-9a91-4308-8cb0-ce22489f259c', '2025-11-28 16:51:49.392+00', 'edc18602-eafe-4058-a4e9-e31c48808f41'),
	('41eada6b-fe77-41e7-b1bc-79bb324539d8', 'Lazer', '9f2c85f4-9a91-4308-8cb0-ce22489f259c', '2025-11-28 16:51:49.392+00', 'bdfe3c88-daf5-400a-a4d0-693853d7dfa5'),
	('9a4f79ea-c4da-4afc-a935-57d5a45109a2', 'Investimentos', '9f2c85f4-9a91-4308-8cb0-ce22489f259c', '2025-11-28 16:51:49.392+00', 'a2fd5c63-538b-4606-a7a2-d07136db2f7f'),
	('4ebf6d98-4375-4e43-83ce-a73372e03441', 'Outros', '9f2c85f4-9a91-4308-8cb0-ce22489f259c', '2025-11-28 16:51:49.392+00', 'edc18602-eafe-4058-a4e9-e31c48808f41'),
	('f2aeabc6-85b1-49c0-8ae3-88345411ad74', 'Transporte', '60cd0c47-ff2e-4491-a86d-8eb9076d5104', '2025-11-28 21:22:55.358+00', 'ac27894e-51df-4121-9772-8042f061999e'),
	('8ad9d508-073e-40f7-a807-7ba1f2b5e966', 'Alimentao', '60cd0c47-ff2e-4491-a86d-8eb9076d5104', '2025-11-28 21:22:55.358+00', 'ac27894e-51df-4121-9772-8042f061999e'),
	('1c47f777-0256-4d94-8a85-68ea37ed2bf0', 'Sade', '60cd0c47-ff2e-4491-a86d-8eb9076d5104', '2025-11-28 21:22:55.358+00', 'ac27894e-51df-4121-9772-8042f061999e'),
	('d53b8865-1131-42ce-8b47-ee714433ca34', 'Lazer', '60cd0c47-ff2e-4491-a86d-8eb9076d5104', '2025-11-28 21:22:55.358+00', '4dc79fdf-005d-40b1-a064-852af1c80451'),
	('0f3a1325-aa87-416e-8f7f-925f48b4b779', 'Investimentos', '60cd0c47-ff2e-4491-a86d-8eb9076d5104', '2025-11-28 21:22:55.358+00', '43b131f9-ef8b-4e48-9946-d2c2fce389c3'),
	('1bbd913e-67b0-4728-b821-4998f8501798', 'Outros', '60cd0c47-ff2e-4491-a86d-8eb9076d5104', '2025-11-28 21:22:55.358+00', 'ac27894e-51df-4121-9772-8042f061999e'),
	('7d8085c0-221a-4df5-a380-18f4cda8b396', 'Moradia', 'd7f83c0b-4d46-46d8-8b38-f0e914b33834', '2025-12-04 00:12:06.911+00', 'd2e87ca5-9ad2-4796-8473-bab5a53a1862'),
	('b2478957-703f-4789-81db-b214ebb01eb8', 'Transporte', 'd7f83c0b-4d46-46d8-8b38-f0e914b33834', '2025-12-04 00:12:06.911+00', 'd2e87ca5-9ad2-4796-8473-bab5a53a1862'),
	('d735d542-1d7e-482d-b243-592180f94e78', 'Alimentao', 'd7f83c0b-4d46-46d8-8b38-f0e914b33834', '2025-12-04 00:12:06.911+00', 'd2e87ca5-9ad2-4796-8473-bab5a53a1862'),
	('fa594409-0670-465a-b348-2db1bd54b8b7', 'Sade', 'd7f83c0b-4d46-46d8-8b38-f0e914b33834', '2025-12-04 00:12:06.911+00', 'd2e87ca5-9ad2-4796-8473-bab5a53a1862'),
	('65a0a2b3-9f65-4d4b-bacf-35a9a8dc4255', 'Investimentos', 'd7f83c0b-4d46-46d8-8b38-f0e914b33834', '2025-12-04 00:12:06.911+00', '962db2da-9b4a-4f4f-9f47-fa7f0aa4c218'),
	('d5fbcad7-95ee-41d0-8b43-fb7056d27f8c', 'Outros', 'd7f83c0b-4d46-46d8-8b38-f0e914b33834', '2025-12-04 00:12:06.911+00', 'd2e87ca5-9ad2-4796-8473-bab5a53a1862'),
	('aed69884-de90-495c-8175-5257c678979d', 'Moradia', '6bed8e1c-5eb4-407b-ab3b-11b4849cc477', '2025-12-04 01:09:05.479+00', '6468af1c-a543-4d7d-874d-9482bf36189e'),
	('2bdcd2ed-21f3-4723-90d4-f87970fd17c2', 'Transporte', '6bed8e1c-5eb4-407b-ab3b-11b4849cc477', '2025-12-04 01:09:05.479+00', '6468af1c-a543-4d7d-874d-9482bf36189e'),
	('ebb7081d-5833-4397-b940-779110653145', 'Alimentao', '6bed8e1c-5eb4-407b-ab3b-11b4849cc477', '2025-12-04 01:09:05.479+00', '6468af1c-a543-4d7d-874d-9482bf36189e'),
	('3ba277c8-e546-4bd6-9fac-a21a8120012e', 'Lazer', '6bed8e1c-5eb4-407b-ab3b-11b4849cc477', '2025-12-04 01:09:05.479+00', '11c847df-542c-48c6-9f08-896176d1fbb6'),
	('dbaae09e-5b40-40a2-ac90-a8d1c3989c77', 'Investimentos', '6bed8e1c-5eb4-407b-ab3b-11b4849cc477', '2025-12-04 01:09:05.479+00', '906bc08a-0501-4099-93eb-9164839fa2b2'),
	('96857ee7-8151-4914-ae72-838965bfda59', 'Moradia', '4a111e46-1441-416b-a415-fdc8ea475a4c', '2025-12-05 21:05:25.86+00', 'ea4a6b63-518a-4559-b15b-91896ba0596d'),
	('89e3931f-defd-4d71-a991-9cb92beb3c69', 'Transporte', '4a111e46-1441-416b-a415-fdc8ea475a4c', '2025-12-05 21:05:25.86+00', 'ea4a6b63-518a-4559-b15b-91896ba0596d'),
	('43be69c3-c077-4b31-b997-e1e3533e9262', 'Alimentao', '4a111e46-1441-416b-a415-fdc8ea475a4c', '2025-12-05 21:05:25.86+00', 'ea4a6b63-518a-4559-b15b-91896ba0596d'),
	('b3c1a838-c954-425e-87e4-85e5f66914be', 'Sade', '4a111e46-1441-416b-a415-fdc8ea475a4c', '2025-12-05 21:05:25.86+00', 'ea4a6b63-518a-4559-b15b-91896ba0596d'),
	('6d8e0379-5e3f-46bb-8f2a-f9eca997f2cd', 'Lazer', '4a111e46-1441-416b-a415-fdc8ea475a4c', '2025-12-05 21:05:25.86+00', '58a0b1ca-42de-446c-bf1b-529fbc254414'),
	('57bc2785-2b1e-463d-bdcc-3b5976fd2028', 'Investimentos', '4a111e46-1441-416b-a415-fdc8ea475a4c', '2025-12-05 21:05:25.86+00', 'af3f049a-00d5-4927-8269-c674b1665dca'),
	('07c92177-b235-4304-a413-99abb135b5b8', 'Outros', '4a111e46-1441-416b-a415-fdc8ea475a4c', '2025-12-05 21:05:25.86+00', 'ea4a6b63-518a-4559-b15b-91896ba0596d');


--
-- Data for Name: profiles; Type: TABLE DATA; Schema: public; Owner: postgres
--

INSERT INTO "public"."profiles" ("id", "email", "name", "created_at") VALUES
	('51b85870-5538-4336-bcc6-1bfd7fd3699a', 'biancajp476@gmail.com', 'Bianca Macharete', '2025-07-19 14:04:02.401618+00'),
	('052c24c5-c4cf-4393-8acd-108a2a894853', 'os.henriquewilliam@gmail.com', 'Henrique', '2025-11-25 00:22:09.918165+00'),
	('6817b433-fce4-4c3e-9e3f-02510fced788', 'macharetelucas@gmail.com', 'Lucas', '2025-07-19 14:05:07.156951+00'),
	('5d81756e-dc4f-4236-adb7-c28a53b63198', 'gabrieldaichi01@gmail.com', 'GABRIEL OTTAVIANI FEITOZA DA SILVA', '2025-11-28 16:50:50.135451+00'),
	('111dda23-bd2b-49dd-8993-e495516e8b73', 'rafaelmacharete00@gmail.com', 'Rafael', '2025-11-28 19:48:48.713496+00'),
	('579e9c00-fe76-4825-8390-24d030373970', 'lucas.macharete@br.bosch.com', 'BLucas', '2025-11-28 21:22:12.212134+00'),
	('ff13af8e-d0ad-45cc-afa3-a146e498e6eb', 'henriquew2004@gmail.com', 'Henrique William Oliveira da Silva', '2025-12-03 23:17:19.207213+00'),
	('1721245b-3bd8-4226-9c5e-ab6ef9826024', 'macharete.dev@gmail.com', 'Lucas Macharete', '2025-12-03 23:50:20.951268+00'),
	('85d521d4-986d-40cb-9eeb-ea49dd302809', 'rafaelmacharete29@gmail.com', 'Rafael', '2025-12-05 21:02:16.373103+00'),
	('d140ea0f-2407-442e-9095-16b15df00c30', 'rickwill1303@gmail.com', 'Henrique Test', '2025-12-09 01:50:10.737201+00');


--
-- Data for Name: expenses; Type: TABLE DATA; Schema: public; Owner: postgres
--

INSERT INTO "public"."expenses" ("id", "amount", "description", "date", "category_id", "team_id", "user_id", "receipt_url", "created_at", "is_recurring", "recurrence_type", "is_installment", "installment_number", "total_installments", "installment_value", "parent_expense_id") VALUES
	('3002d318-06b8-4c2b-86fc-1f533f3d9982', 40.00, 'Disco de serra para madeira', '2025-07-17', '6b91c24f-bd3c-4fc5-b730-411a7c91aee9', '345b2948-78d3-4df4-8957-402393f0022c', '51b85870-5538-4336-bcc6-1bfd7fd3699a', NULL, '2025-07-19 14:11:42.061799+00', false, NULL, false, NULL, NULL, NULL, NULL),
	('c053d3b5-0f96-40d8-a8b1-ebf1fde7dada', 22.99, 'Absorvente', '2025-08-07', '942bb202-3d3a-42f8-b02e-32762391c166', '345b2948-78d3-4df4-8957-402393f0022c', '51b85870-5538-4336-bcc6-1bfd7fd3699a', 'https://yzbiamscspdkodfkmvth.supabase.co/storage/v1/object/public/receipts/51b85870-5538-4336-bcc6-1bfd7fd3699a/1754611669674.jpg', '2025-08-08 00:07:51.541598+00', false, NULL, false, NULL, NULL, NULL, NULL),
	('1efecd23-630f-4692-aa35-b8cf0e6efbf2', 100.00, 'Doao para Igreja, enviei pix a Adriana para ajudar nas cestas basicas', '2025-08-13', '6b91c24f-bd3c-4fc5-b730-411a7c91aee9', '345b2948-78d3-4df4-8957-402393f0022c', '51b85870-5538-4336-bcc6-1bfd7fd3699a', NULL, '2025-08-13 21:44:45.96595+00', false, NULL, false, NULL, NULL, NULL, NULL),
	('e5b03133-04eb-46de-ab10-3c69b2812079', 329.93, 'Havan - Jogo de cama', '2025-07-02', '077ab00d-07a7-4609-a0cb-221bf8b73adb', '345b2948-78d3-4df4-8957-402393f0022c', '6817b433-fce4-4c3e-9e3f-02510fced788', 'https://yzbiamscspdkodfkmvth.supabase.co/storage/v1/object/public/receipts/6817b433-fce4-4c3e-9e3f-02510fced788/1752936784858.jpg', '2025-07-19 14:45:31.575872+00', false, NULL, false, NULL, NULL, NULL, NULL),
	('3c8d2732-3db4-4bd0-bed3-e25c3420a4f6', 403.12, 'Montreal - Travesseiros', '2025-07-02', '077ab00d-07a7-4609-a0cb-221bf8b73adb', '345b2948-78d3-4df4-8957-402393f0022c', '6817b433-fce4-4c3e-9e3f-02510fced788', 'https://yzbiamscspdkodfkmvth.supabase.co/storage/v1/object/public/receipts/51b85870-5538-4336-bcc6-1bfd7fd3699a/1752936820322.jpg', '2025-07-19 14:46:11.97329+00', false, NULL, false, NULL, NULL, NULL, NULL),
	('0197c9d0-64a2-4317-b310-6d9f959f7302', 239.00, 'Roupas - Outlet das Marcas', '2025-07-02', '6b91c24f-bd3c-4fc5-b730-411a7c91aee9', '345b2948-78d3-4df4-8957-402393f0022c', '6817b433-fce4-4c3e-9e3f-02510fced788', 'https://yzbiamscspdkodfkmvth.supabase.co/storage/v1/object/public/receipts/6817b433-fce4-4c3e-9e3f-02510fced788/1752936839049.jpg', '2025-07-19 14:40:04.366823+00', false, NULL, false, NULL, NULL, NULL, NULL),
	('b6bd9673-d94b-430d-9360-0481ec4a5053', 80.70, 'Kalunga - Rede de internet', '2025-07-02', '6b91c24f-bd3c-4fc5-b730-411a7c91aee9', '345b2948-78d3-4df4-8957-402393f0022c', '6817b433-fce4-4c3e-9e3f-02510fced788', 'https://yzbiamscspdkodfkmvth.supabase.co/storage/v1/object/public/receipts/6817b433-fce4-4c3e-9e3f-02510fced788/1752936991005.jpg', '2025-07-19 14:44:08.978568+00', false, NULL, false, NULL, NULL, NULL, NULL),
	('cb1a9e25-fc85-4bd1-bc88-673c44441adf', 10.00, 'Estacionamento Park City sumare ', '2025-07-02', '6b91c24f-bd3c-4fc5-b730-411a7c91aee9', '345b2948-78d3-4df4-8957-402393f0022c', '51b85870-5538-4336-bcc6-1bfd7fd3699a', 'https://yzbiamscspdkodfkmvth.supabase.co/storage/v1/object/public/receipts/51b85870-5538-4336-bcc6-1bfd7fd3699a/1752936999718.jpg', '2025-07-19 14:56:41.204535+00', false, NULL, false, NULL, NULL, NULL, NULL),
	('cdb305ac-77f1-4d3b-a15e-7a09e5f69f15', 370.19, 'Compra para a quinzena de verduras,carnes, frutas etc', '2025-07-20', 'b138bc26-38ee-4118-876f-de8605e3d929', '345b2948-78d3-4df4-8957-402393f0022c', '51b85870-5538-4336-bcc6-1bfd7fd3699a', 'https://yzbiamscspdkodfkmvth.supabase.co/storage/v1/object/public/receipts/51b85870-5538-4336-bcc6-1bfd7fd3699a/1753062140737.jpg', '2025-07-21 01:42:22.307736+00', false, NULL, false, NULL, NULL, NULL, NULL),
	('62d0e500-a04a-4726-8bd7-38b7c0e602c7', 30.00, 'lcool para o carro do Pedro.', '2025-07-20', '842eced3-0ec7-40da-ae1b-f4c4b17539b1', '345b2948-78d3-4df4-8957-402393f0022c', '51b85870-5538-4336-bcc6-1bfd7fd3699a', NULL, '2025-07-21 01:43:22.187907+00', false, NULL, false, NULL, NULL, NULL, NULL),
	('d1ee7305-966f-47e2-97e7-f98ad1216f82', 699.63, 'Fatura do carto de crdito Julho 2025', '2025-07-21', '6b91c24f-bd3c-4fc5-b730-411a7c91aee9', '345b2948-78d3-4df4-8957-402393f0022c', '51b85870-5538-4336-bcc6-1bfd7fd3699a', 'https://yzbiamscspdkodfkmvth.supabase.co/storage/v1/object/public/receipts/51b85870-5538-4336-bcc6-1bfd7fd3699a/1753137699978.jpg', '2025-07-21 22:41:41.130342+00', false, NULL, false, NULL, NULL, NULL, NULL),
	('a156d13a-a4ca-42c4-b273-37eee759eee1', 420.00, 'Van ms 07', '2025-07-21', '842eced3-0ec7-40da-ae1b-f4c4b17539b1', '345b2948-78d3-4df4-8957-402393f0022c', '51b85870-5538-4336-bcc6-1bfd7fd3699a', 'https://yzbiamscspdkodfkmvth.supabase.co/storage/v1/object/public/receipts/51b85870-5538-4336-bcc6-1bfd7fd3699a/1753138058263.jpg', '2025-07-21 22:47:38.953803+00', false, NULL, false, NULL, NULL, NULL, NULL),
	('0c40b8bc-aaa9-4dc6-8e82-2219eca695d7', 30.00, 'Internet 4g', '2025-07-17', '6b91c24f-bd3c-4fc5-b730-411a7c91aee9', '345b2948-78d3-4df4-8957-402393f0022c', '51b85870-5538-4336-bcc6-1bfd7fd3699a', NULL, '2025-07-21 23:51:25.624463+00', false, NULL, false, NULL, NULL, NULL, NULL),
	('6e293299-2779-4c73-ba56-42e4a8d867ab', 90.22, 'Itens de caf da manh e da tarde, Bolos etc', '2025-07-25', 'b138bc26-38ee-4118-876f-de8605e3d929', '345b2948-78d3-4df4-8957-402393f0022c', '51b85870-5538-4336-bcc6-1bfd7fd3699a', 'https://yzbiamscspdkodfkmvth.supabase.co/storage/v1/object/public/receipts/51b85870-5538-4336-bcc6-1bfd7fd3699a/1753485909102.jpg', '2025-07-25 23:25:11.428694+00', false, NULL, false, NULL, NULL, NULL, NULL),
	('ae2b9e07-f57a-490c-b50c-1b075d81722f', 14.00, 'Requeijo grande no mercado Sacola cheia', '2025-07-31', 'b138bc26-38ee-4118-876f-de8605e3d929', '345b2948-78d3-4df4-8957-402393f0022c', '51b85870-5538-4336-bcc6-1bfd7fd3699a', 'https://yzbiamscspdkodfkmvth.supabase.co/storage/v1/object/public/receipts/51b85870-5538-4336-bcc6-1bfd7fd3699a/1753924221575.jpg', '2025-07-31 01:10:22.95354+00', false, NULL, false, NULL, NULL, NULL, NULL),
	('289bcc16-647a-47e7-897d-d218d68f2cf6', 83.48, 'Po, detergente, biscoito ', '2025-08-01', 'b138bc26-38ee-4118-876f-de8605e3d929', '345b2948-78d3-4df4-8957-402393f0022c', '51b85870-5538-4336-bcc6-1bfd7fd3699a', 'https://yzbiamscspdkodfkmvth.supabase.co/storage/v1/object/public/receipts/51b85870-5538-4336-bcc6-1bfd7fd3699a/1754082863715.jpg', '2025-08-01 21:14:25.664691+00', false, NULL, false, NULL, NULL, NULL, NULL),
	('a4d70434-71b8-4839-8d48-6d44226eb26b', 28.46, 'Feijo, goiabada, creme de leite', '2025-08-01', 'b138bc26-38ee-4118-876f-de8605e3d929', '345b2948-78d3-4df4-8957-402393f0022c', '51b85870-5538-4336-bcc6-1bfd7fd3699a', 'https://yzbiamscspdkodfkmvth.supabase.co/storage/v1/object/public/receipts/51b85870-5538-4336-bcc6-1bfd7fd3699a/1754084959675.jpg', '2025-08-01 21:49:22.066108+00', false, NULL, false, NULL, NULL, NULL, NULL),
	('a3239496-c423-478b-b3d7-8bdcbf07f172', 106.00, 'Pizza no fim de semana, duas unidades ', '2025-07-27', '80a7e2ea-d6fc-4c09-ad61-3fb4cd5f1835', '345b2948-78d3-4df4-8957-402393f0022c', '51b85870-5538-4336-bcc6-1bfd7fd3699a', 'https://yzbiamscspdkodfkmvth.supabase.co/storage/v1/object/public/receipts/51b85870-5538-4336-bcc6-1bfd7fd3699a/1753584849458.jpg', '2025-07-27 02:54:11.582552+00', false, NULL, false, NULL, NULL, NULL, NULL),
	('0aedf08a-4e72-4570-846a-72b8caf1d0ea', 35.24, 'So Benedito', '2025-07-05', '80a7e2ea-d6fc-4c09-ad61-3fb4cd5f1835', '345b2948-78d3-4df4-8957-402393f0022c', '6817b433-fce4-4c3e-9e3f-02510fced788', 'https://yzbiamscspdkodfkmvth.supabase.co/storage/v1/object/public/receipts/6817b433-fce4-4c3e-9e3f-02510fced788/1752936654501.jpg', '2025-07-19 14:42:19.292259+00', false, NULL, false, NULL, NULL, NULL, NULL),
	('3ea4226e-ff17-4474-b2d4-4916633a99e9', 114.70, 'V0 IA - Assinatura Plano de IA', '2025-08-06', '6b91c24f-bd3c-4fc5-b730-411a7c91aee9', '345b2948-78d3-4df4-8957-402393f0022c', '6817b433-fce4-4c3e-9e3f-02510fced788', NULL, '2025-08-06 22:15:26.792623+00', false, NULL, false, NULL, NULL, NULL, NULL),
	('5e03bd5a-342c-41e3-a8c0-6ff6432944e2', 36.83, 'Mercado com itens especficos para reposio ', '2025-08-03', 'b138bc26-38ee-4118-876f-de8605e3d929', '345b2948-78d3-4df4-8957-402393f0022c', '51b85870-5538-4336-bcc6-1bfd7fd3699a', 'https://yzbiamscspdkodfkmvth.supabase.co/storage/v1/object/public/receipts/51b85870-5538-4336-bcc6-1bfd7fd3699a/1754610705225.jpg', '2025-08-07 23:51:47.276051+00', false, NULL, false, NULL, NULL, NULL, NULL),
	('1f042dec-6218-400b-857d-2b58e56917a7', 50.00, 'Frutas e verduras
Valor da foto + 5,00 sem notinha de cebola ', '2025-08-03', 'b138bc26-38ee-4118-876f-de8605e3d929', '345b2948-78d3-4df4-8957-402393f0022c', '51b85870-5538-4336-bcc6-1bfd7fd3699a', 'https://yzbiamscspdkodfkmvth.supabase.co/storage/v1/object/public/receipts/51b85870-5538-4336-bcc6-1bfd7fd3699a/1754610819124.jpg', '2025-08-07 23:53:40.659312+00', false, NULL, false, NULL, NULL, NULL, NULL),
	('006c0a92-a7f4-4c01-bdf1-583189637636', 30.00, 'Pastel e refrigerante - sem emisso de nota ou cupom', '2025-08-03', '80a7e2ea-d6fc-4c09-ad61-3fb4cd5f1835', '345b2948-78d3-4df4-8957-402393f0022c', '51b85870-5538-4336-bcc6-1bfd7fd3699a', NULL, '2025-08-07 23:56:24.070475+00', false, NULL, false, NULL, NULL, NULL, NULL),
	('44d39915-67f0-4455-b0db-07267cc97cc3', 9.00, 'Po de mel da bruna Bolos pois estava na TPM, sem notinha', '2025-08-06', '80a7e2ea-d6fc-4c09-ad61-3fb4cd5f1835', '345b2948-78d3-4df4-8957-402393f0022c', '51b85870-5538-4336-bcc6-1bfd7fd3699a', NULL, '2025-08-07 23:56:58.588251+00', false, NULL, false, NULL, NULL, NULL, NULL),
	('ab679ba2-52e8-40f5-9e18-261c038f5c12', 20.00, '2 caixas de morango- sem nota', '2025-08-08', 'b138bc26-38ee-4118-876f-de8605e3d929', '345b2948-78d3-4df4-8957-402393f0022c', '51b85870-5538-4336-bcc6-1bfd7fd3699a', NULL, '2025-08-08 00:01:02.950832+00', false, NULL, false, NULL, NULL, NULL, NULL),
	('4c9da5f8-9939-4920-bf2a-d42942684354', 114.00, 'Mensalidade Plano Adobe', '2025-08-07', '7557d89e-2b0b-4e8d-9a84-61ee5b4db090', '345b2948-78d3-4df4-8957-402393f0022c', '6817b433-fce4-4c3e-9e3f-02510fced788', NULL, '2025-08-08 00:06:01.988574+00', false, NULL, false, NULL, NULL, NULL, NULL),
	('822802a9-1e03-4192-b7f1-1e78ebfc8134', 20.00, 'Po do irmo Evandro', '2025-08-12', '80a7e2ea-d6fc-4c09-ad61-3fb4cd5f1835', '345b2948-78d3-4df4-8957-402393f0022c', '51b85870-5538-4336-bcc6-1bfd7fd3699a', NULL, '2025-08-13 21:45:25.277087+00', false, NULL, false, NULL, NULL, NULL, NULL),
	('003e38d7-17dd-42cc-aa93-23667a9dfc2b', 10.00, 'Geleia de abacaxi da moa que passou no escritorio', '2025-08-12', '80a7e2ea-d6fc-4c09-ad61-3fb4cd5f1835', '345b2948-78d3-4df4-8957-402393f0022c', '51b85870-5538-4336-bcc6-1bfd7fd3699a', NULL, '2025-08-13 21:46:25.891552+00', false, NULL, false, NULL, NULL, NULL, NULL),
	('c0d4a884-a261-4204-b7b7-cdfd57902604', 119.19, 'Conta de Internet', '2025-08-07', '077ab00d-07a7-4609-a0cb-221bf8b73adb', '345b2948-78d3-4df4-8957-402393f0022c', '51b85870-5538-4336-bcc6-1bfd7fd3699a', NULL, '2025-08-14 01:16:53.326323+00', false, NULL, false, NULL, NULL, NULL, NULL),
	('64bd5494-216f-4276-a6a5-9a88bc9eec51', 35.00, 'Suco de laranja', '2025-08-16', 'b138bc26-38ee-4118-876f-de8605e3d929', '345b2948-78d3-4df4-8957-402393f0022c', '51b85870-5538-4336-bcc6-1bfd7fd3699a', NULL, '2025-08-16 16:40:11.776021+00', false, NULL, false, NULL, NULL, NULL, NULL),
	('5c67eaae-a53e-4cc9-9254-22381f503b86', 20.00, 'Marca pgina de impresso 3d', '2025-08-16', '80a7e2ea-d6fc-4c09-ad61-3fb4cd5f1835', '345b2948-78d3-4df4-8957-402393f0022c', '51b85870-5538-4336-bcc6-1bfd7fd3699a', NULL, '2025-08-16 16:41:03.781058+00', false, NULL, false, NULL, NULL, NULL, NULL),
	('da393471-545b-482c-aa7d-dd4bd1a61921', 19.90, 'Bobbie goods', '2025-08-16', '80a7e2ea-d6fc-4c09-ad61-3fb4cd5f1835', '345b2948-78d3-4df4-8957-402393f0022c', '51b85870-5538-4336-bcc6-1bfd7fd3699a', NULL, '2025-08-16 16:41:44.975254+00', false, NULL, false, NULL, NULL, NULL, NULL),
	('05e1dbb6-14eb-4997-b88a-bdec75be5b62', 69.66, 'Vestido para festa das irms, parcela 1/3', '2025-08-16', '6b91c24f-bd3c-4fc5-b730-411a7c91aee9', '345b2948-78d3-4df4-8957-402393f0022c', '51b85870-5538-4336-bcc6-1bfd7fd3699a', NULL, '2025-08-16 16:44:20.872401+00', false, NULL, false, NULL, NULL, NULL, NULL),
	('b54af1fe-7196-4be0-afbf-01fb1585a37c', 11.00, 'Estacionamento Shopping Park City Sumar - atualizao documentos Bianca', '2025-08-16', '842eced3-0ec7-40da-ae1b-f4c4b17539b1', '345b2948-78d3-4df4-8957-402393f0022c', '51b85870-5538-4336-bcc6-1bfd7fd3699a', NULL, '2025-08-21 23:16:36.750403+00', false, NULL, false, NULL, NULL, NULL, NULL),
	('3276db2f-9fb2-4448-8327-45c3c8fb2379', 114.02, 'Remdios Bianca', '2025-08-22', '942bb202-3d3a-42f8-b02e-32762391c166', '345b2948-78d3-4df4-8957-402393f0022c', '6817b433-fce4-4c3e-9e3f-02510fced788', 'https://yzbiamscspdkodfkmvth.supabase.co/storage/v1/object/public/receipts/6817b433-fce4-4c3e-9e3f-02510fced788/1755900732677.jpg', '2025-08-22 22:12:15.783186+00', false, NULL, false, NULL, NULL, NULL, NULL),
	('9c812aef-1de8-46bf-b57a-c42cb156bcbe', 50.00, 'Gasolina para ver pedro', '2025-10-31', '842eced3-0ec7-40da-ae1b-f4c4b17539b1', '345b2948-78d3-4df4-8957-402393f0022c', '51b85870-5538-4336-bcc6-1bfd7fd3699a', NULL, '2025-11-03 12:51:27.281141+00', false, NULL, false, NULL, NULL, NULL, NULL),
	('d0ce816a-675a-430b-ac82-68117804b77b', 265.24, 'Carto nubank Bianca', '2025-10-24', '6b91c24f-bd3c-4fc5-b730-411a7c91aee9', '345b2948-78d3-4df4-8957-402393f0022c', '51b85870-5538-4336-bcc6-1bfd7fd3699a', NULL, '2025-11-03 12:53:12.539778+00', false, NULL, false, NULL, NULL, NULL, NULL),
	('fc2956ca-cf94-45d7-948a-2c5102604860', 62.01, 'Barra de cereal Bianca
Ida ao atacadao na semana do falecimento do v Josu', '2025-07-16', 'b138bc26-38ee-4118-876f-de8605e3d929', '345b2948-78d3-4df4-8957-402393f0022c', '6817b433-fce4-4c3e-9e3f-02510fced788', 'https://yzbiamscspdkodfkmvth.supabase.co/storage/v1/object/public/receipts/6817b433-fce4-4c3e-9e3f-02510fced788/1755901306560.jpg', '2025-08-22 22:21:53.795582+00', false, NULL, false, NULL, NULL, NULL, NULL),
	('82f6c402-d56e-4292-bf92-a406973c8f01', 39.00, '2 nimesulida (anti-inflamatrio) e uma pasta de dente', '2025-08-17', '942bb202-3d3a-42f8-b02e-32762391c166', '345b2948-78d3-4df4-8957-402393f0022c', '6817b433-fce4-4c3e-9e3f-02510fced788', 'https://yzbiamscspdkodfkmvth.supabase.co/storage/v1/object/public/receipts/6817b433-fce4-4c3e-9e3f-02510fced788/1755901448568.jpg', '2025-08-22 22:24:15.928782+00', false, NULL, false, NULL, NULL, NULL, NULL),
	('5b16a3bb-f6de-4ca9-b0b2-7e40217f3bc3', 41.00, 'Maquiagem Bianca', '2025-08-22', '942bb202-3d3a-42f8-b02e-32762391c166', '345b2948-78d3-4df4-8957-402393f0022c', '6817b433-fce4-4c3e-9e3f-02510fced788', 'https://yzbiamscspdkodfkmvth.supabase.co/storage/v1/object/public/receipts/6817b433-fce4-4c3e-9e3f-02510fced788/1755901637591.jpg', '2025-08-22 22:27:24.561883+00', false, NULL, false, NULL, NULL, NULL, NULL),
	('3fe57297-0a95-46f1-aa83-c734e96d776b', 162.44, 'Supermercado Morete', '2025-08-16', 'b138bc26-38ee-4118-876f-de8605e3d929', '345b2948-78d3-4df4-8957-402393f0022c', '6817b433-fce4-4c3e-9e3f-02510fced788', 'https://yzbiamscspdkodfkmvth.supabase.co/storage/v1/object/public/receipts/6817b433-fce4-4c3e-9e3f-02510fced788/1755901801279.jpg', '2025-08-22 22:30:07.73677+00', false, NULL, false, NULL, NULL, NULL, NULL),
	('2b0ac97b-be0b-4058-ad67-6a72dca84477', 35.00, 'Pastel e suco natural centro Sumar', '2025-08-16', '1168e4be-2587-4e6a-bb2c-4c4b6f4b8a8c', '345b2948-78d3-4df4-8957-402393f0022c', '6817b433-fce4-4c3e-9e3f-02510fced788', 'https://yzbiamscspdkodfkmvth.supabase.co/storage/v1/object/public/receipts/6817b433-fce4-4c3e-9e3f-02510fced788/1755902119305.jpg', '2025-08-22 22:35:24.275654+00', false, NULL, false, NULL, NULL, NULL, NULL),
	('665d7f37-7bdd-4be1-b3c7-79d923176a9d', 800.00, 'Pagamento parcela Moveis Lojas cem', '2025-08-16', '6b91c24f-bd3c-4fc5-b730-411a7c91aee9', '345b2948-78d3-4df4-8957-402393f0022c', '6817b433-fce4-4c3e-9e3f-02510fced788', NULL, '2025-08-22 22:36:04.377208+00', false, NULL, false, NULL, NULL, NULL, NULL),
	('50f6b061-1b01-4838-9319-50e0c9dfa5a2', 864.82, 'Fatura carto de crdito Agosto
Leroy merlin
Maycon barbeiro
Unifavip', '2025-08-18', '6b91c24f-bd3c-4fc5-b730-411a7c91aee9', '345b2948-78d3-4df4-8957-402393f0022c', '6817b433-fce4-4c3e-9e3f-02510fced788', 'https://yzbiamscspdkodfkmvth.supabase.co/storage/v1/object/public/receipts/6817b433-fce4-4c3e-9e3f-02510fced788/1755908950867.jpg', '2025-08-23 00:29:12.638522+00', false, NULL, false, NULL, NULL, NULL, NULL),
	('ceda97ba-b841-4335-8587-6859cf719f55', 30.00, 'Gasolina ', '2025-08-23', '842eced3-0ec7-40da-ae1b-f4c4b17539b1', '345b2948-78d3-4df4-8957-402393f0022c', '51b85870-5538-4336-bcc6-1bfd7fd3699a', 'https://yzbiamscspdkodfkmvth.supabase.co/storage/v1/object/public/receipts/51b85870-5538-4336-bcc6-1bfd7fd3699a/1755956512412.jpg', '2025-08-23 13:42:09.024444+00', false, NULL, false, NULL, NULL, NULL, NULL),
	('1e779c2d-210d-48d1-aa24-f213861175c5', 9.75, 'Tava com fome, meu macarro tava mt salgado e comprei pra no ficar com fome depois S2', '2025-08-28', '80a7e2ea-d6fc-4c09-ad61-3fb4cd5f1835', '345b2948-78d3-4df4-8957-402393f0022c', '51b85870-5538-4336-bcc6-1bfd7fd3699a', 'https://yzbiamscspdkodfkmvth.supabase.co/storage/v1/object/public/receipts/51b85870-5538-4336-bcc6-1bfd7fd3699a/1756515841770.jpg', '2025-08-30 01:04:03.41983+00', false, NULL, false, NULL, NULL, NULL, NULL),
	('1004df5e-671d-4a70-8e4f-1fcc09cbce4a', 192.17, 'Mercado para comprar quinzenal dos itens faltantes em casa

E tartuguitas, pq merecemos S2', '2025-08-29', 'b138bc26-38ee-4118-876f-de8605e3d929', '345b2948-78d3-4df4-8957-402393f0022c', '51b85870-5538-4336-bcc6-1bfd7fd3699a', 'https://yzbiamscspdkodfkmvth.supabase.co/storage/v1/object/public/receipts/51b85870-5538-4336-bcc6-1bfd7fd3699a/1756515945501.jpg', '2025-08-30 01:05:47.282264+00', false, NULL, false, NULL, NULL, NULL, NULL),
	('60d2c42f-5262-467d-b0d5-f66c2bf39a54', 10.00, 'Morangos S2
No tem notinha', '2025-08-30', 'b138bc26-38ee-4118-876f-de8605e3d929', '345b2948-78d3-4df4-8957-402393f0022c', '51b85870-5538-4336-bcc6-1bfd7fd3699a', NULL, '2025-08-30 01:06:25.89317+00', false, NULL, false, NULL, NULL, NULL, NULL),
	('8679221a-354d-4cd2-8bf4-5ca291d8ddf5', 19.00, 'Marmita 
Nem nota fiscal, comprovante no grupo', '2025-08-29', 'b138bc26-38ee-4118-876f-de8605e3d929', '345b2948-78d3-4df4-8957-402393f0022c', '51b85870-5538-4336-bcc6-1bfd7fd3699a', NULL, '2025-08-30 01:07:56.419728+00', false, NULL, false, NULL, NULL, NULL, NULL),
	('8f5d0d35-0d39-4a76-b73a-7de71303c356', 35.00, 'Pano de cho 
Sem nota, comprovante no grupo ', '2025-08-30', '6b91c24f-bd3c-4fc5-b730-411a7c91aee9', '345b2948-78d3-4df4-8957-402393f0022c', '51b85870-5538-4336-bcc6-1bfd7fd3699a', NULL, '2025-08-30 01:09:05.264885+00', false, NULL, false, NULL, NULL, NULL, NULL),
	('3f29bee0-0cb9-420f-845c-b13bd3b1e545', 7.79, 'Leite condensado
Comprovante no grupo ', '2025-08-28', 'b138bc26-38ee-4118-876f-de8605e3d929', '345b2948-78d3-4df4-8957-402393f0022c', '51b85870-5538-4336-bcc6-1bfd7fd3699a', NULL, '2025-08-30 01:09:53.475283+00', false, NULL, false, NULL, NULL, NULL, NULL),
	('25017d5c-edb2-4be9-92ea-53f21097b276', 578.07, 'Investimento no salo
76,75 - SANTAROSA COMERCIO DE COASMETICOS
11,90 - AMERICANA (DOCES)
262,15- MARDEGAN COSMETICOS _PENTE, LUVA TERMICA ETC)
227,27 - MERCADO LIVRE (PRODUTOS DE CABELO)
', '2025-08-23', '6b91c24f-bd3c-4fc5-b730-411a7c91aee9', '345b2948-78d3-4df4-8957-402393f0022c', '51b85870-5538-4336-bcc6-1bfd7fd3699a', NULL, '2025-08-30 01:17:45.200533+00', false, NULL, false, NULL, NULL, NULL, NULL),
	('36fadf06-58ec-4a9b-b8af-62bd41b7fefe', 35.00, 'Unha do p com a Anilk ', '2025-08-28', '6b91c24f-bd3c-4fc5-b730-411a7c91aee9', '345b2948-78d3-4df4-8957-402393f0022c', '51b85870-5538-4336-bcc6-1bfd7fd3699a', NULL, '2025-08-30 01:23:28.650819+00', false, NULL, false, NULL, NULL, NULL, NULL),
	('09c2b755-ae47-4488-b5a9-0bcca52194c5', 70.00, 'Unha em gel mos
Dinheiro ', '2025-08-30', '6b91c24f-bd3c-4fc5-b730-411a7c91aee9', '345b2948-78d3-4df4-8957-402393f0022c', '51b85870-5538-4336-bcc6-1bfd7fd3699a', 'https://yzbiamscspdkodfkmvth.supabase.co/storage/v1/object/public/receipts/51b85870-5538-4336-bcc6-1bfd7fd3699a/1756577678608.jpg', '2025-08-30 18:14:40.170163+00', false, NULL, false, NULL, NULL, NULL, NULL),
	('96bd1bc1-e482-459f-bd31-122b61c0cb93', 48.00, 'Pizza com a famlia na casa da Eti', '2025-08-31', '1168e4be-2587-4e6a-bb2c-4c4b6f4b8a8c', '345b2948-78d3-4df4-8957-402393f0022c', '51b85870-5538-4336-bcc6-1bfd7fd3699a', 'https://yzbiamscspdkodfkmvth.supabase.co/storage/v1/object/public/receipts/51b85870-5538-4336-bcc6-1bfd7fd3699a/1756689289186.jpg', '2025-09-01 01:14:50.385409+00', false, NULL, false, NULL, NULL, NULL, NULL),
	('cb7c0a0e-a29a-4de1-b342-e9aa0aaec4c9', 8.00, 'Lanche na faculdade pois estava com muita fome e no deu tempo de comer', '2025-09-02', '80a7e2ea-d6fc-4c09-ad61-3fb4cd5f1835', '345b2948-78d3-4df4-8957-402393f0022c', '51b85870-5538-4336-bcc6-1bfd7fd3699a', NULL, '2025-09-03 00:36:38.460085+00', false, NULL, false, NULL, NULL, NULL, NULL),
	('7ff5b892-3897-45b4-8616-201f43d7cd2c', 40.84, 'Mercado', '2025-09-14', 'b138bc26-38ee-4118-876f-de8605e3d929', '345b2948-78d3-4df4-8957-402393f0022c', '51b85870-5538-4336-bcc6-1bfd7fd3699a', 'https://yzbiamscspdkodfkmvth.supabase.co/storage/v1/object/public/receipts/51b85870-5538-4336-bcc6-1bfd7fd3699a/1758546393638.jpg', '2025-09-22 13:06:35.945267+00', false, NULL, false, NULL, NULL, NULL, NULL),
	('914053b0-8b14-4348-ab88-257ca524759e', 165.63, 'Mercado', '2025-09-04', '80a7e2ea-d6fc-4c09-ad61-3fb4cd5f1835', '345b2948-78d3-4df4-8957-402393f0022c', '51b85870-5538-4336-bcc6-1bfd7fd3699a', 'https://yzbiamscspdkodfkmvth.supabase.co/storage/v1/object/public/receipts/51b85870-5538-4336-bcc6-1bfd7fd3699a/1758546493525.jpg', '2025-09-22 13:08:15.846097+00', false, NULL, false, NULL, NULL, NULL, NULL),
	('9008c53e-ae2d-4a07-92f7-048c5659d516', 9.75, 'Tava com fome slc', '2025-08-28', '80a7e2ea-d6fc-4c09-ad61-3fb4cd5f1835', '345b2948-78d3-4df4-8957-402393f0022c', '51b85870-5538-4336-bcc6-1bfd7fd3699a', 'https://yzbiamscspdkodfkmvth.supabase.co/storage/v1/object/public/receipts/51b85870-5538-4336-bcc6-1bfd7fd3699a/1758546584294.jpg', '2025-09-22 13:09:46.563491+00', false, NULL, false, NULL, NULL, NULL, NULL),
	('fb0bc73d-cbf7-4140-801b-e4362e0ae51c', 26.00, 'Estacionamento do shopping para role', '2025-09-22', '842eced3-0ec7-40da-ae1b-f4c4b17539b1', '345b2948-78d3-4df4-8957-402393f0022c', '51b85870-5538-4336-bcc6-1bfd7fd3699a', 'https://yzbiamscspdkodfkmvth.supabase.co/storage/v1/object/public/receipts/51b85870-5538-4336-bcc6-1bfd7fd3699a/1758546689976.jpg', '2025-09-22 13:11:31.891811+00', false, NULL, false, NULL, NULL, NULL, NULL),
	('1cfcc380-d0b2-4d6d-b7cf-083f8819ebbd', 192.17, 'Mercado', '2025-08-29', 'b138bc26-38ee-4118-876f-de8605e3d929', '345b2948-78d3-4df4-8957-402393f0022c', '51b85870-5538-4336-bcc6-1bfd7fd3699a', 'https://yzbiamscspdkodfkmvth.supabase.co/storage/v1/object/public/receipts/51b85870-5538-4336-bcc6-1bfd7fd3699a/1758546796261.jpg', '2025-09-22 13:13:19.259335+00', false, NULL, false, NULL, NULL, NULL, NULL),
	('1c9c2a78-7fd0-413e-bbcd-949e950fc5db', 5.39, 'Chocolate para confraternizao do coral', '2025-09-22', '80a7e2ea-d6fc-4c09-ad61-3fb4cd5f1835', '345b2948-78d3-4df4-8957-402393f0022c', '51b85870-5538-4336-bcc6-1bfd7fd3699a', 'https://yzbiamscspdkodfkmvth.supabase.co/storage/v1/object/public/receipts/51b85870-5538-4336-bcc6-1bfd7fd3699a/1758546875732.jpg', '2025-09-22 13:14:37.422599+00', false, NULL, false, NULL, NULL, NULL, NULL),
	('b219f657-857d-4f4f-8481-5b99fa66ef53', 62.88, 'Alimentos para a semana e besteirol', '2025-09-12', '80a7e2ea-d6fc-4c09-ad61-3fb4cd5f1835', '345b2948-78d3-4df4-8957-402393f0022c', '51b85870-5538-4336-bcc6-1bfd7fd3699a', 'https://yzbiamscspdkodfkmvth.supabase.co/storage/v1/object/public/receipts/51b85870-5538-4336-bcc6-1bfd7fd3699a/1758546974904.jpg', '2025-09-22 13:16:17.216088+00', false, NULL, false, NULL, NULL, NULL, NULL),
	('7ee6d8db-c36f-4d56-8665-66add4b5e755', 78.91, 'Besteiras para cinema S2
', '2025-09-21', '80a7e2ea-d6fc-4c09-ad61-3fb4cd5f1835', '345b2948-78d3-4df4-8957-402393f0022c', '51b85870-5538-4336-bcc6-1bfd7fd3699a', 'https://yzbiamscspdkodfkmvth.supabase.co/storage/v1/object/public/receipts/51b85870-5538-4336-bcc6-1bfd7fd3699a/1758547113734.jpg', '2025-09-22 13:18:37.034348+00', false, NULL, false, NULL, NULL, NULL, NULL),
	('499305ed-bc79-48dc-8db3-95cfde690366', 49.50, 'Sorvete', '2025-09-22', '80a7e2ea-d6fc-4c09-ad61-3fb4cd5f1835', '345b2948-78d3-4df4-8957-402393f0022c', '51b85870-5538-4336-bcc6-1bfd7fd3699a', 'https://yzbiamscspdkodfkmvth.supabase.co/storage/v1/object/public/receipts/51b85870-5538-4336-bcc6-1bfd7fd3699a/1758547889352.jpg', '2025-09-22 13:31:31.924799+00', false, NULL, false, NULL, NULL, NULL, NULL),
	('49325658-4509-48ea-8e12-a17bbf7712e4', 255.53, 'Cadeira para o salo de beleza', '2025-09-20', '6b91c24f-bd3c-4fc5-b730-411a7c91aee9', '345b2948-78d3-4df4-8957-402393f0022c', '51b85870-5538-4336-bcc6-1bfd7fd3699a', 'https://yzbiamscspdkodfkmvth.supabase.co/storage/v1/object/public/receipts/51b85870-5538-4336-bcc6-1bfd7fd3699a/1758548067435.jpg', '2025-09-22 13:34:29.290353+00', false, NULL, false, NULL, NULL, NULL, NULL),
	('c7e654b3-1e48-4311-bf9f-1a063952f895', 70.00, 'Unhas p e mao', '2025-11-01', '6b91c24f-bd3c-4fc5-b730-411a7c91aee9', '345b2948-78d3-4df4-8957-402393f0022c', '51b85870-5538-4336-bcc6-1bfd7fd3699a', NULL, '2025-11-03 12:52:15.953861+00', false, NULL, false, NULL, NULL, NULL, NULL),
	('7cd5182b-411c-44bc-9c79-8f7f53138dad', 21.93, 'Uber', '2025-10-18', '842eced3-0ec7-40da-ae1b-f4c4b17539b1', '345b2948-78d3-4df4-8957-402393f0022c', '51b85870-5538-4336-bcc6-1bfd7fd3699a', NULL, '2025-11-03 12:57:25.235791+00', false, NULL, false, NULL, NULL, NULL, NULL),
	('23736c02-18c8-426d-9316-f8fa5ba2698a', 4.80, 'Carolina', '2025-09-03', '80a7e2ea-d6fc-4c09-ad61-3fb4cd5f1835', '345b2948-78d3-4df4-8957-402393f0022c', '51b85870-5538-4336-bcc6-1bfd7fd3699a', 'https://yzbiamscspdkodfkmvth.supabase.co/storage/v1/object/public/receipts/51b85870-5538-4336-bcc6-1bfd7fd3699a/1758548142033.jpg', '2025-09-22 13:35:47.172223+00', false, NULL, false, NULL, NULL, NULL, NULL),
	('a1a02f17-1176-4dc6-89c4-76a8e147e0f8', 163.90, 'Tinta e rolo de tinta', '2025-09-19', '6b91c24f-bd3c-4fc5-b730-411a7c91aee9', '345b2948-78d3-4df4-8957-402393f0022c', '51b85870-5538-4336-bcc6-1bfd7fd3699a', 'https://yzbiamscspdkodfkmvth.supabase.co/storage/v1/object/public/receipts/51b85870-5538-4336-bcc6-1bfd7fd3699a/1758548232274.jpg', '2025-09-22 13:37:14.061681+00', false, NULL, false, NULL, NULL, NULL, NULL),
	('6c220ee0-6501-45ac-84fa-6348d95f7479', 4.50, 'Doce', '2025-09-05', '80a7e2ea-d6fc-4c09-ad61-3fb4cd5f1835', '345b2948-78d3-4df4-8957-402393f0022c', '51b85870-5538-4336-bcc6-1bfd7fd3699a', 'https://yzbiamscspdkodfkmvth.supabase.co/storage/v1/object/public/receipts/51b85870-5538-4336-bcc6-1bfd7fd3699a/1758548458995.jpg', '2025-09-22 13:41:01.322798+00', false, NULL, false, NULL, NULL, NULL, NULL),
	('ff2d1f20-4b07-4a5b-a960-c7d6c13cccb7', 40.84, 'Mercado', '2025-09-22', 'b138bc26-38ee-4118-876f-de8605e3d929', '345b2948-78d3-4df4-8957-402393f0022c', '51b85870-5538-4336-bcc6-1bfd7fd3699a', 'https://yzbiamscspdkodfkmvth.supabase.co/storage/v1/object/public/receipts/51b85870-5538-4336-bcc6-1bfd7fd3699a/1758548537488.jpg', '2025-09-22 13:42:19.050097+00', false, NULL, false, NULL, NULL, NULL, NULL),
	('c5d14284-3461-4dc1-8b6f-c531ea7e2236', 4.80, '', '2025-09-03', '80a7e2ea-d6fc-4c09-ad61-3fb4cd5f1835', '345b2948-78d3-4df4-8957-402393f0022c', '51b85870-5538-4336-bcc6-1bfd7fd3699a', 'https://yzbiamscspdkodfkmvth.supabase.co/storage/v1/object/public/receipts/51b85870-5538-4336-bcc6-1bfd7fd3699a/1758548606199.jpg', '2025-09-22 13:43:27.829795+00', false, NULL, false, NULL, NULL, NULL, NULL),
	('c9f6e915-1870-4c47-bb30-440e09cc5adb', 11.70, 'Docinhos do ageu', '2025-09-21', '80a7e2ea-d6fc-4c09-ad61-3fb4cd5f1835', '345b2948-78d3-4df4-8957-402393f0022c', '51b85870-5538-4336-bcc6-1bfd7fd3699a', 'https://yzbiamscspdkodfkmvth.supabase.co/storage/v1/object/public/receipts/51b85870-5538-4336-bcc6-1bfd7fd3699a/1758548719877.jpg', '2025-09-22 13:45:21.561645+00', false, NULL, false, NULL, NULL, NULL, NULL),
	('93529792-c836-46bb-961b-de95a30428ed', 5.39, 'No sei', '2025-09-05', '6b91c24f-bd3c-4fc5-b730-411a7c91aee9', '345b2948-78d3-4df4-8957-402393f0022c', '51b85870-5538-4336-bcc6-1bfd7fd3699a', 'https://yzbiamscspdkodfkmvth.supabase.co/storage/v1/object/public/receipts/51b85870-5538-4336-bcc6-1bfd7fd3699a/1758548834952.jpg', '2025-09-22 13:47:16.803271+00', false, NULL, false, NULL, NULL, NULL, NULL),
	('d28b8806-ea53-48bd-8a77-c7f0888b1572', 3.00, 'Cartolina pra EBD 2x _ sem nota', '2025-09-20', '6b91c24f-bd3c-4fc5-b730-411a7c91aee9', '345b2948-78d3-4df4-8957-402393f0022c', '51b85870-5538-4336-bcc6-1bfd7fd3699a', NULL, '2025-09-22 13:48:05.111735+00', false, NULL, false, NULL, NULL, NULL, NULL),
	('0fb35fda-2f4d-4bb0-9283-850a1304d3c3', 18.96, 'Uber para laser - sem nota', '2025-09-22', '842eced3-0ec7-40da-ae1b-f4c4b17539b1', '345b2948-78d3-4df4-8957-402393f0022c', '51b85870-5538-4336-bcc6-1bfd7fd3699a', NULL, '2025-09-22 13:51:00.500161+00', false, NULL, false, NULL, NULL, NULL, NULL),
	('94800851-e2e2-4d6c-b79e-8bba2a1eea62', 20.00, 'Gasolina', '2025-09-20', '842eced3-0ec7-40da-ae1b-f4c4b17539b1', '345b2948-78d3-4df4-8957-402393f0022c', '51b85870-5538-4336-bcc6-1bfd7fd3699a', NULL, '2025-09-22 13:51:22.364545+00', false, NULL, false, NULL, NULL, NULL, NULL),
	('f9b47530-0c6f-47a8-a064-050ecd9e7270', 4.99, 'Teste de gravidez', '2025-09-20', '6b91c24f-bd3c-4fc5-b730-411a7c91aee9', '345b2948-78d3-4df4-8957-402393f0022c', '51b85870-5538-4336-bcc6-1bfd7fd3699a', NULL, '2025-09-22 13:51:53.360009+00', false, NULL, false, NULL, NULL, NULL, NULL),
	('59f80ffa-26d9-4712-88c0-fa8eda5bcd0e', 8.58, 'Lanchinho', '2025-09-22', '80a7e2ea-d6fc-4c09-ad61-3fb4cd5f1835', '345b2948-78d3-4df4-8957-402393f0022c', '51b85870-5538-4336-bcc6-1bfd7fd3699a', NULL, '2025-09-22 13:53:05.628252+00', false, NULL, false, NULL, NULL, NULL, NULL),
	('bcc611c5-cb9c-4b38-bbd1-1731e420f743', 60.00, 'Po do Evandro', '2025-09-22', '80a7e2ea-d6fc-4c09-ad61-3fb4cd5f1835', '345b2948-78d3-4df4-8957-402393f0022c', '51b85870-5538-4336-bcc6-1bfd7fd3699a', NULL, '2025-09-22 13:53:29.710837+00', false, NULL, false, NULL, NULL, NULL, NULL),
	('c7d2d600-8950-4118-9a7e-e647466279a6', 40.84, 'Cobertura de sorvete e refri', '2025-09-14', '80a7e2ea-d6fc-4c09-ad61-3fb4cd5f1835', '345b2948-78d3-4df4-8957-402393f0022c', '51b85870-5538-4336-bcc6-1bfd7fd3699a', NULL, '2025-09-22 13:54:03.672666+00', false, NULL, false, NULL, NULL, NULL, NULL),
	('89e8b86a-cfc4-4ddf-8668-53707adedbee', 40.00, 'Conserto celular, juninho', '2025-09-13', '6b91c24f-bd3c-4fc5-b730-411a7c91aee9', '345b2948-78d3-4df4-8957-402393f0022c', '51b85870-5538-4336-bcc6-1bfd7fd3699a', NULL, '2025-09-22 13:54:43.704615+00', false, NULL, false, NULL, NULL, NULL, NULL),
	('dc19722a-4243-4933-af96-9a86ef99f229', 43.00, 'Marmita de 2 dias no almoo do servio ', '2025-09-12', 'b138bc26-38ee-4118-876f-de8605e3d929', '345b2948-78d3-4df4-8957-402393f0022c', '51b85870-5538-4336-bcc6-1bfd7fd3699a', NULL, '2025-09-22 13:55:27.988887+00', false, NULL, false, NULL, NULL, NULL, NULL),
	('3ea02b1f-4f0f-49e9-98ab-c7c6fba40fef', 145.00, 'Estabilizador ', '2025-09-09', '6b91c24f-bd3c-4fc5-b730-411a7c91aee9', '345b2948-78d3-4df4-8957-402393f0022c', '51b85870-5538-4336-bcc6-1bfd7fd3699a', NULL, '2025-09-22 13:57:49.701728+00', false, NULL, false, NULL, NULL, NULL, NULL),
	('925eda53-b385-4461-a81c-c6017f626b92', 70.00, 'Curso de corte 2/4', '2025-09-10', '6b91c24f-bd3c-4fc5-b730-411a7c91aee9', '345b2948-78d3-4df4-8957-402393f0022c', '51b85870-5538-4336-bcc6-1bfd7fd3699a', NULL, '2025-09-22 13:58:22.317847+00', false, NULL, false, NULL, NULL, NULL, NULL),
	('22372642-d21c-4b65-86b3-f04ab16b06b5', 200.00, 'Curso de sombrancelha, entrada', '2025-09-22', '6b91c24f-bd3c-4fc5-b730-411a7c91aee9', '345b2948-78d3-4df4-8957-402393f0022c', '51b85870-5538-4336-bcc6-1bfd7fd3699a', NULL, '2025-09-22 13:59:16.20989+00', false, NULL, false, NULL, NULL, NULL, NULL),
	('bf982fb3-6daf-4791-b060-848fbcbc9eaa', 4.80, 'Doce', '2025-09-02', '80a7e2ea-d6fc-4c09-ad61-3fb4cd5f1835', '345b2948-78d3-4df4-8957-402393f0022c', '51b85870-5538-4336-bcc6-1bfd7fd3699a', NULL, '2025-09-22 14:00:04.149284+00', false, NULL, false, NULL, NULL, NULL, NULL),
	('d446bea3-b9b7-4625-a380-1891aca0249a', 18.43, 'Supermercado', '2025-10-06', 'b138bc26-38ee-4118-876f-de8605e3d929', '345b2948-78d3-4df4-8957-402393f0022c', '51b85870-5538-4336-bcc6-1bfd7fd3699a', NULL, '2025-10-07 19:44:21.121959+00', false, NULL, false, NULL, NULL, NULL, NULL),
	('e9250aaa-13eb-4f38-bbc1-c5e624a7bb60', 115.23, 'Compra da quinzena', '2025-09-26', 'b138bc26-38ee-4118-876f-de8605e3d929', '345b2948-78d3-4df4-8957-402393f0022c', '51b85870-5538-4336-bcc6-1bfd7fd3699a', NULL, '2025-10-07 19:47:11.777279+00', false, NULL, false, NULL, NULL, NULL, NULL),
	('b69533d3-7cf2-43d6-9ed7-98c13fb1002e', 11.99, 'Doces para o salo ', '2025-10-01', '6b91c24f-bd3c-4fc5-b730-411a7c91aee9', '345b2948-78d3-4df4-8957-402393f0022c', '51b85870-5538-4336-bcc6-1bfd7fd3699a', NULL, '2025-10-07 19:51:11.554009+00', false, NULL, false, NULL, NULL, NULL, NULL),
	('4e90a457-70e6-4df0-9534-96d5ff57e120', 739.92, 'Lojas cem /mveis ', '2025-09-30', '077ab00d-07a7-4609-a0cb-221bf8b73adb', '345b2948-78d3-4df4-8957-402393f0022c', '51b85870-5538-4336-bcc6-1bfd7fd3699a', NULL, '2025-10-07 19:54:18.847587+00', false, NULL, false, NULL, NULL, NULL, NULL),
	('8c3a42dc-1638-4d18-91d7-a8b536c55d7d', 4.99, 'Teste gravideslz', '2025-09-20', '6b91c24f-bd3c-4fc5-b730-411a7c91aee9', '345b2948-78d3-4df4-8957-402393f0022c', '51b85870-5538-4336-bcc6-1bfd7fd3699a', NULL, '2025-10-07 19:55:33.486105+00', false, NULL, false, NULL, NULL, NULL, NULL),
	('146fed03-4959-4c16-802c-10daee8cfd21', 56.63, 'Supermercado -recebendo minha mae', '2025-09-27', 'b138bc26-38ee-4118-876f-de8605e3d929', '345b2948-78d3-4df4-8957-402393f0022c', '51b85870-5538-4336-bcc6-1bfd7fd3699a', NULL, '2025-10-07 20:03:23.331785+00', false, NULL, false, NULL, NULL, NULL, NULL),
	('4bb76315-f537-471b-a529-8c31036e2658', 11.00, 'Estacionamento', '2025-08-16', '842eced3-0ec7-40da-ae1b-f4c4b17539b1', '345b2948-78d3-4df4-8957-402393f0022c', '51b85870-5538-4336-bcc6-1bfd7fd3699a', NULL, '2025-10-07 20:04:34.889228+00', false, NULL, false, NULL, NULL, NULL, NULL),
	('d67ee9cf-16db-475f-97d1-e5b729dc509f', 76.75, 'Salo da Bianca, pente pincel, tinta preta etc', '2025-10-07', '6b91c24f-bd3c-4fc5-b730-411a7c91aee9', '345b2948-78d3-4df4-8957-402393f0022c', '51b85870-5538-4336-bcc6-1bfd7fd3699a', NULL, '2025-10-07 20:06:06.319456+00', false, NULL, false, NULL, NULL, NULL, NULL),
	('8dfb4ae9-f9db-473d-85ae-4b818adbeba8', 262.15, 'Nobby - salo da Bianca', '2025-08-23', '6b91c24f-bd3c-4fc5-b730-411a7c91aee9', '345b2948-78d3-4df4-8957-402393f0022c', '51b85870-5538-4336-bcc6-1bfd7fd3699a', NULL, '2025-10-07 20:08:07.391373+00', false, NULL, false, NULL, NULL, NULL, NULL),
	('9ae972ba-775c-4d7b-9837-2401d926792d', 58.50, 'Supermercado', '2025-09-22', 'b138bc26-38ee-4118-876f-de8605e3d929', '345b2948-78d3-4df4-8957-402393f0022c', '51b85870-5538-4336-bcc6-1bfd7fd3699a', NULL, '2025-10-07 20:18:10.157112+00', false, NULL, false, NULL, NULL, NULL, NULL),
	('d8748c21-3877-4750-a21e-0594480143c4', 13.98, 'Supermercado', '2025-09-24', 'b138bc26-38ee-4118-876f-de8605e3d929', '345b2948-78d3-4df4-8957-402393f0022c', '51b85870-5538-4336-bcc6-1bfd7fd3699a', NULL, '2025-10-07 20:19:05.041189+00', false, NULL, false, NULL, NULL, NULL, NULL),
	('9f9da1c2-da3e-437c-897f-0e196d2d70f6', 117.80, 'Supermercado', '2025-09-23', 'b138bc26-38ee-4118-876f-de8605e3d929', '345b2948-78d3-4df4-8957-402393f0022c', '51b85870-5538-4336-bcc6-1bfd7fd3699a', NULL, '2025-10-07 20:20:11.231617+00', false, NULL, false, NULL, NULL, NULL, NULL),
	('96b5282e-cd1d-47f3-9599-08f3f0062b5c', 255.62, 'Supermercado', '2025-10-09', 'b138bc26-38ee-4118-876f-de8605e3d929', '345b2948-78d3-4df4-8957-402393f0022c', '51b85870-5538-4336-bcc6-1bfd7fd3699a', NULL, '2025-10-10 00:11:51.609133+00', false, NULL, false, NULL, NULL, NULL, NULL),
	('af999899-7a55-4cde-b33f-71db749dbac5', 94.96, 'Uber da rodoviria para casa', '2025-10-10', '842eced3-0ec7-40da-ae1b-f4c4b17539b1', '345b2948-78d3-4df4-8957-402393f0022c', '51b85870-5538-4336-bcc6-1bfd7fd3699a', NULL, '2025-10-10 21:53:57.619939+00', false, NULL, false, NULL, NULL, NULL, NULL),
	('1ff811e2-a9f6-4636-ad1b-604a05c05dbd', 215.04, 'Supermercado', '2025-11-01', 'b138bc26-38ee-4118-876f-de8605e3d929', '345b2948-78d3-4df4-8957-402393f0022c', '51b85870-5538-4336-bcc6-1bfd7fd3699a', NULL, '2025-11-01 15:48:45.583156+00', false, NULL, false, NULL, NULL, NULL, NULL),
	('4daa8e54-b7f7-40dd-813d-a930d29a230b', 51.41, 'Besteirol e necessidades', '2025-10-12', 'b138bc26-38ee-4118-876f-de8605e3d929', '345b2948-78d3-4df4-8957-402393f0022c', '51b85870-5538-4336-bcc6-1bfd7fd3699a', NULL, '2025-11-03 12:41:49.448448+00', false, NULL, false, NULL, NULL, NULL, NULL),
	('f06e12df-1c93-48a8-a374-d98ad89a4cad', 7.98, 'Creme de leite', '2025-10-28', 'b138bc26-38ee-4118-876f-de8605e3d929', '345b2948-78d3-4df4-8957-402393f0022c', '51b85870-5538-4336-bcc6-1bfd7fd3699a', NULL, '2025-11-03 12:17:41.112332+00', false, NULL, false, NULL, NULL, NULL, NULL),
	('bc262cd0-cec4-476e-925d-1eb317e9a4d6', 17.13, 'Doces para levar na unicamp', '2025-10-31', '80a7e2ea-d6fc-4c09-ad61-3fb4cd5f1835', '345b2948-78d3-4df4-8957-402393f0022c', '51b85870-5538-4336-bcc6-1bfd7fd3699a', NULL, '2025-11-03 12:18:44.127885+00', false, NULL, false, NULL, NULL, NULL, NULL),
	('bb8a0a75-299c-4b5b-95da-332da5a10596', 39.62, 'Doces e salgadinhos', '2025-10-24', '80a7e2ea-d6fc-4c09-ad61-3fb4cd5f1835', '345b2948-78d3-4df4-8957-402393f0022c', '51b85870-5538-4336-bcc6-1bfd7fd3699a', NULL, '2025-11-03 12:40:09.799468+00', false, NULL, false, NULL, NULL, NULL, NULL),
	('32e6ff23-9d19-4b7a-840e-6540023a946f', 18.43, 'Po e Carolina ', '2025-10-06', 'b138bc26-38ee-4118-876f-de8605e3d929', '345b2948-78d3-4df4-8957-402393f0022c', '51b85870-5538-4336-bcc6-1bfd7fd3699a', NULL, '2025-11-03 12:47:30.863265+00', false, NULL, false, NULL, NULL, NULL, NULL),
	('c3d368e2-155d-4e65-be11-c4ad635f8c52', 45.00, 'Corte Lucas cabelo ', '2025-10-31', '6b91c24f-bd3c-4fc5-b730-411a7c91aee9', '345b2948-78d3-4df4-8957-402393f0022c', '51b85870-5538-4336-bcc6-1bfd7fd3699a', NULL, '2025-11-03 12:49:29.660092+00', false, NULL, false, NULL, NULL, NULL, NULL),
	('3befcf7c-2556-4735-8938-1223becfdb7c', 10.00, 'Cachorro quente da igreja', '2025-11-03', '80a7e2ea-d6fc-4c09-ad61-3fb4cd5f1835', '345b2948-78d3-4df4-8957-402393f0022c', '51b85870-5538-4336-bcc6-1bfd7fd3699a', NULL, '2025-11-03 12:50:15.90138+00', false, NULL, false, NULL, NULL, NULL, NULL),
	('c67a2c70-e5e7-4046-a62f-69f2f8f271b6', 50.00, 'Gasolina para ver pedri', '2025-11-03', '842eced3-0ec7-40da-ae1b-f4c4b17539b1', '345b2948-78d3-4df4-8957-402393f0022c', '51b85870-5538-4336-bcc6-1bfd7fd3699a', NULL, '2025-11-03 12:51:04.450386+00', false, NULL, false, NULL, NULL, NULL, NULL),
	('41ce82d6-4b54-4c0f-a479-7525c62ca89a', 20.00, 'SORVETERIA MENE', '2025-11-21', 'b138bc26-38ee-4118-876f-de8605e3d929', '345b2948-78d3-4df4-8957-402393f0022c', '51b85870-5538-4336-bcc6-1bfd7fd3699a', 'https://yzbiamscspdkodfkmvth.supabase.co/storage/v1/object/public/receipts/51b85870-5538-4336-bcc6-1bfd7fd3699a/159d1080-16d4-4cab-afbe-c7f3fd574faa.jpg', '2025-11-21 20:31:50.823+00', false, NULL, false, NULL, NULL, NULL, NULL),
	('42864161-86b8-40cf-b2e6-446ddcfd3f50', 375.53, 'WMS Supermercados do Brasil Ltda', '2025-11-23', 'b138bc26-38ee-4118-876f-de8605e3d929', '345b2948-78d3-4df4-8957-402393f0022c', '51b85870-5538-4336-bcc6-1bfd7fd3699a', 'https://yzbiamscspdkodfkmvth.supabase.co/storage/v1/object/public/receipts/51b85870-5538-4336-bcc6-1bfd7fd3699a/1ae3686e-acdc-4d48-a71e-68bb97ceff93.jpg', '2025-11-23 14:29:51.573+00', false, NULL, false, NULL, NULL, NULL, NULL),
	('90d08aae-df4f-4d08-ab99-b1110eec4d99', 375.53, 'WMS SUPERMERCADOS DO BRASIL LTDA', '2025-11-23', 'b138bc26-38ee-4118-876f-de8605e3d929', '345b2948-78d3-4df4-8957-402393f0022c', '51b85870-5538-4336-bcc6-1bfd7fd3699a', 'https://yzbiamscspdkodfkmvth.supabase.co/storage/v1/object/public/receipts/51b85870-5538-4336-bcc6-1bfd7fd3699a/d733df44-0b86-47f9-aa6f-2d312a235699.jpg', '2025-11-26 13:04:38.218+00', false, NULL, false, NULL, NULL, NULL, NULL),
	('26876f37-62c0-49b0-8d55-6acd1217b24c', 165.07, 'GOOD BOM SUPERMERCADOS LTDA.', '2025-11-05', 'b138bc26-38ee-4118-876f-de8605e3d929', '345b2948-78d3-4df4-8957-402393f0022c', '51b85870-5538-4336-bcc6-1bfd7fd3699a', 'https://yzbiamscspdkodfkmvth.supabase.co/storage/v1/object/public/receipts/51b85870-5538-4336-bcc6-1bfd7fd3699a/a8791b92-3409-4ef4-bd36-b7b36be0f148.jpg', '2025-11-26 13:05:47.332+00', false, NULL, false, NULL, NULL, NULL, NULL),
	('26ca6e17-cf5b-4f70-bd1d-4e9e3d01a7ea', 128.67, 'WMS SUPERMERCADOS DO BRASIL LTDA', '2025-11-09', 'b138bc26-38ee-4118-876f-de8605e3d929', '345b2948-78d3-4df4-8957-402393f0022c', '51b85870-5538-4336-bcc6-1bfd7fd3699a', 'https://yzbiamscspdkodfkmvth.supabase.co/storage/v1/object/public/receipts/51b85870-5538-4336-bcc6-1bfd7fd3699a/cd3b9254-1b76-4b5e-9cec-7e1fc5cf5795.jpg', '2025-11-26 13:07:37.606+00', false, NULL, false, NULL, NULL, NULL, NULL),
	('e42c31b4-6038-42d4-88f0-ef8548c94866', 50.00, 'Posto Santa Carolina', '2025-11-02', 'b138bc26-38ee-4118-876f-de8605e3d929', '345b2948-78d3-4df4-8957-402393f0022c', '51b85870-5538-4336-bcc6-1bfd7fd3699a', 'https://yzbiamscspdkodfkmvth.supabase.co/storage/v1/object/public/receipts/51b85870-5538-4336-bcc6-1bfd7fd3699a/3c42ddd7-07c1-470a-8665-f2093335d49b.jpg', '2025-11-26 13:08:30.853+00', false, NULL, false, NULL, NULL, NULL, NULL),
	('d7d9aa88-e247-4f57-866e-331b6d3163c3', 20.00, 'POSTO SANTA CAROLINA', '2025-11-09', '842eced3-0ec7-40da-ae1b-f4c4b17539b1', '345b2948-78d3-4df4-8957-402393f0022c', '51b85870-5538-4336-bcc6-1bfd7fd3699a', 'https://yzbiamscspdkodfkmvth.supabase.co/storage/v1/object/public/receipts/51b85870-5538-4336-bcc6-1bfd7fd3699a/1250b5bb-0ce1-4cba-afcd-660f57776eee.jpg', '2025-11-26 13:09:38.54+00', false, NULL, false, NULL, NULL, NULL, NULL),
	('3ec3c4c4-0ec3-4647-b5db-5aa121751e67', 61.50, ' MTX Mony Sorveteria', '2025-11-07', '80a7e2ea-d6fc-4c09-ad61-3fb4cd5f1835', '345b2948-78d3-4df4-8957-402393f0022c', '51b85870-5538-4336-bcc6-1bfd7fd3699a', 'https://yzbiamscspdkodfkmvth.supabase.co/storage/v1/object/public/receipts/51b85870-5538-4336-bcc6-1bfd7fd3699a/ac6ab7dd-5ef7-45d8-b24d-8a11e311ff90.jpg', '2025-11-26 13:11:16.702+00', false, NULL, false, NULL, NULL, NULL, NULL),
	('2f878a23-ef76-4d42-ae68-bd642ec5c294', 105.50, 'SAMSUNG ELETRONICA DA AMAZONIA LTDA (1/18)', '2025-11-27', '6b91c24f-bd3c-4fc5-b730-411a7c91aee9', '345b2948-78d3-4df4-8957-402393f0022c', '51b85870-5538-4336-bcc6-1bfd7fd3699a', 'https://yzbiamscspdkodfkmvth.supabase.co/storage/v1/object/public/receipts/51b85870-5538-4336-bcc6-1bfd7fd3699a/ca494f3d-179f-491d-8278-9d9d36916149.jpg', '2025-11-28 02:34:14.497+00', false, NULL, true, 1, 18, NULL, NULL),
	('498b4755-a740-4fa3-8052-1413ecff646f', 105.50, 'SAMSUNG ELETRONICA DA AMAZONIA LTDA (2/18)', '2025-12-27', '6b91c24f-bd3c-4fc5-b730-411a7c91aee9', '345b2948-78d3-4df4-8957-402393f0022c', '51b85870-5538-4336-bcc6-1bfd7fd3699a', NULL, '2025-11-28 02:34:14.501+00', false, NULL, true, 2, 18, NULL, '2f878a23-ef76-4d42-ae68-bd642ec5c294'),
	('cefc1447-030a-43f6-aa9b-5df87b3fd286', 105.50, 'SAMSUNG ELETRONICA DA AMAZONIA LTDA (3/18)', '2026-01-27', '6b91c24f-bd3c-4fc5-b730-411a7c91aee9', '345b2948-78d3-4df4-8957-402393f0022c', '51b85870-5538-4336-bcc6-1bfd7fd3699a', NULL, '2025-11-28 02:34:14.502+00', false, NULL, true, 3, 18, NULL, '2f878a23-ef76-4d42-ae68-bd642ec5c294'),
	('c21743f6-68bc-4414-8bbd-0ea25c334954', 105.50, 'SAMSUNG ELETRONICA DA AMAZONIA LTDA (4/18)', '2026-02-27', '6b91c24f-bd3c-4fc5-b730-411a7c91aee9', '345b2948-78d3-4df4-8957-402393f0022c', '51b85870-5538-4336-bcc6-1bfd7fd3699a', NULL, '2025-11-28 02:34:14.502+00', false, NULL, true, 4, 18, NULL, '2f878a23-ef76-4d42-ae68-bd642ec5c294'),
	('21fb3b18-fde9-4905-bb2d-9dc96d13a3ff', 105.50, 'SAMSUNG ELETRONICA DA AMAZONIA LTDA (5/18)', '2026-03-27', '6b91c24f-bd3c-4fc5-b730-411a7c91aee9', '345b2948-78d3-4df4-8957-402393f0022c', '51b85870-5538-4336-bcc6-1bfd7fd3699a', NULL, '2025-11-28 02:34:14.503+00', false, NULL, true, 5, 18, NULL, '2f878a23-ef76-4d42-ae68-bd642ec5c294'),
	('8015abb1-e65c-4e94-8ed5-611fafdab17b', 105.50, 'SAMSUNG ELETRONICA DA AMAZONIA LTDA (6/18)', '2026-04-27', '6b91c24f-bd3c-4fc5-b730-411a7c91aee9', '345b2948-78d3-4df4-8957-402393f0022c', '51b85870-5538-4336-bcc6-1bfd7fd3699a', NULL, '2025-11-28 02:34:14.503+00', false, NULL, true, 6, 18, NULL, '2f878a23-ef76-4d42-ae68-bd642ec5c294'),
	('8a1d08a0-80c1-4c8a-ad5b-42c323501f9f', 105.50, 'SAMSUNG ELETRONICA DA AMAZONIA LTDA (7/18)', '2026-05-27', '6b91c24f-bd3c-4fc5-b730-411a7c91aee9', '345b2948-78d3-4df4-8957-402393f0022c', '51b85870-5538-4336-bcc6-1bfd7fd3699a', NULL, '2025-11-28 02:34:14.504+00', false, NULL, true, 7, 18, NULL, '2f878a23-ef76-4d42-ae68-bd642ec5c294'),
	('eb38628c-b7ba-4639-8f5a-c491f437934a', 105.50, 'SAMSUNG ELETRONICA DA AMAZONIA LTDA (8/18)', '2026-06-27', '6b91c24f-bd3c-4fc5-b730-411a7c91aee9', '345b2948-78d3-4df4-8957-402393f0022c', '51b85870-5538-4336-bcc6-1bfd7fd3699a', NULL, '2025-11-28 02:34:14.504+00', false, NULL, true, 8, 18, NULL, '2f878a23-ef76-4d42-ae68-bd642ec5c294'),
	('570bed8b-7a7e-4a27-a72f-3afad8f5d143', 105.50, 'SAMSUNG ELETRONICA DA AMAZONIA LTDA (9/18)', '2026-07-27', '6b91c24f-bd3c-4fc5-b730-411a7c91aee9', '345b2948-78d3-4df4-8957-402393f0022c', '51b85870-5538-4336-bcc6-1bfd7fd3699a', NULL, '2025-11-28 02:34:14.504+00', false, NULL, true, 9, 18, NULL, '2f878a23-ef76-4d42-ae68-bd642ec5c294'),
	('77a01457-f253-4460-9f81-a98573249332', 105.50, 'SAMSUNG ELETRONICA DA AMAZONIA LTDA (10/18)', '2026-08-27', '6b91c24f-bd3c-4fc5-b730-411a7c91aee9', '345b2948-78d3-4df4-8957-402393f0022c', '51b85870-5538-4336-bcc6-1bfd7fd3699a', NULL, '2025-11-28 02:34:14.505+00', false, NULL, true, 10, 18, NULL, '2f878a23-ef76-4d42-ae68-bd642ec5c294'),
	('3dea6194-eb8f-4f66-ba57-013a0b0b4c7c', 105.50, 'SAMSUNG ELETRONICA DA AMAZONIA LTDA (11/18)', '2026-09-27', '6b91c24f-bd3c-4fc5-b730-411a7c91aee9', '345b2948-78d3-4df4-8957-402393f0022c', '51b85870-5538-4336-bcc6-1bfd7fd3699a', NULL, '2025-11-28 02:34:14.505+00', false, NULL, true, 11, 18, NULL, '2f878a23-ef76-4d42-ae68-bd642ec5c294'),
	('64e2be2b-7d04-46a1-a782-58e96ee86a37', 105.50, 'SAMSUNG ELETRONICA DA AMAZONIA LTDA (12/18)', '2026-10-27', '6b91c24f-bd3c-4fc5-b730-411a7c91aee9', '345b2948-78d3-4df4-8957-402393f0022c', '51b85870-5538-4336-bcc6-1bfd7fd3699a', NULL, '2025-11-28 02:34:14.506+00', false, NULL, true, 12, 18, NULL, '2f878a23-ef76-4d42-ae68-bd642ec5c294'),
	('1e0a488e-adfa-4b70-9802-780f9e55469e', 105.50, 'SAMSUNG ELETRONICA DA AMAZONIA LTDA (13/18)', '2026-11-27', '6b91c24f-bd3c-4fc5-b730-411a7c91aee9', '345b2948-78d3-4df4-8957-402393f0022c', '51b85870-5538-4336-bcc6-1bfd7fd3699a', NULL, '2025-11-28 02:34:14.506+00', false, NULL, true, 13, 18, NULL, '2f878a23-ef76-4d42-ae68-bd642ec5c294'),
	('54eb7629-8ea8-47f4-a022-f125a5e68143', 105.50, 'SAMSUNG ELETRONICA DA AMAZONIA LTDA (14/18)', '2026-12-27', '6b91c24f-bd3c-4fc5-b730-411a7c91aee9', '345b2948-78d3-4df4-8957-402393f0022c', '51b85870-5538-4336-bcc6-1bfd7fd3699a', NULL, '2025-11-28 02:34:14.507+00', false, NULL, true, 14, 18, NULL, '2f878a23-ef76-4d42-ae68-bd642ec5c294'),
	('28ffda3f-5411-467d-9950-e71b9e6a3130', 105.50, 'SAMSUNG ELETRONICA DA AMAZONIA LTDA (15/18)', '2027-01-27', '6b91c24f-bd3c-4fc5-b730-411a7c91aee9', '345b2948-78d3-4df4-8957-402393f0022c', '51b85870-5538-4336-bcc6-1bfd7fd3699a', NULL, '2025-11-28 02:34:14.507+00', false, NULL, true, 15, 18, NULL, '2f878a23-ef76-4d42-ae68-bd642ec5c294'),
	('1f1ac7c7-523e-4df8-a2a1-e60f152d59fc', 105.50, 'SAMSUNG ELETRONICA DA AMAZONIA LTDA (16/18)', '2027-02-27', '6b91c24f-bd3c-4fc5-b730-411a7c91aee9', '345b2948-78d3-4df4-8957-402393f0022c', '51b85870-5538-4336-bcc6-1bfd7fd3699a', NULL, '2025-11-28 02:34:14.508+00', false, NULL, true, 16, 18, NULL, '2f878a23-ef76-4d42-ae68-bd642ec5c294'),
	('d5c357b6-35ab-41ee-8fda-e2e983ed86fb', 105.50, 'SAMSUNG ELETRONICA DA AMAZONIA LTDA (17/18)', '2027-03-27', '6b91c24f-bd3c-4fc5-b730-411a7c91aee9', '345b2948-78d3-4df4-8957-402393f0022c', '51b85870-5538-4336-bcc6-1bfd7fd3699a', NULL, '2025-11-28 02:34:14.508+00', false, NULL, true, 17, 18, NULL, '2f878a23-ef76-4d42-ae68-bd642ec5c294'),
	('807fe0e3-5412-4502-a0d4-71bed6f55d73', 105.50, 'SAMSUNG ELETRONICA DA AMAZONIA LTDA (18/18)', '2027-04-27', '6b91c24f-bd3c-4fc5-b730-411a7c91aee9', '345b2948-78d3-4df4-8957-402393f0022c', '51b85870-5538-4336-bcc6-1bfd7fd3699a', NULL, '2025-11-28 02:34:14.509+00', false, NULL, true, 18, 18, NULL, '2f878a23-ef76-4d42-ae68-bd642ec5c294'),
	('89b42326-5026-4219-9cd2-f5009f04311a', 54.00, 'Baby liss - entrada MERCADO PAGO IP LTDA.', '2025-11-24', '6b91c24f-bd3c-4fc5-b730-411a7c91aee9', '345b2948-78d3-4df4-8957-402393f0022c', '51b85870-5538-4336-bcc6-1bfd7fd3699a', 'https://yzbiamscspdkodfkmvth.supabase.co/storage/v1/object/public/receipts/51b85870-5538-4336-bcc6-1bfd7fd3699a/d7748a2e-fbf4-432a-812b-c4c82945707a.jpg', '2025-11-28 14:47:44.16+00', false, NULL, false, NULL, NULL, NULL, NULL),
	('857ced2a-97da-43b6-967d-df1ee6a7d44f', 32.00, 'SORVETERIA PINGUIM', '2025-11-29', 'b138bc26-38ee-4118-876f-de8605e3d929', '345b2948-78d3-4df4-8957-402393f0022c', '51b85870-5538-4336-bcc6-1bfd7fd3699a', 'https://yzbiamscspdkodfkmvth.supabase.co/storage/v1/object/public/receipts/51b85870-5538-4336-bcc6-1bfd7fd3699a/56298016-8d36-4749-b52e-421c8b90945e.jpg', '2025-11-29 18:34:41.187+00', false, NULL, false, NULL, NULL, NULL, NULL),
	('3f4a94b9-1fa0-447b-a322-8e009ba3c25c', 48.93, 'garrafinha Lucas MERCADO PAGO IP LTDA.', '2025-12-02', '6b91c24f-bd3c-4fc5-b730-411a7c91aee9', '345b2948-78d3-4df4-8957-402393f0022c', '51b85870-5538-4336-bcc6-1bfd7fd3699a', 'https://yzbiamscspdkodfkmvth.supabase.co/storage/v1/object/public/receipts/51b85870-5538-4336-bcc6-1bfd7fd3699a/3af2ced1-12c8-4449-adfd-d3c4cb625463.jpg', '2025-12-02 17:52:15.643+00', false, NULL, false, NULL, NULL, NULL, NULL),
	('9b024b09-0a6d-4a9d-9c90-e7e9f089dc97', 93.84, 'garrafinha e sapato PIX Marketplace', '2025-12-02', '6b91c24f-bd3c-4fc5-b730-411a7c91aee9', '345b2948-78d3-4df4-8957-402393f0022c', '51b85870-5538-4336-bcc6-1bfd7fd3699a', 'https://yzbiamscspdkodfkmvth.supabase.co/storage/v1/object/public/receipts/51b85870-5538-4336-bcc6-1bfd7fd3699a/9790f4dc-7af3-4df3-8d74-4cc1b19d41c7.jpg', '2025-12-02 17:52:47.549+00', false, NULL, false, NULL, NULL, NULL, NULL),
	('27d86c0a-8ba7-464b-8bae-410477056b93', 40.90, 'Netflix', '2025-12-04', 'd5fbcad7-95ee-41d0-8b43-fb7056d27f8c', 'd7f83c0b-4d46-46d8-8b38-f0e914b33834', 'ff13af8e-d0ad-45cc-afa3-a146e498e6eb', NULL, '2025-12-04 00:28:28.422+00', true, 'monthly', false, NULL, NULL, NULL, NULL),
	('cb9f59d8-6c90-42ce-b5c2-927f255dd831', 107.40, 'OFELIA SARRI MORETE LJ02', '2025-12-05', 'b138bc26-38ee-4118-876f-de8605e3d929', '345b2948-78d3-4df4-8957-402393f0022c', '6817b433-fce4-4c3e-9e3f-02510fced788', 'https://yzbiamscspdkodfkmvth.supabase.co/storage/v1/object/public/receipts/6817b433-fce4-4c3e-9e3f-02510fced788/4c800e2d-8f03-4ccc-b34a-4b5bbe53f267.jpg', '2025-12-05 23:15:31.567+00', false, NULL, false, NULL, NULL, NULL, NULL),
	('7acaf543-0062-44a4-8bd1-fef43bc61420', 239.97, 'Lojas Reunidas de Calados Ltda', '2025-12-06', '07c92177-b235-4304-a413-99abb135b5b8', '4a111e46-1441-416b-a415-fdc8ea475a4c', '85d521d4-986d-40cb-9eeb-ea49dd302809', 'https://yzbiamscspdkodfkmvth.supabase.co/storage/v1/object/public/receipts/85d521d4-986d-40cb-9eeb-ea49dd302809/5c9ed3ea-9ac5-489e-9ada-ab5888d9ce3f.jpg', '2025-12-06 16:53:45.812+00', false, NULL, false, NULL, NULL, NULL, NULL),
	('ce147d09-8e19-4737-9db0-f117bd3531eb', 35.00, 'Assinatura Celular', '2025-12-26', 'd5fbcad7-95ee-41d0-8b43-fb7056d27f8c', 'd7f83c0b-4d46-46d8-8b38-f0e914b33834', 'ff13af8e-d0ad-45cc-afa3-a146e498e6eb', NULL, '2025-12-06 20:17:18.453+00', true, 'monthly', false, NULL, NULL, NULL, NULL),
	('934d52ac-a6ed-4115-bdf8-c0c51f517fff', 87.48, 'FAZENDA SBS FAST FOOD', '2025-11-29', 'd735d542-1d7e-482d-b243-592180f94e78', 'd7f83c0b-4d46-46d8-8b38-f0e914b33834', 'ff13af8e-d0ad-45cc-afa3-a146e498e6eb', 'https://yzbiamscspdkodfkmvth.supabase.co/storage/v1/object/public/receipts/ff13af8e-d0ad-45cc-afa3-a146e498e6eb/6fccde48-7722-4d52-81f2-f20dd77bd8a7.jpg', '2025-12-06 20:20:47.323+00', false, NULL, false, NULL, NULL, NULL, NULL),
	('128da718-c559-495a-b3bb-7878bfb314d0', 11.00, 'RENAN YURI DA SILVA LIMA ME', '2025-12-07', '43be69c3-c077-4b31-b997-e1e3533e9262', '4a111e46-1441-416b-a415-fdc8ea475a4c', '85d521d4-986d-40cb-9eeb-ea49dd302809', 'https://yzbiamscspdkodfkmvth.supabase.co/storage/v1/object/public/receipts/85d521d4-986d-40cb-9eeb-ea49dd302809/8afcb085-d489-4cf9-9a3d-7cdafa5c8012.jpg', '2025-12-07 14:25:16.847+00', false, NULL, false, NULL, NULL, NULL, NULL),
	('341cb432-fb1b-4bf0-abfa-0a79db7cd662', 19.00, 'DROGARIA FLORELLY EIREL- Anticoncepcional', '2025-12-03', '942bb202-3d3a-42f8-b02e-32762391c166', '345b2948-78d3-4df4-8957-402393f0022c', '51b85870-5538-4336-bcc6-1bfd7fd3699a', 'https://yzbiamscspdkodfkmvth.supabase.co/storage/v1/object/public/receipts/51b85870-5538-4336-bcc6-1bfd7fd3699a/cce08a1c-bae3-41ab-8fc3-dbe1d14e9e04.jpg', '2025-12-10 01:42:56.845+00', false, NULL, false, NULL, NULL, NULL, NULL),
	('ae92a1aa-feb2-4fde-b672-c70ae2f27f33', 40.67, 'Mercado', '2025-12-10', 'b138bc26-38ee-4118-876f-de8605e3d929', '345b2948-78d3-4df4-8957-402393f0022c', '51b85870-5538-4336-bcc6-1bfd7fd3699a', 'https://yzbiamscspdkodfkmvth.supabase.co/storage/v1/object/public/receipts/51b85870-5538-4336-bcc6-1bfd7fd3699a/055bd52f-91f9-4162-8641-250fff582db6.jpg', '2025-12-10 01:45:18.182+00', false, NULL, false, NULL, NULL, NULL, NULL),
	('ebadcbeb-28fe-423b-9c44-7fd618272965', 107.40, 'OFELIA SARRI MORETE LJ02', '2025-12-05', 'b138bc26-38ee-4118-876f-de8605e3d929', '345b2948-78d3-4df4-8957-402393f0022c', '51b85870-5538-4336-bcc6-1bfd7fd3699a', 'https://yzbiamscspdkodfkmvth.supabase.co/storage/v1/object/public/receipts/51b85870-5538-4336-bcc6-1bfd7fd3699a/dbbbd022-d546-4a75-a4c3-fe9f121419a0.jpg', '2025-12-10 01:45:39.385+00', false, NULL, false, NULL, NULL, NULL, NULL),
	('1abde8f4-c014-4e73-bb41-d6698bbda82e', 33.13, 'SUPERMERCADO SANTA CAROLINA', '2025-12-02', 'b138bc26-38ee-4118-876f-de8605e3d929', '345b2948-78d3-4df4-8957-402393f0022c', '51b85870-5538-4336-bcc6-1bfd7fd3699a', 'https://yzbiamscspdkodfkmvth.supabase.co/storage/v1/object/public/receipts/51b85870-5538-4336-bcc6-1bfd7fd3699a/e0e729ce-2f78-456a-9e73-c9ea3daab225.jpg', '2025-12-10 01:45:58.513+00', false, NULL, false, NULL, NULL, NULL, NULL),
	('62c7b78f-fc8a-4fab-a8fc-60306ab46123', 37.88, 'SUPERMERCADO SAO BENEDITTO LTDA EPP', '2025-12-08', 'b138bc26-38ee-4118-876f-de8605e3d929', '345b2948-78d3-4df4-8957-402393f0022c', '51b85870-5538-4336-bcc6-1bfd7fd3699a', 'https://yzbiamscspdkodfkmvth.supabase.co/storage/v1/object/public/receipts/51b85870-5538-4336-bcc6-1bfd7fd3699a/8761181c-e3bb-4b5d-9f58-418ee1d305fb.jpg', '2025-12-10 01:46:41.595+00', false, NULL, false, NULL, NULL, NULL, NULL),
	('4ab0fa20-83c0-4d3d-a033-717cabdf4577', 210.53, 'Compras fim de ano', '2025-12-13', 'b138bc26-38ee-4118-876f-de8605e3d929', '345b2948-78d3-4df4-8957-402393f0022c', '6817b433-fce4-4c3e-9e3f-02510fced788', 'https://yzbiamscspdkodfkmvth.supabase.co/storage/v1/object/public/receipts/6817b433-fce4-4c3e-9e3f-02510fced788/21d3b53f-8036-45c0-b0be-8527c7834b01.jpg', '2025-12-13 01:38:35.834+00', false, NULL, false, NULL, NULL, NULL, NULL),
	('7cdd027b-d4bf-48f4-825e-b81301a5f474', 37.07, 'PIZZARIA CIDADE NOVA', '2025-12-13', '43be69c3-c077-4b31-b997-e1e3533e9262', '4a111e46-1441-416b-a415-fdc8ea475a4c', '85d521d4-986d-40cb-9eeb-ea49dd302809', 'https://yzbiamscspdkodfkmvth.supabase.co/storage/v1/object/public/receipts/85d521d4-986d-40cb-9eeb-ea49dd302809/c8cd8781-3dd5-49ec-bc8d-7e2b8fafc1af.jpg', '2025-12-14 10:37:20.606+00', false, NULL, false, NULL, NULL, NULL, NULL);


--
-- Data for Name: feedbacks; Type: TABLE DATA; Schema: public; Owner: postgres
--

INSERT INTO "public"."feedbacks" ("id", "created_at", "type", "title", "description", "created_by", "user_id", "status") VALUES
	('cfc32d49-96b9-4828-a686-8f3f80ffd90a', '2025-12-06 14:28:15.550932+00', 'complaint', 'Adicionar uma forma de explicao de como a plataforma funciona', 'As vezes  confuso e me esqueo como manejar o time ou oramentos, adicionem uma forma de lembrete, tutorial, no sei!', 'macharetelucas@gmail.com', NULL, 'pending');


--
-- Data for Name: incomes; Type: TABLE DATA; Schema: public; Owner: postgres
--

INSERT INTO "public"."incomes" ("id", "amount", "description", "type", "frequency", "date", "team_id", "user_id", "created_at") VALUES
	('9b34bba3-c262-4e32-84cc-661ca9b1e074', 150.00, 'Presente Casamento Tia Lu', 'one_time', NULL, '2025-07-17', '345b2948-78d3-4df4-8957-402393f0022c', '6817b433-fce4-4c3e-9e3f-02510fced788', '2025-07-19 15:06:12.484656+00'),
	('70143935-6cd5-401a-bfb4-ff68a6b4a3ad', 3500.00, 'Salrio Lucas', 'recurring', 'monthly', '2025-07-30', '345b2948-78d3-4df4-8957-402393f0022c', '6817b433-fce4-4c3e-9e3f-02510fced788', '2025-07-19 15:03:26.50192+00'),
	('318c8904-bd20-4c1a-aed9-7db82410aaec', 210.00, 'Gorjeta Bianca imposto de renda 50%', 'one_time', NULL, '2025-08-05', '345b2948-78d3-4df4-8957-402393f0022c', '6817b433-fce4-4c3e-9e3f-02510fced788', '2025-08-06 21:05:31.28685+00'),
	('edddf86a-a13a-4599-a1a5-e9bbbef5a970', 330.00, 'Vale Alimentao ', 'recurring', 'monthly', '2025-08-04', '345b2948-78d3-4df4-8957-402393f0022c', '51b85870-5538-4336-bcc6-1bfd7fd3699a', '2025-08-08 00:04:39.945447+00'),
	('b4d9d153-03c2-4eea-aaed-82eef2a80af6', 60.00, 'Escova Modelada Leninha', 'one_time', 'monthly', '2025-11-28', 'ece22f9b-a278-4a60-82e1-1439cc96e074', '51b85870-5538-4336-bcc6-1bfd7fd3699a', '2025-11-28 14:40:54.173+00'),
	('cef47017-b50a-4798-8b74-1a2d124a7ede', 30.00, 'Sobrancelha Suelen', 'one_time', 'monthly', '2025-11-28', 'ece22f9b-a278-4a60-82e1-1439cc96e074', '51b85870-5538-4336-bcc6-1bfd7fd3699a', '2025-11-28 14:41:42.611+00'),
	('e6d55d83-e4e8-461c-b27a-52f9f3ed4316', 80.00, 'Sinal Colorao e escova Nildes', 'one_time', 'monthly', '2025-11-22', 'ece22f9b-a278-4a60-82e1-1439cc96e074', '51b85870-5538-4336-bcc6-1bfd7fd3699a', '2025-11-28 14:56:59.737+00'),
	('7801bce0-354b-4414-aaf7-244a411c06b8', 2000.00, 'Salario Mensal', 'recurring', 'monthly', '2025-12-30', 'd7f83c0b-4d46-46d8-8b38-f0e914b33834', 'ff13af8e-d0ad-45cc-afa3-a146e498e6eb', '2025-12-04 00:29:45.842+00'),
	('b5455344-9d8a-4ce8-bb59-6a9a3b4cf058', 800.00, 'VR', 'recurring', 'monthly', '2025-12-01', 'd7f83c0b-4d46-46d8-8b38-f0e914b33834', 'ff13af8e-d0ad-45cc-afa3-a146e498e6eb', '2025-12-06 20:15:13.399+00'),
	('c0029ea5-9424-4b50-9afa-d50c1d8798bb', 10000.00, 'Salario', 'recurring', 'monthly', '2025-12-14', '6bed8e1c-5eb4-407b-ab3b-11b4849cc477', '1721245b-3bd8-4226-9c5e-ab6ef9826024', '2025-12-14 01:15:32.946+00');


--
-- Data for Name: investments; Type: TABLE DATA; Schema: public; Owner: postgres
--

INSERT INTO "public"."investments" ("id", "name", "type", "initial_amount", "current_amount", "monthly_contribution", "annual_return_rate", "start_date", "team_id", "created_at") VALUES
	('7fbdb874-b00c-4332-b603-bcea23d26f9b', 'Caixinha 120CDI Nubank', 'savings', 4000.00, 10000.00, 0.00, 13.00, '2025-07-14', '345b2948-78d3-4df4-8957-402393f0022c', '2025-07-19 14:47:58.35719+00');


--
-- Data for Name: quiz_sessions; Type: TABLE DATA; Schema: public; Owner: postgres
--

INSERT INTO "public"."quiz_sessions" ("id", "created_at", "status", "current_question_index", "player_1_id", "answers_p1", "result_p1", "player_2_id", "answers_p2", "result_p2") VALUES
	('7db499b6-309f-4a6f-bcff-c0c20cd29137', '2025-12-06 20:06:16.944824+00', 'playing', 0, NULL, '[{"id": "a", "text": "Compro na hora! Parcelo em 12x, mas no perco essa memria.", "archetype": "Experiencer"}, {"id": "b", "text": "Vou guardar na reserva. Segurana em primeiro lugar, sempre.", "archetype": "Minimalist"}, {"id": "d", "text": "Proponho uma forma dele fazer esse dinheiro extra trabalhando ou vendendo algo.", "archetype": "Builder"}, {"id": "c", "text": "Um leve mini-infarto, mas valeu a pena cada jantar e comprinha.", "archetype": "Experiencer"}, {"id": "b", "text": "Sugiro algo mais em conta ou cozinhar um jantar especial em casa.", "archetype": "Minimalist"}, {"id": "d", "text": "Dou uma olhada... vai que tem aquela passagem ou aquele tnis num preo imperdvel?", "archetype": "Experiencer"}, {"id": "b", "text": "Defino o destino e vou. Gosto de deixar a vida me levar e decidir l.", "archetype": "Experiencer"}, {"id": "a", "text": "Liberdade total de agenda. Fazer o que quiser, quando quiser.", "archetype": "Builder"}]', NULL, NULL, '[{"id": "a", "text": "Compro na hora! Parcelo em 12x, mas no perco essa memria.", "archetype": "Experiencer"}, {"id": "a", "text": "J sei exatamente onde alocar para acelerar minha independncia financeira.", "archetype": "Builder"}, {"id": "d", "text": "Proponho uma forma dele fazer esse dinheiro extra trabalhando ou vendendo algo.", "archetype": "Builder"}, {"id": "a", "text": "Satisfao. Tudo sob controle, pontos acumulados e pago em dia.", "archetype": "Strategist"}, {"id": "c", "text": "Vejo se tenho ''budget de lazer'' disponvel. Se tiver, vamos.", "archetype": "Strategist"}, {"id": "b", "text": "Ignoro tudo. Se eu precisasse, j teria comprado. No caio em hype.", "archetype": "Minimalist"}, {"id": "a", "text": "Planilha detalhada: roteiro, custos dirios, reservas com antecedncia mxima.", "archetype": "Strategist"}, {"id": "b", "text": "Poder viver experincias incrveis sem culpa e sem contar moedas.", "archetype": "Experiencer"}]', NULL);


--
-- Data for Name: rate_limits; Type: TABLE DATA; Schema: public; Owner: postgres
--

INSERT INTO "public"."rate_limits" ("team_id", "count", "window_start") VALUES
	('60cd0c47-ff2e-4491-a86d-8eb9076d5104', 1, '2025-11-30 02:20:09.307+00'),
	('6bed8e1c-5eb4-407b-ab3b-11b4849cc477', 1, '2025-12-04 01:09:32.362+00'),
	('d7f83c0b-4d46-46d8-8b38-f0e914b33834', 2, '2025-12-06 20:20:36.869+00'),
	('345b2948-78d3-4df4-8957-402393f0022c', 1, '2025-12-13 01:37:58.485+00'),
	('4a111e46-1441-416b-a415-fdc8ea475a4c', 1, '2025-12-14 10:37:13.609+00');


--
-- Data for Name: subscriptions; Type: TABLE DATA; Schema: public; Owner: postgres
--

INSERT INTO "public"."subscriptions" ("id", "team_id", "external_id", "external_customer_id", "gateway_id", "status", "plan_id", "current_period_end", "created_at", "updated_at", "cancel_at_period_end") VALUES
	('26bd55a7-6fd0-481e-bbb9-33b04eedb433', '345b2948-78d3-4df4-8957-402393f0022c', 'sub_1SZ0MwDQgaCbp6IxJEKyrMGh', 'cus_TW2RkX7LFlSJQ8', 'stripe', 'active', 'price_1SYpVjDQgaCbp6IxWcqw3PIo', '2026-11-30 02:28:08+00', '2025-11-30 02:28:13.92+00', '2025-11-30 02:28:13.92+00', false);


--
-- Data for Name: team_roles; Type: TABLE DATA; Schema: public; Owner: postgres
--

INSERT INTO "public"."team_roles" ("id", "name", "description", "color", "permissions", "team_id", "created_at", "updated_at") VALUES
	('b17c3b5f-6628-499c-b9f5-a54ca6f4e095', 'Administrador', 'Acesso total a todas as funcionalidades', '#ef4444', '{view_dashboard,view_expenses,add_expenses,edit_expenses,delete_expenses,view_budget,edit_budget,view_investments,edit_investments,view_categories,edit_categories,manage_family,manage_roles}', '345b2948-78d3-4df4-8957-402393f0022c', '2025-08-21 13:36:50.123462+00', '2025-08-21 13:36:50.123462+00'),
	('7f83bdc4-5302-494c-ba12-838ce13666c5', 'Membro', 'Acesso bsico para visualizar e adicionar gastos', '#22c55e', '{view_dashboard,view_expenses,add_expenses,view_budget,view_categories}', '345b2948-78d3-4df4-8957-402393f0022c', '2025-08-21 13:36:50.123462+00', '2025-08-21 13:36:50.123462+00'),
	('eefaa890-007b-4668-b9d3-80539fe3e1e6', 'Visualizador', 'Apenas visualizao, sem permisso para editar', '#6b7280', '{view_dashboard,view_expenses,view_budget,view_categories}', '345b2948-78d3-4df4-8957-402393f0022c', '2025-08-21 13:36:50.123462+00', '2025-08-21 13:36:50.123462+00'),
	('d896e97d-e197-42be-beae-56ea6b7d1af0', 'Proprietrio', 'Dono do time. Acesso total e irrestrito.', '#eab308', '{view_dashboard,view_expenses,create_expenses,edit_expenses,delete_expenses,view_budget,edit_budget,view_investments,edit_investments,view_categories,edit_categories,manage_team,manage_roles}', '78853e14-2061-44e1-98f1-e8c0235db235', '2025-11-19 04:10:22.551622+00', '2025-11-19 04:10:22.551622+00'),
	('b69ad495-cc9d-4105-a4f2-5568dd4df6ae', 'Membro', 'Acesso bsico para visualizao e criao.', '#3b82f6', '{view_dashboard,view_expenses,create_expenses,view_budget,view_investments,view_categories}', '78853e14-2061-44e1-98f1-e8c0235db235', '2025-11-19 04:10:22.640241+00', '2025-11-19 04:10:22.640241+00'),
	('ad1b9c13-c6b1-4efa-bbb2-1478429e3514', 'Proprietrio', 'Dono do time. Acesso total e irrestrito.', '#eab308', '{MANAGE_EXPENSES,MANAGE_BUDGET,MANAGE_INVESTMENTS,MANAGE_TEAM}', 'ece22f9b-a278-4a60-82e1-1439cc96e074', '2025-11-28 14:32:03.630215+00', '2025-11-28 14:32:03.630215+00'),
	('399a49b6-5911-4b5e-a8e2-34e988942a43', 'Membro', 'Acesso bsico para visualizao e criao.', '#3b82f6', '{MANAGE_EXPENSES}', 'ece22f9b-a278-4a60-82e1-1439cc96e074', '2025-11-28 14:32:03.722159+00', '2025-11-28 14:32:03.722159+00'),
	('4b98b950-dbb2-4cf1-9577-5f12bb245d81', 'Proprietrio', 'Dono do time. Acesso total e irrestrito.', '#eab308', '{MANAGE_EXPENSES,MANAGE_BUDGET,MANAGE_INVESTMENTS,MANAGE_TEAM}', '66c5ec9c-12bf-439a-9050-b8292fb37aef', '2025-11-28 14:32:36.359332+00', '2025-11-28 14:32:36.359332+00'),
	('273728c0-82c8-4732-9e1c-23015e52075b', 'Membro', 'Acesso bsico para visualizao e criao.', '#3b82f6', '{MANAGE_EXPENSES}', '66c5ec9c-12bf-439a-9050-b8292fb37aef', '2025-11-28 14:32:36.415321+00', '2025-11-28 14:32:36.415321+00'),
	('961764cc-c862-4063-b851-bf13d98f39fc', 'Proprietrio', 'Dono do time. Acesso total e irrestrito.', '#eab308', '{MANAGE_EXPENSES,MANAGE_BUDGET,MANAGE_INVESTMENTS,MANAGE_TEAM}', '9f2c85f4-9a91-4308-8cb0-ce22489f259c', '2025-11-28 16:51:48.818197+00', '2025-11-28 16:51:48.818197+00'),
	('e059a28d-0961-40b9-843f-5a0e016835fd', 'Membro', 'Acesso bsico para visualizao e criao.', '#3b82f6', '{MANAGE_EXPENSES}', '9f2c85f4-9a91-4308-8cb0-ce22489f259c', '2025-11-28 16:51:48.99801+00', '2025-11-28 16:51:48.99801+00'),
	('168069e7-a2b6-4a30-a033-2e907c2df479', 'Proprietrio', 'Dono do time. Acesso total e irrestrito.', '#eab308', '{MANAGE_EXPENSES,MANAGE_BUDGET,MANAGE_INVESTMENTS,MANAGE_TEAM}', '60cd0c47-ff2e-4491-a86d-8eb9076d5104', '2025-11-28 21:22:55.159651+00', '2025-11-28 21:22:55.159651+00'),
	('8ebfd95e-c81f-496f-9e14-454efb75d1f5', 'Membro', 'Acesso bsico para visualizao e criao.', '#3b82f6', '{MANAGE_EXPENSES}', '60cd0c47-ff2e-4491-a86d-8eb9076d5104', '2025-11-28 21:22:55.255529+00', '2025-11-28 21:22:55.255529+00'),
	('0d727dc1-426c-40ea-a4e1-158040a5e1aa', 'Proprietrio', 'Dono do time. Acesso total e irrestrito.', '#eab308', '{MANAGE_EXPENSES,MANAGE_BUDGET,MANAGE_INVESTMENTS,MANAGE_TEAM}', 'd7f83c0b-4d46-46d8-8b38-f0e914b33834', '2025-12-04 00:12:06.399482+00', '2025-12-04 00:12:06.399482+00'),
	('b1bf766f-6cc9-4e40-bb66-50438f02c08d', 'Proprietrio', 'Dono do time. Acesso total e irrestrito.', '#eab308', '{MANAGE_EXPENSES,MANAGE_BUDGET,MANAGE_INVESTMENTS,MANAGE_TEAM}', '6bed8e1c-5eb4-407b-ab3b-11b4849cc477', '2025-12-04 01:10:18.780752+00', '2025-12-04 01:10:18.780752+00'),
	('d402e5ff-123e-4d7c-a35b-d125544259ac', 'Proprietrio', 'Dono do time. Acesso total e irrestrito.', '#eab308', '{MANAGE_EXPENSES,MANAGE_BUDGET,MANAGE_INVESTMENTS,MANAGE_TEAM}', '4a111e46-1441-416b-a415-fdc8ea475a4c', '2025-12-05 21:04:34.548534+00', '2025-12-05 21:04:34.548534+00'),
	('373fecd5-6d0b-43b9-806d-c4b75df8d20e', 'Delete-me', NULL, '#06b6d4', '{MANAGE_TEAM,MANAGE_BUDGET,MANAGE_EXPENSES,MANAGE_INVESTMENTS}', '6bed8e1c-5eb4-407b-ab3b-11b4849cc477', '2025-12-09 00:58:10.388888+00', '2025-12-09 00:58:10.388888+00');


--
-- Data for Name: team_invites; Type: TABLE DATA; Schema: public; Owner: postgres
--

INSERT INTO "public"."team_invites" ("id", "email", "team_id", "invited_by", "status", "created_at", "role_id") VALUES
	('8fe101d9-024c-4c66-8adc-b7049cf9bbb4', 'henriquew2004@gmail.com', '6bed8e1c-5eb4-407b-ab3b-11b4849cc477', '1721245b-3bd8-4226-9c5e-ab6ef9826024', 'accepted', '2025-12-09 00:58:19.599103+00', '373fecd5-6d0b-43b9-806d-c4b75df8d20e');


--
-- Data for Name: team_members; Type: TABLE DATA; Schema: public; Owner: postgres
--

INSERT INTO "public"."team_members" ("profile_id", "team_id", "role_id", "created_at") VALUES
	('6817b433-fce4-4c3e-9e3f-02510fced788', '345b2948-78d3-4df4-8957-402393f0022c', 'b17c3b5f-6628-499c-b9f5-a54ca6f4e095', '2025-11-05 00:11:48.945774+00'),
	('51b85870-5538-4336-bcc6-1bfd7fd3699a', '345b2948-78d3-4df4-8957-402393f0022c', 'b17c3b5f-6628-499c-b9f5-a54ca6f4e095', '2025-11-05 00:11:48.945774+00'),
	('6817b433-fce4-4c3e-9e3f-02510fced788', '78853e14-2061-44e1-98f1-e8c0235db235', 'd896e97d-e197-42be-beae-56ea6b7d1af0', '2025-11-19 04:10:22.716819+00'),
	('51b85870-5538-4336-bcc6-1bfd7fd3699a', 'ece22f9b-a278-4a60-82e1-1439cc96e074', 'ad1b9c13-c6b1-4efa-bbb2-1478429e3514', '2025-11-28 14:32:03.79811+00'),
	('51b85870-5538-4336-bcc6-1bfd7fd3699a', '66c5ec9c-12bf-439a-9050-b8292fb37aef', '4b98b950-dbb2-4cf1-9577-5f12bb245d81', '2025-11-28 14:32:36.486993+00'),
	('5d81756e-dc4f-4236-adb7-c28a53b63198', '9f2c85f4-9a91-4308-8cb0-ce22489f259c', '961764cc-c862-4063-b851-bf13d98f39fc', '2025-11-28 16:51:49.149515+00'),
	('579e9c00-fe76-4825-8390-24d030373970', '60cd0c47-ff2e-4491-a86d-8eb9076d5104', '168069e7-a2b6-4a30-a033-2e907c2df479', '2025-11-28 21:22:55.356186+00'),
	('ff13af8e-d0ad-45cc-afa3-a146e498e6eb', 'd7f83c0b-4d46-46d8-8b38-f0e914b33834', '0d727dc1-426c-40ea-a4e1-158040a5e1aa', '2025-12-04 00:12:06.528138+00'),
	('1721245b-3bd8-4226-9c5e-ab6ef9826024', '6bed8e1c-5eb4-407b-ab3b-11b4849cc477', 'b1bf766f-6cc9-4e40-bb66-50438f02c08d', '2025-12-04 01:10:18.898246+00'),
	('85d521d4-986d-40cb-9eeb-ea49dd302809', '4a111e46-1441-416b-a415-fdc8ea475a4c', 'd402e5ff-123e-4d7c-a35b-d125544259ac', '2025-12-05 21:04:34.655064+00'),
	('ff13af8e-d0ad-45cc-afa3-a146e498e6eb', '6bed8e1c-5eb4-407b-ab3b-11b4849cc477', '373fecd5-6d0b-43b9-806d-c4b75df8d20e', '2025-12-09 01:12:32.754189+00');


--
-- Data for Name: buckets; Type: TABLE DATA; Schema: storage; Owner: supabase_storage_admin
--

INSERT INTO "storage"."buckets" ("id", "name", "owner", "created_at", "updated_at", "public", "avif_autodetection", "file_size_limit", "allowed_mime_types", "owner_id", "type") VALUES
	('receipts', 'receipts', NULL, '2025-07-18 19:39:58.763319+00', '2025-07-18 19:39:58.763319+00', true, false, NULL, NULL, NULL, 'STANDARD');


--
-- Data for Name: buckets_analytics; Type: TABLE DATA; Schema: storage; Owner: supabase_storage_admin
--



--
-- Data for Name: buckets_vectors; Type: TABLE DATA; Schema: storage; Owner: supabase_storage_admin
--



--
-- Data for Name: objects; Type: TABLE DATA; Schema: storage; Owner: supabase_storage_admin
--

INSERT INTO "storage"."objects" ("id", "bucket_id", "name", "owner", "created_at", "updated_at", "last_accessed_at", "metadata", "version", "owner_id", "user_metadata", "level") VALUES
	('acbf3a33-6b91-46d5-be34-be53e450db04', 'receipts', '51b85870-5538-4336-bcc6-1bfd7fd3699a/1756577678608.jpg', '51b85870-5538-4336-bcc6-1bfd7fd3699a', '2025-08-30 18:14:39.912631+00', '2025-08-30 18:14:39.912631+00', '2025-08-30 18:14:39.912631+00', '{"eTag": "\"e741e17f7649be9dddb5de395897f811\"", "size": 2046112, "mimetype": "image/jpeg", "cacheControl": "max-age=3600", "lastModified": "2025-08-30T18:14:40.000Z", "contentLength": 2046112, "httpStatusCode": 200}', '3ffc7b3c-595c-4a4b-a34e-06dc27f1cab5', '51b85870-5538-4336-bcc6-1bfd7fd3699a', '{}', 2),
	('02af1acb-4f7d-49f5-982f-220ed95271ad', 'receipts', '51b85870-5538-4336-bcc6-1bfd7fd3699a/1758546393638.jpg', '51b85870-5538-4336-bcc6-1bfd7fd3699a', '2025-09-22 13:06:35.720712+00', '2025-09-22 13:06:35.720712+00', '2025-09-22 13:06:35.720712+00', '{"eTag": "\"b7b3e391793c0d609e03e40a3076cf26\"", "size": 2851700, "mimetype": "image/jpeg", "cacheControl": "max-age=3600", "lastModified": "2025-09-22T13:06:36.000Z", "contentLength": 2851700, "httpStatusCode": 200}', '604765e5-a291-451d-b512-927623ec2470', '51b85870-5538-4336-bcc6-1bfd7fd3699a', '{}', 2),
	('91c33edf-9993-4d2d-ab20-2648757261b1', 'receipts', '51b85870-5538-4336-bcc6-1bfd7fd3699a/1758546493525.jpg', '51b85870-5538-4336-bcc6-1bfd7fd3699a', '2025-09-22 13:08:15.606455+00', '2025-09-22 13:08:15.606455+00', '2025-09-22 13:08:15.606455+00', '{"eTag": "\"13c5c9983192ca9d801b698b0a517e53\"", "size": 3872814, "mimetype": "image/jpeg", "cacheControl": "max-age=3600", "lastModified": "2025-09-22T13:08:16.000Z", "contentLength": 3872814, "httpStatusCode": 200}', '1a165639-63fe-48bb-a30f-0f096b1376fd', '51b85870-5538-4336-bcc6-1bfd7fd3699a', '{}', 2),
	('4179329b-e72a-45ac-85aa-bf92c71fbc41', 'receipts', '51b85870-5538-4336-bcc6-1bfd7fd3699a/1758546584294.jpg', '51b85870-5538-4336-bcc6-1bfd7fd3699a', '2025-09-22 13:09:46.317471+00', '2025-09-22 13:09:46.317471+00', '2025-09-22 13:09:46.317471+00', '{"eTag": "\"626b061cff08ce355ba23537ac75c600\"", "size": 3216422, "mimetype": "image/jpeg", "cacheControl": "max-age=3600", "lastModified": "2025-09-22T13:09:47.000Z", "contentLength": 3216422, "httpStatusCode": 200}', 'eea1ab0b-e0bf-48a6-88de-23caace81677', '51b85870-5538-4336-bcc6-1bfd7fd3699a', '{}', 2),
	('fd641353-bfe9-4d46-8358-c588fbc0cbad', 'receipts', '51b85870-5538-4336-bcc6-1bfd7fd3699a/1758546689976.jpg', '51b85870-5538-4336-bcc6-1bfd7fd3699a', '2025-09-22 13:11:31.599789+00', '2025-09-22 13:11:31.599789+00', '2025-09-22 13:11:31.599789+00', '{"eTag": "\"b053fb619d395ec3dc38cf05782de2b0\"", "size": 3087519, "mimetype": "image/jpeg", "cacheControl": "max-age=3600", "lastModified": "2025-09-22T13:11:32.000Z", "contentLength": 3087519, "httpStatusCode": 200}', '75e4285c-19ac-4029-b3d9-bd1ba6f009ff', '51b85870-5538-4336-bcc6-1bfd7fd3699a', '{}', 2),
	('0ce8b430-7acf-4e0f-a847-fd6a04631929', 'receipts', '51b85870-5538-4336-bcc6-1bfd7fd3699a/1758546796261.jpg', '51b85870-5538-4336-bcc6-1bfd7fd3699a', '2025-09-22 13:13:18.875852+00', '2025-09-22 13:13:18.875852+00', '2025-09-22 13:13:18.875852+00', '{"eTag": "\"4373aaa2549b83cfee5486a1df17a184\"", "size": 3882920, "mimetype": "image/jpeg", "cacheControl": "max-age=3600", "lastModified": "2025-09-22T13:13:19.000Z", "contentLength": 3882920, "httpStatusCode": 200}', 'c60ae299-3445-434c-9eae-65a2a812a8b4', '51b85870-5538-4336-bcc6-1bfd7fd3699a', '{}', 2),
	('131a96d5-a9c6-46a8-8d36-acce79c47d52', 'receipts', '51b85870-5538-4336-bcc6-1bfd7fd3699a/1758546875732.jpg', '51b85870-5538-4336-bcc6-1bfd7fd3699a', '2025-09-22 13:14:37.274024+00', '2025-09-22 13:14:37.274024+00', '2025-09-22 13:14:37.274024+00', '{"eTag": "\"d5cdee6b0daa147832982472a4db22c6\"", "size": 2768651, "mimetype": "image/jpeg", "cacheControl": "max-age=3600", "lastModified": "2025-09-22T13:14:38.000Z", "contentLength": 2768651, "httpStatusCode": 200}', '4b25ce97-29d8-478c-8d2c-ffa370f2b2d6', '51b85870-5538-4336-bcc6-1bfd7fd3699a', '{}', 2),
	('4b46cd72-bfe2-4d9b-bc86-c259e8dbe65c', 'receipts', '51b85870-5538-4336-bcc6-1bfd7fd3699a/1758546974904.jpg', '51b85870-5538-4336-bcc6-1bfd7fd3699a', '2025-09-22 13:16:17.069966+00', '2025-09-22 13:16:17.069966+00', '2025-09-22 13:16:17.069966+00', '{"eTag": "\"27741ff0d90b320924140b5520122be1\"", "size": 3292651, "mimetype": "image/jpeg", "cacheControl": "max-age=3600", "lastModified": "2025-09-22T13:16:17.000Z", "contentLength": 3292651, "httpStatusCode": 200}', '887f7529-89b7-4419-9848-23e935f07d80', '51b85870-5538-4336-bcc6-1bfd7fd3699a', '{}', 2),
	('6b506b45-8023-47e2-a64b-7ef300d9f7d5', 'receipts', '51b85870-5538-4336-bcc6-1bfd7fd3699a/1758547113734.jpg', '51b85870-5538-4336-bcc6-1bfd7fd3699a', '2025-09-22 13:18:36.52376+00', '2025-09-22 13:18:36.52376+00', '2025-09-22 13:18:36.52376+00', '{"eTag": "\"2fa585a026efeecb450d1da5fd3393e1\"", "size": 3449059, "mimetype": "image/jpeg", "cacheControl": "max-age=3600", "lastModified": "2025-09-22T13:18:37.000Z", "contentLength": 3449059, "httpStatusCode": 200}', '912055b7-8b3e-45b7-aceb-85876b6af0ce', '51b85870-5538-4336-bcc6-1bfd7fd3699a', '{}', 2),
	('99e927ea-e86d-47fc-857a-aafb9b908958', 'receipts', '51b85870-5538-4336-bcc6-1bfd7fd3699a/1756689289186.jpg', '51b85870-5538-4336-bcc6-1bfd7fd3699a', '2025-09-01 01:14:50.145492+00', '2025-09-01 01:14:50.145492+00', '2025-09-01 01:14:50.145492+00', '{"eTag": "\"178d007a9e4fb09e71ed7c697e469510\"", "size": 104002, "mimetype": "image/jpeg", "cacheControl": "max-age=3600", "lastModified": "2025-09-01T01:14:51.000Z", "contentLength": 104002, "httpStatusCode": 200}', '6b6ae4b6-82a2-4fd3-960e-d6fc071be8e2', '51b85870-5538-4336-bcc6-1bfd7fd3699a', '{}', 2),
	('1794545f-98cd-4305-b77c-44d8549fe0b6', 'receipts', '51b85870-5538-4336-bcc6-1bfd7fd3699a/1758547889352.jpg', '51b85870-5538-4336-bcc6-1bfd7fd3699a', '2025-09-22 13:31:31.577527+00', '2025-09-22 13:31:31.577527+00', '2025-09-22 13:31:31.577527+00', '{"eTag": "\"0ac0121836c850cd7af584c1ca3ffb46\"", "size": 2932163, "mimetype": "image/jpeg", "cacheControl": "max-age=3600", "lastModified": "2025-09-22T13:31:32.000Z", "contentLength": 2932163, "httpStatusCode": 200}', '320ba007-764b-4076-b979-b0db641b12b4', '51b85870-5538-4336-bcc6-1bfd7fd3699a', '{}', 2),
	('0002f4e6-aa92-4949-80e6-1bd4f0e498ea', 'receipts', '51b85870-5538-4336-bcc6-1bfd7fd3699a/1758548067435.jpg', '51b85870-5538-4336-bcc6-1bfd7fd3699a', '2025-09-22 13:34:29.129439+00', '2025-09-22 13:34:29.129439+00', '2025-09-22 13:34:29.129439+00', '{"eTag": "\"2ee3ee24c4887f1263aeb681d25c036d\"", "size": 2850696, "mimetype": "image/jpeg", "cacheControl": "max-age=3600", "lastModified": "2025-09-22T13:34:30.000Z", "contentLength": 2850696, "httpStatusCode": 200}', '62ba8aec-7279-4f3f-9cd5-fd837031216b', '51b85870-5538-4336-bcc6-1bfd7fd3699a', '{}', 2),
	('a2ce9e47-d97d-47d8-a267-853c63f78a83', 'receipts', '51b85870-5538-4336-bcc6-1bfd7fd3699a/1758548142033.jpg', '51b85870-5538-4336-bcc6-1bfd7fd3699a', '2025-09-22 13:35:46.91293+00', '2025-09-22 13:35:46.91293+00', '2025-09-22 13:35:46.91293+00', '{"eTag": "\"1d389b5acdbb5890db25e825b491117d\"", "size": 3460333, "mimetype": "image/jpeg", "cacheControl": "max-age=3600", "lastModified": "2025-09-22T13:35:47.000Z", "contentLength": 3460333, "httpStatusCode": 200}', 'a2943b7a-67d7-4f54-aba5-f0551204b623', '51b85870-5538-4336-bcc6-1bfd7fd3699a', '{}', 2),
	('f367b93d-ab8d-4f55-bb02-afb66ea69f6e', 'receipts', '51b85870-5538-4336-bcc6-1bfd7fd3699a/1758548232274.jpg', '51b85870-5538-4336-bcc6-1bfd7fd3699a', '2025-09-22 13:37:13.936398+00', '2025-09-22 13:37:13.936398+00', '2025-09-22 13:37:13.936398+00', '{"eTag": "\"62cc18e4d778bf10f0df14cb4ba2ac8f\"", "size": 3288919, "mimetype": "image/jpeg", "cacheControl": "max-age=3600", "lastModified": "2025-09-22T13:37:14.000Z", "contentLength": 3288919, "httpStatusCode": 200}', '74148600-755b-4e31-9fd1-47cf68f4f2b5', '51b85870-5538-4336-bcc6-1bfd7fd3699a', '{}', 2),
	('1dc5963d-f863-479f-8602-21e852c0048b', 'receipts', '51b85870-5538-4336-bcc6-1bfd7fd3699a/1758548458995.jpg', '51b85870-5538-4336-bcc6-1bfd7fd3699a', '2025-09-22 13:41:00.792165+00', '2025-09-22 13:41:00.792165+00', '2025-09-22 13:41:00.792165+00', '{"eTag": "\"97e2ffcc0862e8137c676261b0363c68\"", "size": 3273847, "mimetype": "image/jpeg", "cacheControl": "max-age=3600", "lastModified": "2025-09-22T13:41:01.000Z", "contentLength": 3273847, "httpStatusCode": 200}', 'd4eb658c-e180-4a0e-ab96-dbde521286b1', '51b85870-5538-4336-bcc6-1bfd7fd3699a', '{}', 2),
	('f93f8389-11ec-47b9-97a7-4bae840713e8', 'receipts', '51b85870-5538-4336-bcc6-1bfd7fd3699a/1758548537488.jpg', '51b85870-5538-4336-bcc6-1bfd7fd3699a', '2025-09-22 13:42:18.92154+00', '2025-09-22 13:42:18.92154+00', '2025-09-22 13:42:18.92154+00', '{"eTag": "\"cf2085a516354d97121f9856443f1f97\"", "size": 2641629, "mimetype": "image/jpeg", "cacheControl": "max-age=3600", "lastModified": "2025-09-22T13:42:19.000Z", "contentLength": 2641629, "httpStatusCode": 200}', '803201ad-ff88-4e99-9541-09972b08fea4', '51b85870-5538-4336-bcc6-1bfd7fd3699a', '{}', 2),
	('ca4a9faa-920e-483d-bd48-21ae02cd8473', 'receipts', '51b85870-5538-4336-bcc6-1bfd7fd3699a/1758548606199.jpg', '51b85870-5538-4336-bcc6-1bfd7fd3699a', '2025-09-22 13:43:27.743529+00', '2025-09-22 13:43:27.743529+00', '2025-09-22 13:43:27.743529+00', '{"eTag": "\"85c5e3d54aa24f6b454ae42ebb31cb9b\"", "size": 2668666, "mimetype": "image/jpeg", "cacheControl": "max-age=3600", "lastModified": "2025-09-22T13:43:28.000Z", "contentLength": 2668666, "httpStatusCode": 200}', '2f11a199-315d-4b32-8a9d-2d0a4a48aed3', '51b85870-5538-4336-bcc6-1bfd7fd3699a', '{}', 2),
	('713092cb-e8fe-4dd9-ae42-8d61966558e6', 'receipts', '51b85870-5538-4336-bcc6-1bfd7fd3699a/1758548719877.jpg', '51b85870-5538-4336-bcc6-1bfd7fd3699a', '2025-09-22 13:45:21.453613+00', '2025-09-22 13:45:21.453613+00', '2025-09-22 13:45:21.453613+00', '{"eTag": "\"ec6c422a42f164804ff8bf3b70cc70d9\"", "size": 2911923, "mimetype": "image/jpeg", "cacheControl": "max-age=3600", "lastModified": "2025-09-22T13:45:22.000Z", "contentLength": 2911923, "httpStatusCode": 200}', '1b6367ab-6375-4fc6-9d7a-3319e269ba14', '51b85870-5538-4336-bcc6-1bfd7fd3699a', '{}', 2),
	('2fc2e490-4b47-4cf4-a560-6094430743c6', 'receipts', '51b85870-5538-4336-bcc6-1bfd7fd3699a/1758548834952.jpg', '51b85870-5538-4336-bcc6-1bfd7fd3699a', '2025-09-22 13:47:16.695589+00', '2025-09-22 13:47:16.695589+00', '2025-09-22 13:47:16.695589+00', '{"eTag": "\"a9768e2571a49db71521bba670c74e22\"", "size": 2263058, "mimetype": "image/jpeg", "cacheControl": "max-age=3600", "lastModified": "2025-09-22T13:47:17.000Z", "contentLength": 2263058, "httpStatusCode": 200}', 'b864d399-b5cd-424a-8b95-b7b0479d3290', '51b85870-5538-4336-bcc6-1bfd7fd3699a', '{}', 2),
	('f95a6c14-548f-48ee-80cf-5f2e70847284', 'receipts', '51b85870-5538-4336-bcc6-1bfd7fd3699a/159d1080-16d4-4cab-afbe-c7f3fd574faa.jpg', '51b85870-5538-4336-bcc6-1bfd7fd3699a', '2025-11-21 20:31:50.74164+00', '2025-11-21 20:31:50.74164+00', '2025-11-21 20:31:50.74164+00', '{"eTag": "\"4eb9a47b1ded4a8a03aa9aad1413b6cb\"", "size": 1883135, "mimetype": "image/jpeg", "cacheControl": "max-age=3600", "lastModified": "2025-11-21T20:31:51.000Z", "contentLength": 1883135, "httpStatusCode": 200}', '5d670f81-7398-4bd5-be3f-3118e4c5673b', '51b85870-5538-4336-bcc6-1bfd7fd3699a', '{}', 2),
	('3d5db18c-4aa9-4182-b9a6-537f1d3bd112', 'receipts', '052c24c5-c4cf-4393-8acd-108a2a894853/9490eb21-383c-4e0f-b622-f38b442bc07f.jpg', '052c24c5-c4cf-4393-8acd-108a2a894853', '2025-11-25 00:32:06.308398+00', '2025-11-25 00:32:06.308398+00', '2025-11-25 00:32:06.308398+00', '{"eTag": "\"db2666ccb4940966abf852c4fb306cac\"", "size": 38514, "mimetype": "image/jpeg", "cacheControl": "max-age=3600", "lastModified": "2025-11-25T00:32:07.000Z", "contentLength": 38514, "httpStatusCode": 200}', '7612592d-481f-4a7e-848c-ba829991be89', '052c24c5-c4cf-4393-8acd-108a2a894853', '{}', 2),
	('d63bff51-fc7b-444c-a53f-508b8a31870f', 'receipts', '052c24c5-c4cf-4393-8acd-108a2a894853/1ea24146-3a99-43c3-9518-a2f0c2970e23.pdf', '052c24c5-c4cf-4393-8acd-108a2a894853', '2025-11-25 00:39:07.186886+00', '2025-11-25 00:39:07.186886+00', '2025-11-25 00:39:07.186886+00', '{"eTag": "\"6182bea64e199d80eecb3d37964af697\"", "size": 23612, "mimetype": "application/pdf", "cacheControl": "max-age=3600", "lastModified": "2025-11-25T00:39:08.000Z", "contentLength": 23612, "httpStatusCode": 200}', '9525ef3b-3521-4961-bacf-1c3191805f63', '052c24c5-c4cf-4393-8acd-108a2a894853', '{}', 2),
	('7bd22ee7-c7f7-4b02-9df2-7057a8008eba', 'receipts', '51b85870-5538-4336-bcc6-1bfd7fd3699a/1752936820322.jpg', '51b85870-5538-4336-bcc6-1bfd7fd3699a', '2025-07-19 14:53:42.150997+00', '2025-08-26 15:38:08.296577+00', '2025-07-19 14:53:42.150997+00', '{"eTag": "\"76b74f042382156451d82a5ca4874289\"", "size": 3875003, "mimetype": "image/jpeg", "cacheControl": "max-age=3600", "lastModified": "2025-07-19T14:53:42.000Z", "contentLength": 3875003, "httpStatusCode": 200}', '47e82b4f-d869-40fe-8ee2-0fd900ea4b37', '51b85870-5538-4336-bcc6-1bfd7fd3699a', '{}', 2),
	('38cc8ff3-900c-462c-9633-d0a8ae86640e', 'receipts', '51b85870-5538-4336-bcc6-1bfd7fd3699a/1752936999718.jpg', '51b85870-5538-4336-bcc6-1bfd7fd3699a', '2025-07-19 14:56:40.927504+00', '2025-08-26 15:38:08.296577+00', '2025-07-19 14:56:40.927504+00', '{"eTag": "\"5890369bd7ac6fc56bc6017a81a4b2ef\"", "size": 3674839, "mimetype": "image/jpeg", "cacheControl": "max-age=3600", "lastModified": "2025-07-19T14:56:41.000Z", "contentLength": 3674839, "httpStatusCode": 200}', 'e375b731-093a-406c-9e6e-83430a555449', '51b85870-5538-4336-bcc6-1bfd7fd3699a', '{}', 2),
	('af5caa1c-3393-410d-b1b0-9eaea4e9645b', 'receipts', '51b85870-5538-4336-bcc6-1bfd7fd3699a/1753062140737.jpg', '51b85870-5538-4336-bcc6-1bfd7fd3699a', '2025-07-21 01:42:22.074566+00', '2025-08-26 15:38:08.296577+00', '2025-07-21 01:42:22.074566+00', '{"eTag": "\"f790aa4f1913b971e8383e2091011609\"", "size": 2608569, "mimetype": "image/jpeg", "cacheControl": "max-age=3600", "lastModified": "2025-07-21T01:42:22.000Z", "contentLength": 2608569, "httpStatusCode": 200}', '27d17e56-96ec-4634-b93e-cf33386de8d0', '51b85870-5538-4336-bcc6-1bfd7fd3699a', '{}', 2),
	('2a226b45-2a3a-431c-b96a-e6e8346a41fc', 'receipts', '51b85870-5538-4336-bcc6-1bfd7fd3699a/1753137699978.jpg', '51b85870-5538-4336-bcc6-1bfd7fd3699a', '2025-07-21 22:41:40.834526+00', '2025-08-26 15:38:08.296577+00', '2025-07-21 22:41:40.834526+00', '{"eTag": "\"0792d276b205752297796666676b3a6b\"", "size": 45140, "mimetype": "image/jpeg", "cacheControl": "max-age=3600", "lastModified": "2025-07-21T22:41:41.000Z", "contentLength": 45140, "httpStatusCode": 200}', 'fe6d8390-2a6d-4bf5-844f-1c5d4dec3b70', '51b85870-5538-4336-bcc6-1bfd7fd3699a', '{}', 2),
	('76afddf3-a041-44d1-9cef-f1b7bd952a5f', 'receipts', '51b85870-5538-4336-bcc6-1bfd7fd3699a/1753138058263.jpg', '51b85870-5538-4336-bcc6-1bfd7fd3699a', '2025-07-21 22:47:38.789883+00', '2025-08-26 15:38:08.296577+00', '2025-07-21 22:47:38.789883+00', '{"eTag": "\"7632e18345dbe174e6ae27894dffd3fc\"", "size": 35965, "mimetype": "image/jpeg", "cacheControl": "max-age=3600", "lastModified": "2025-07-21T22:47:39.000Z", "contentLength": 35965, "httpStatusCode": 200}', '2420ba51-527c-4baa-a9b2-6a9537136db0', '51b85870-5538-4336-bcc6-1bfd7fd3699a', '{}', 2),
	('52f0c71e-061a-45a5-b536-11b76152e09f', 'receipts', '51b85870-5538-4336-bcc6-1bfd7fd3699a/1753485909102.jpg', '51b85870-5538-4336-bcc6-1bfd7fd3699a', '2025-07-25 23:25:10.891529+00', '2025-08-26 15:38:08.296577+00', '2025-07-25 23:25:10.891529+00', '{"eTag": "\"342851e15a860e88c71f0bf5ab703617\"", "size": 3600043, "mimetype": "image/jpeg", "cacheControl": "max-age=3600", "lastModified": "2025-07-25T23:25:11.000Z", "contentLength": 3600043, "httpStatusCode": 200}', 'dcefb94e-7e3d-486f-87b5-249d62f5ccf6', '51b85870-5538-4336-bcc6-1bfd7fd3699a', '{}', 2),
	('b99cdda1-d21b-4f83-87d4-1887ddd8a69e', 'receipts', '51b85870-5538-4336-bcc6-1bfd7fd3699a/1753584849458.jpg', '51b85870-5538-4336-bcc6-1bfd7fd3699a', '2025-07-27 02:54:11.265165+00', '2025-08-26 15:38:08.296577+00', '2025-07-27 02:54:11.265165+00', '{"eTag": "\"e35131ce298b64272415579e7d919964\"", "size": 3857402, "mimetype": "image/jpeg", "cacheControl": "max-age=3600", "lastModified": "2025-07-27T02:54:12.000Z", "contentLength": 3857402, "httpStatusCode": 200}', '83cf90cc-0f80-4e37-94e0-d28d9c87769f', '51b85870-5538-4336-bcc6-1bfd7fd3699a', '{}', 2),
	('43106105-01a8-4ff0-b0d9-f0a233b70e8d', 'receipts', '51b85870-5538-4336-bcc6-1bfd7fd3699a/1753924221575.jpg', '51b85870-5538-4336-bcc6-1bfd7fd3699a', '2025-07-31 01:10:22.592491+00', '2025-08-26 15:38:08.296577+00', '2025-07-31 01:10:22.592491+00', '{"eTag": "\"d83504051bd507526ffb237439f6abea\"", "size": 2005262, "mimetype": "image/jpeg", "cacheControl": "max-age=3600", "lastModified": "2025-07-31T01:10:23.000Z", "contentLength": 2005262, "httpStatusCode": 200}', '1d876810-6037-400c-8ee4-5fb05c19f4c4', '51b85870-5538-4336-bcc6-1bfd7fd3699a', '{}', 2),
	('99375a97-0d58-4ed2-aa40-b80b9e802ac1', 'receipts', '51b85870-5538-4336-bcc6-1bfd7fd3699a/1754082863715.jpg', '51b85870-5538-4336-bcc6-1bfd7fd3699a', '2025-08-01 21:14:25.511365+00', '2025-08-26 15:38:08.296577+00', '2025-08-01 21:14:25.511365+00', '{"eTag": "\"cde719a700ad3c41405afa46bac0cc10\"", "size": 3308490, "mimetype": "image/jpeg", "cacheControl": "max-age=3600", "lastModified": "2025-08-01T21:14:26.000Z", "contentLength": 3308490, "httpStatusCode": 200}', '3839bcc4-4760-456a-b862-5ca2c22bb110', '51b85870-5538-4336-bcc6-1bfd7fd3699a', '{}', 2),
	('f9de25f7-c0dd-4769-839f-bbd9df11b291', 'receipts', '51b85870-5538-4336-bcc6-1bfd7fd3699a/1754084959675.jpg', '51b85870-5538-4336-bcc6-1bfd7fd3699a', '2025-08-01 21:49:21.887461+00', '2025-08-26 15:38:08.296577+00', '2025-08-01 21:49:21.887461+00', '{"eTag": "\"3ca375fa5550ce448a07cd4f6e78bf5a\"", "size": 4908326, "mimetype": "image/jpeg", "cacheControl": "max-age=3600", "lastModified": "2025-08-01T21:49:22.000Z", "contentLength": 4908326, "httpStatusCode": 200}', '59e6290f-92da-4ff2-9da9-69c87073c042', '51b85870-5538-4336-bcc6-1bfd7fd3699a', '{}', 2),
	('d0d62d69-5c1c-46f9-baeb-c7931caa53f0', 'receipts', '51b85870-5538-4336-bcc6-1bfd7fd3699a/1754610705225.jpg', '51b85870-5538-4336-bcc6-1bfd7fd3699a', '2025-08-07 23:51:46.924237+00', '2025-08-26 15:38:08.296577+00', '2025-08-07 23:51:46.924237+00', '{"eTag": "\"1021ef119b3cce09725381818c6d9288\"", "size": 3370683, "mimetype": "image/jpeg", "cacheControl": "max-age=3600", "lastModified": "2025-08-07T23:51:47.000Z", "contentLength": 3370683, "httpStatusCode": 200}', '99611907-77a6-4e66-976b-73697b1c7f0d', '51b85870-5538-4336-bcc6-1bfd7fd3699a', '{}', 2),
	('fbe0339c-6592-460a-bb47-8730d6b1ebaf', 'receipts', '51b85870-5538-4336-bcc6-1bfd7fd3699a/1754610819124.jpg', '51b85870-5538-4336-bcc6-1bfd7fd3699a', '2025-08-07 23:53:40.5513+00', '2025-08-26 15:38:08.296577+00', '2025-08-07 23:53:40.5513+00', '{"eTag": "\"853f91a402dec680879afe35f49e3b4b\"", "size": 2880763, "mimetype": "image/jpeg", "cacheControl": "max-age=3600", "lastModified": "2025-08-07T23:53:41.000Z", "contentLength": 2880763, "httpStatusCode": 200}', '2b04f0f7-6c66-412c-803f-be0984d9a78a', '51b85870-5538-4336-bcc6-1bfd7fd3699a', '{}', 2),
	('1d050a26-ad92-4afc-993c-6f62fb9f1d64', 'receipts', '51b85870-5538-4336-bcc6-1bfd7fd3699a/1754611669674.jpg', '51b85870-5538-4336-bcc6-1bfd7fd3699a', '2025-08-08 00:07:51.379618+00', '2025-08-26 15:38:08.296577+00', '2025-08-08 00:07:51.379618+00', '{"eTag": "\"42c921f734c5a4ba848ce340b5e4cbbf\"", "size": 3293337, "mimetype": "image/jpeg", "cacheControl": "max-age=3600", "lastModified": "2025-08-08T00:07:52.000Z", "contentLength": 3293337, "httpStatusCode": 200}', '446fdb33-8ea9-430c-a7f7-88c21f9409a0', '51b85870-5538-4336-bcc6-1bfd7fd3699a', '{}', 2),
	('9f9c133e-a6b9-4368-91c4-243278046677', 'receipts', '51b85870-5538-4336-bcc6-1bfd7fd3699a/1755956512412.jpg', '51b85870-5538-4336-bcc6-1bfd7fd3699a', '2025-08-23 13:42:08.784964+00', '2025-08-26 15:38:08.296577+00', '2025-08-23 13:42:08.784964+00', '{"eTag": "\"1a6d9b70dd45a3b8620eb0f09a509a6a\"", "size": 2312896, "mimetype": "image/jpeg", "cacheControl": "max-age=3600", "lastModified": "2025-08-23T13:42:09.000Z", "contentLength": 2312896, "httpStatusCode": 200}', '08e5fcbf-04e8-42b5-8f0b-a94ba8bb19f1', '51b85870-5538-4336-bcc6-1bfd7fd3699a', '{}', 2),
	('1c248284-d377-4e2b-b1f3-122c86cb98e1', 'receipts', '6817b433-fce4-4c3e-9e3f-02510fced788/1752890604143.png', '6817b433-fce4-4c3e-9e3f-02510fced788', '2025-07-19 02:08:57.962408+00', '2025-08-26 15:38:08.296577+00', '2025-07-19 02:08:57.962408+00', '{"eTag": "\"3ae416621f9c6f6bac6365df933d8c9f-2\"", "size": 5875730, "mimetype": "image/png", "cacheControl": "max-age=3600", "lastModified": "2025-07-19T02:08:58.000Z", "contentLength": 5875730, "httpStatusCode": 200}', 'd4d70de7-fc85-42f8-bf27-94c5dd417a54', '6817b433-fce4-4c3e-9e3f-02510fced788', '{}', 2),
	('ddcc39d3-d3c1-4b09-990f-cc3cb16f4e60', 'receipts', '6817b433-fce4-4c3e-9e3f-02510fced788/1752936654501.jpg', '6817b433-fce4-4c3e-9e3f-02510fced788', '2025-07-19 14:50:55.891688+00', '2025-08-26 15:38:08.296577+00', '2025-07-19 14:50:55.891688+00', '{"eTag": "\"49d7973ce77dd409bbed6ba881e48186\"", "size": 2186793, "mimetype": "image/jpeg", "cacheControl": "max-age=3600", "lastModified": "2025-07-19T14:50:56.000Z", "contentLength": 2186793, "httpStatusCode": 200}', 'a743a335-7bd3-4a5c-8c05-1ea303c6461d', '6817b433-fce4-4c3e-9e3f-02510fced788', '{}', 2),
	('1ff30bcc-1810-42d0-8798-9a10a87f9005', 'receipts', '6817b433-fce4-4c3e-9e3f-02510fced788/1752936784858.jpg', '6817b433-fce4-4c3e-9e3f-02510fced788', '2025-07-19 14:53:05.750435+00', '2025-08-26 15:38:08.296577+00', '2025-07-19 14:53:05.750435+00', '{"eTag": "\"fb10fe027c315c86b4650aa574dd7118\"", "size": 2108547, "mimetype": "image/jpeg", "cacheControl": "max-age=3600", "lastModified": "2025-07-19T14:53:06.000Z", "contentLength": 2108547, "httpStatusCode": 200}', '1edc9e18-f2cb-45f2-a15c-4bffa7a05c23', '6817b433-fce4-4c3e-9e3f-02510fced788', '{}', 2),
	('a4597f1f-154c-4351-a7fb-032c22b4d9de', 'receipts', '6817b433-fce4-4c3e-9e3f-02510fced788/1752936839049.jpg', '6817b433-fce4-4c3e-9e3f-02510fced788', '2025-07-19 14:54:00.280256+00', '2025-08-26 15:38:08.296577+00', '2025-07-19 14:54:00.280256+00', '{"eTag": "\"bc4a0939700c91ae0f8e3e8a1cd95df9\"", "size": 2913380, "mimetype": "image/jpeg", "cacheControl": "max-age=3600", "lastModified": "2025-07-19T14:54:01.000Z", "contentLength": 2913380, "httpStatusCode": 200}', '29c56855-41e2-46b2-949c-b985be3497f4', '6817b433-fce4-4c3e-9e3f-02510fced788', '{}', 2),
	('968acd93-5014-4150-9393-81beb3566ca2', 'receipts', '6817b433-fce4-4c3e-9e3f-02510fced788/1752936991005.jpg', '6817b433-fce4-4c3e-9e3f-02510fced788', '2025-07-19 14:56:32.626552+00', '2025-08-26 15:38:08.296577+00', '2025-07-19 14:56:32.626552+00', '{"eTag": "\"9c0227897879bf62cb626f0d8a178e65\"", "size": 3121283, "mimetype": "image/jpeg", "cacheControl": "max-age=3600", "lastModified": "2025-07-19T14:56:33.000Z", "contentLength": 3121283, "httpStatusCode": 200}', 'b0ac80cc-9197-491e-a3ca-fcc4ce81050b', '6817b433-fce4-4c3e-9e3f-02510fced788', '{}', 2),
	('2b10dcef-627a-44e9-819c-17097323661f', 'receipts', '6817b433-fce4-4c3e-9e3f-02510fced788/1755900732677.jpg', '6817b433-fce4-4c3e-9e3f-02510fced788', '2025-08-22 22:12:15.55668+00', '2025-08-26 15:38:08.296577+00', '2025-08-22 22:12:15.55668+00', '{"eTag": "\"034c8062d34676fb4d6dfe3b9efc4ff8\"", "size": 2591504, "mimetype": "image/jpeg", "cacheControl": "max-age=3600", "lastModified": "2025-08-22T22:12:16.000Z", "contentLength": 2591504, "httpStatusCode": 200}', '48215e75-66c5-477b-abeb-85214c401dad', '6817b433-fce4-4c3e-9e3f-02510fced788', '{}', 2),
	('01f37b55-2617-4d99-9dd9-6635b932078a', 'receipts', '6817b433-fce4-4c3e-9e3f-02510fced788/1755901306560.jpg', '6817b433-fce4-4c3e-9e3f-02510fced788', '2025-08-22 22:21:53.615999+00', '2025-08-26 15:38:08.296577+00', '2025-08-22 22:21:53.615999+00', '{"eTag": "\"71bed2536370d980f2088606a0d5504b-2\"", "size": 6839307, "mimetype": "image/jpeg", "cacheControl": "max-age=3600", "lastModified": "2025-08-22T22:21:54.000Z", "contentLength": 6839307, "httpStatusCode": 200}', 'c45b4214-11fd-4e33-9eea-9d0b598e1b4f', '6817b433-fce4-4c3e-9e3f-02510fced788', '{}', 2),
	('bf497bf3-5eb2-406b-b293-e2732a1be929', 'receipts', '6817b433-fce4-4c3e-9e3f-02510fced788/1755901448568.jpg', '6817b433-fce4-4c3e-9e3f-02510fced788', '2025-08-22 22:24:15.746411+00', '2025-08-26 15:38:08.296577+00', '2025-08-22 22:24:15.746411+00', '{"eTag": "\"6fa255dc198a5daa48ad4406940b6d72-2\"", "size": 6362627, "mimetype": "image/jpeg", "cacheControl": "max-age=3600", "lastModified": "2025-08-22T22:24:16.000Z", "contentLength": 6362627, "httpStatusCode": 200}', 'c7d50f53-0566-4704-a20c-fa798d6197ad', '6817b433-fce4-4c3e-9e3f-02510fced788', '{}', 2),
	('9cb272c6-3ef0-42fe-9929-e1e39140e2d3', 'receipts', '6817b433-fce4-4c3e-9e3f-02510fced788/1755901637591.jpg', '6817b433-fce4-4c3e-9e3f-02510fced788', '2025-08-22 22:27:24.377285+00', '2025-08-26 15:38:08.296577+00', '2025-08-22 22:27:24.377285+00', '{"eTag": "\"2ab244865ba5d3eb7e82c617b2fb2f7d-2\"", "size": 6302680, "mimetype": "image/jpeg", "cacheControl": "max-age=3600", "lastModified": "2025-08-22T22:27:25.000Z", "contentLength": 6302680, "httpStatusCode": 200}', '81bff3aa-62fc-4ad0-8fac-6f3f41b14753', '6817b433-fce4-4c3e-9e3f-02510fced788', '{}', 2),
	('dcce9e1a-5bd2-4de7-b1f2-97ffa00f1eb4', 'receipts', '6817b433-fce4-4c3e-9e3f-02510fced788/1755901801279.jpg', '6817b433-fce4-4c3e-9e3f-02510fced788', '2025-08-22 22:30:07.529167+00', '2025-08-26 15:38:08.296577+00', '2025-08-22 22:30:07.529167+00', '{"eTag": "\"e9a9168526b9163af7ff5f0901270141-2\"", "size": 7025443, "mimetype": "image/jpeg", "cacheControl": "max-age=3600", "lastModified": "2025-08-22T22:30:08.000Z", "contentLength": 7025443, "httpStatusCode": 200}', '8c57b6e9-95a6-49ed-a5ac-8f7026535868', '6817b433-fce4-4c3e-9e3f-02510fced788', '{}', 2),
	('4357caf4-d0d8-44f6-9b8a-a33031dcd19c', 'receipts', '6817b433-fce4-4c3e-9e3f-02510fced788/1755902119305.jpg', '6817b433-fce4-4c3e-9e3f-02510fced788', '2025-08-22 22:35:24.13159+00', '2025-08-26 15:38:08.296577+00', '2025-08-22 22:35:24.13159+00', '{"eTag": "\"9ed1efc234f66fd3f2fdc1cb122194f9-2\"", "size": 5547433, "mimetype": "image/jpeg", "cacheControl": "max-age=3600", "lastModified": "2025-08-22T22:35:24.000Z", "contentLength": 5547433, "httpStatusCode": 200}', '63a52b91-8394-4c83-93cb-fcb2bcf40228', '6817b433-fce4-4c3e-9e3f-02510fced788', '{}', 2),
	('6e00191b-741e-493e-9523-9f5587fb38e0', 'receipts', '6817b433-fce4-4c3e-9e3f-02510fced788/1755908950867.jpg', '6817b433-fce4-4c3e-9e3f-02510fced788', '2025-08-23 00:29:12.354996+00', '2025-08-26 15:38:08.296577+00', '2025-08-23 00:29:12.354996+00', '{"eTag": "\"e0933d4ff052bc329b10be3f51fd66a7\"", "size": 467485, "mimetype": "image/jpeg", "cacheControl": "max-age=3600", "lastModified": "2025-08-23T00:29:13.000Z", "contentLength": 467485, "httpStatusCode": 200}', 'f9f4402b-6280-4186-9b95-4893df8b5fe7', '6817b433-fce4-4c3e-9e3f-02510fced788', '{}', 2),
	('33734182-ecaa-4409-a4af-c61e2cdb9f81', 'receipts', '51b85870-5538-4336-bcc6-1bfd7fd3699a/1756515841770.jpg', '51b85870-5538-4336-bcc6-1bfd7fd3699a', '2025-08-30 01:04:03.210943+00', '2025-08-30 01:04:03.210943+00', '2025-08-30 01:04:03.210943+00', '{"eTag": "\"dd5122e99d2184cbfd232e3811fc68fe\"", "size": 2937428, "mimetype": "image/jpeg", "cacheControl": "max-age=3600", "lastModified": "2025-08-30T01:04:04.000Z", "contentLength": 2937428, "httpStatusCode": 200}', '4055ec3c-c15e-45c0-874f-70b15f96dd97', '51b85870-5538-4336-bcc6-1bfd7fd3699a', '{}', 2),
	('a73807b7-c96a-4aca-8960-86aae1b53009', 'receipts', '6817b433-fce4-4c3e-9e3f-02510fced788/17998b25-895b-4f4a-a3b6-c2f874830e0b.png', '6817b433-fce4-4c3e-9e3f-02510fced788', '2025-11-14 03:02:51.402525+00', '2025-11-14 03:02:51.402525+00', '2025-11-14 03:02:51.402525+00', '{"eTag": "\"1e53a12f4b9f00afdac26fcaf18695ed\"", "size": 661075, "mimetype": "image/png", "cacheControl": "max-age=3600", "lastModified": "2025-11-14T03:02:52.000Z", "contentLength": 661075, "httpStatusCode": 200}', '02a416a9-0672-4efe-93f3-865de66c1e3d', '6817b433-fce4-4c3e-9e3f-02510fced788', '{}', 2),
	('102ea583-57cd-42eb-b353-99652b17d910', 'receipts', '51b85870-5538-4336-bcc6-1bfd7fd3699a/1756515945501.jpg', '51b85870-5538-4336-bcc6-1bfd7fd3699a', '2025-08-30 01:05:46.951405+00', '2025-08-30 01:05:46.951405+00', '2025-08-30 01:05:46.951405+00', '{"eTag": "\"7afa5df0b617f0d887ebd8cd81cbee35\"", "size": 4028591, "mimetype": "image/jpeg", "cacheControl": "max-age=3600", "lastModified": "2025-08-30T01:05:47.000Z", "contentLength": 4028591, "httpStatusCode": 200}', '58841af5-d917-4376-a24e-1f7d339d8494', '51b85870-5538-4336-bcc6-1bfd7fd3699a', '{}', 2),
	('f953ecf8-d9f9-4439-9eab-12d932788544', 'receipts', '51b85870-5538-4336-bcc6-1bfd7fd3699a/1ae3686e-acdc-4d48-a71e-68bb97ceff93.jpg', '51b85870-5538-4336-bcc6-1bfd7fd3699a', '2025-11-23 14:29:51.460834+00', '2025-11-23 14:29:51.460834+00', '2025-11-23 14:29:51.460834+00', '{"eTag": "\"5e0dc9cfb70d0b954021a725e0a274a4\"", "size": 3232746, "mimetype": "image/jpeg", "cacheControl": "max-age=3600", "lastModified": "2025-11-23T14:29:52.000Z", "contentLength": 3232746, "httpStatusCode": 200}', '2f95527e-57b7-456f-aee7-54800614282d', '51b85870-5538-4336-bcc6-1bfd7fd3699a', '{}', 2),
	('1bee1130-2d9e-4af0-a932-575c931f2071', 'receipts', '052c24c5-c4cf-4393-8acd-108a2a894853/be36e6c8-40f2-4c6e-8f67-fc8a5623b36b.jpeg', '052c24c5-c4cf-4393-8acd-108a2a894853', '2025-11-25 13:23:59.6392+00', '2025-11-25 13:23:59.6392+00', '2025-11-25 13:23:59.6392+00', '{"eTag": "\"7c23e1d08e4a96209d2483adc6c009b9\"", "size": 70366, "mimetype": "image/jpeg", "cacheControl": "max-age=3600", "lastModified": "2025-11-25T13:24:00.000Z", "contentLength": 70366, "httpStatusCode": 200}', '459a4b2e-3979-49e2-8a34-0b710e640d96', '052c24c5-c4cf-4393-8acd-108a2a894853', '{}', 2),
	('2f6df419-9c6c-4155-9759-a76e977e9194', 'receipts', '51b85870-5538-4336-bcc6-1bfd7fd3699a/d733df44-0b86-47f9-aa6f-2d312a235699.jpg', '51b85870-5538-4336-bcc6-1bfd7fd3699a', '2025-11-26 13:04:38.549578+00', '2025-11-26 13:04:38.549578+00', '2025-11-26 13:04:38.549578+00', '{"eTag": "\"3657be4c84b1630520c5fbcceecbddc1\"", "size": 3032256, "mimetype": "image/jpeg", "cacheControl": "max-age=3600", "lastModified": "2025-11-26T13:04:39.000Z", "contentLength": 3032256, "httpStatusCode": 200}', 'bb54a05c-ff94-4db4-9e10-b16ed23fff2b', '51b85870-5538-4336-bcc6-1bfd7fd3699a', '{}', 2),
	('b36e1317-d8c7-4840-8ce6-e94f55dcaed8', 'receipts', '51b85870-5538-4336-bcc6-1bfd7fd3699a/a8791b92-3409-4ef4-bd36-b7b36be0f148.jpg', '51b85870-5538-4336-bcc6-1bfd7fd3699a', '2025-11-26 13:05:47.519124+00', '2025-11-26 13:05:47.519124+00', '2025-11-26 13:05:47.519124+00', '{"eTag": "\"6516c849b407452d8c628ee01e88179f\"", "size": 3139681, "mimetype": "image/jpeg", "cacheControl": "max-age=3600", "lastModified": "2025-11-26T13:05:48.000Z", "contentLength": 3139681, "httpStatusCode": 200}', '9a48e69f-df8e-4564-ae9f-daa6adde7dc9', '51b85870-5538-4336-bcc6-1bfd7fd3699a', '{}', 2),
	('0d7c2626-9fe5-4c20-9960-5ebf12650179', 'receipts', '51b85870-5538-4336-bcc6-1bfd7fd3699a/cd3b9254-1b76-4b5e-9cec-7e1fc5cf5795.jpg', '51b85870-5538-4336-bcc6-1bfd7fd3699a', '2025-11-26 13:07:37.645176+00', '2025-11-26 13:07:37.645176+00', '2025-11-26 13:07:37.645176+00', '{"eTag": "\"67590d39d051707edafe6e7828506bb7\"", "size": 2887718, "mimetype": "image/jpeg", "cacheControl": "max-age=3600", "lastModified": "2025-11-26T13:07:38.000Z", "contentLength": 2887718, "httpStatusCode": 200}', '70ea9efd-550b-41a6-aa11-049c8d57d147', '51b85870-5538-4336-bcc6-1bfd7fd3699a', '{}', 2),
	('b0d72274-e0e4-4fd7-8901-ed2e501e19ff', 'receipts', '51b85870-5538-4336-bcc6-1bfd7fd3699a/3c42ddd7-07c1-470a-8665-f2093335d49b.jpg', '51b85870-5538-4336-bcc6-1bfd7fd3699a', '2025-11-26 13:08:31.280589+00', '2025-11-26 13:08:31.280589+00', '2025-11-26 13:08:31.280589+00', '{"eTag": "\"50c8c0ca94e93a68fd3b084a90602f4f\"", "size": 2301034, "mimetype": "image/jpeg", "cacheControl": "max-age=3600", "lastModified": "2025-11-26T13:08:32.000Z", "contentLength": 2301034, "httpStatusCode": 200}', '19b98e5e-9491-4946-8008-e7728664e5b2', '51b85870-5538-4336-bcc6-1bfd7fd3699a', '{}', 2),
	('ce7660cc-bd01-486e-a913-fc4727f1d781', 'receipts', '51b85870-5538-4336-bcc6-1bfd7fd3699a/1250b5bb-0ce1-4cba-afcd-660f57776eee.jpg', '51b85870-5538-4336-bcc6-1bfd7fd3699a', '2025-11-26 13:09:38.784813+00', '2025-11-26 13:09:38.784813+00', '2025-11-26 13:09:38.784813+00', '{"eTag": "\"56767d447d1c7df4ad8ebd54b7bf3344\"", "size": 2331670, "mimetype": "image/jpeg", "cacheControl": "max-age=3600", "lastModified": "2025-11-26T13:09:39.000Z", "contentLength": 2331670, "httpStatusCode": 200}', '465025c1-df5d-45e1-a305-036294ca6285', '51b85870-5538-4336-bcc6-1bfd7fd3699a', '{}', 2),
	('c14352f1-4c72-4670-aa3d-de1034d217ba', 'receipts', '51b85870-5538-4336-bcc6-1bfd7fd3699a/ac6ab7dd-5ef7-45d8-b24d-8a11e311ff90.jpg', '51b85870-5538-4336-bcc6-1bfd7fd3699a', '2025-11-26 13:11:17.15124+00', '2025-11-26 13:11:17.15124+00', '2025-11-26 13:11:17.15124+00', '{"eTag": "\"89c780e176aa28385d19e328672fcd22\"", "size": 2375146, "mimetype": "image/jpeg", "cacheControl": "max-age=3600", "lastModified": "2025-11-26T13:11:18.000Z", "contentLength": 2375146, "httpStatusCode": 200}', '88f42560-2641-47d7-a9bb-08f88bbb720f', '51b85870-5538-4336-bcc6-1bfd7fd3699a', '{}', 2),
	('8c5f6c89-5203-4302-9422-4a81e2940fb4', 'receipts', '51b85870-5538-4336-bcc6-1bfd7fd3699a/ca494f3d-179f-491d-8278-9d9d36916149.jpg', '51b85870-5538-4336-bcc6-1bfd7fd3699a', '2025-11-28 02:34:14.458304+00', '2025-11-28 02:34:14.458304+00', '2025-11-28 02:34:14.458304+00', '{"eTag": "\"755b2026157b56550288513edb8ac91b\"", "size": 148947, "mimetype": "image/jpeg", "cacheControl": "max-age=3600", "lastModified": "2025-11-28T02:34:15.000Z", "contentLength": 148947, "httpStatusCode": 200}', '4b701d12-04db-419f-aa55-06eb8f2ce907', '51b85870-5538-4336-bcc6-1bfd7fd3699a', '{}', 2),
	('12380947-1f28-4f3a-9cc7-a51c27877c46', 'receipts', '51b85870-5538-4336-bcc6-1bfd7fd3699a/d7748a2e-fbf4-432a-812b-c4c82945707a.jpg', '51b85870-5538-4336-bcc6-1bfd7fd3699a', '2025-11-28 14:48:22.867821+00', '2025-11-28 14:48:22.867821+00', '2025-11-28 14:48:22.867821+00', '{"eTag": "\"e0c9c8084b5252294d04bc7c4ca1fce0\"", "size": 32067, "mimetype": "image/jpeg", "cacheControl": "max-age=3600", "lastModified": "2025-11-28T14:48:23.000Z", "contentLength": 32067, "httpStatusCode": 200}', '788a2555-67cf-49e5-8537-2dae42d9206b', '51b85870-5538-4336-bcc6-1bfd7fd3699a', '{}', 2),
	('0b13ddd4-630c-4869-bf76-cc53c8e3d98c', 'receipts', '607a75ff-2be2-4eb7-a6b9-98e1479f9c9c/ca97985c-f858-45b6-a3a3-1850c442c03b.jpg', '607a75ff-2be2-4eb7-a6b9-98e1479f9c9c', '2025-11-29 01:30:04.481522+00', '2025-11-29 01:30:04.481522+00', '2025-11-29 01:30:04.481522+00', '{"eTag": "\"cf2085a516354d97121f9856443f1f97\"", "size": 2641629, "mimetype": "image/jpeg", "cacheControl": "max-age=3600", "lastModified": "2025-11-29T01:30:05.000Z", "contentLength": 2641629, "httpStatusCode": 200}', '35e08b9b-d09e-4ff1-b8dd-7686ebfd8dad', '607a75ff-2be2-4eb7-a6b9-98e1479f9c9c', '{}', 2),
	('2b661f1a-b1fa-42e6-b38b-71dacc24fa94', 'receipts', '51b85870-5538-4336-bcc6-1bfd7fd3699a/56298016-8d36-4749-b52e-421c8b90945e.jpg', '51b85870-5538-4336-bcc6-1bfd7fd3699a', '2025-11-29 18:34:41.09408+00', '2025-11-29 18:34:41.09408+00', '2025-11-29 18:34:41.09408+00', '{"eTag": "\"d907ee0a61ba4140d32e6f313f0e45fa\"", "size": 2320086, "mimetype": "image/jpeg", "cacheControl": "max-age=3600", "lastModified": "2025-11-29T18:34:41.000Z", "contentLength": 2320086, "httpStatusCode": 200}', 'ba56d554-f3eb-4ba9-9320-9ae16d3dfacb', '51b85870-5538-4336-bcc6-1bfd7fd3699a', '{}', 2),
	('813b479f-5f7a-4f29-8d29-753282cf5716', 'receipts', '579e9c00-fe76-4825-8390-24d030373970/8eeb451a-3f96-4f13-ba7b-e82cf953b915.jpg', '579e9c00-fe76-4825-8390-24d030373970', '2025-11-30 01:49:34.814738+00', '2025-11-30 01:49:34.814738+00', '2025-11-30 01:49:34.814738+00', '{"eTag": "\"cf2085a516354d97121f9856443f1f97\"", "size": 2641629, "mimetype": "image/jpeg", "cacheControl": "max-age=3600", "lastModified": "2025-11-30T01:49:35.000Z", "contentLength": 2641629, "httpStatusCode": 200}', '8f8c88af-8077-4cd5-add1-c7c42a1fbfac', '579e9c00-fe76-4825-8390-24d030373970', '{}', 2),
	('56ef873c-54d1-42ff-91b5-caa3fec682bd', 'receipts', '579e9c00-fe76-4825-8390-24d030373970/e5ad4b81-a4de-4ea1-815f-93d3cc1a043a.jpg', '579e9c00-fe76-4825-8390-24d030373970', '2025-11-30 02:18:15.333127+00', '2025-11-30 02:18:15.333127+00', '2025-11-30 02:18:15.333127+00', '{"eTag": "\"cf2085a516354d97121f9856443f1f97\"", "size": 2641629, "mimetype": "image/jpeg", "cacheControl": "max-age=3600", "lastModified": "2025-11-30T02:18:16.000Z", "contentLength": 2641629, "httpStatusCode": 200}', 'f4c609c6-548e-44de-ad9d-7f037af36134', '579e9c00-fe76-4825-8390-24d030373970', '{}', 2),
	('3800cdb0-d536-48c5-90e4-db916600274c', 'receipts', '579e9c00-fe76-4825-8390-24d030373970/eb3ec0d0-4a57-44e6-80e8-9e596281b963.jpg', '579e9c00-fe76-4825-8390-24d030373970', '2025-11-30 02:20:17.437972+00', '2025-11-30 02:20:17.437972+00', '2025-11-30 02:20:17.437972+00', '{"eTag": "\"cf2085a516354d97121f9856443f1f97\"", "size": 2641629, "mimetype": "image/jpeg", "cacheControl": "max-age=3600", "lastModified": "2025-11-30T02:20:18.000Z", "contentLength": 2641629, "httpStatusCode": 200}', '34115794-ccd3-4e8b-8976-48e6293f90da', '579e9c00-fe76-4825-8390-24d030373970', '{}', 2),
	('aaacc294-8470-4a01-96c8-aa99953ac659', 'receipts', '51b85870-5538-4336-bcc6-1bfd7fd3699a/3af2ced1-12c8-4449-adfd-d3c4cb625463.jpg', '51b85870-5538-4336-bcc6-1bfd7fd3699a', '2025-12-02 17:52:57.430654+00', '2025-12-02 17:52:57.430654+00', '2025-12-02 17:52:57.430654+00', '{"eTag": "\"b5b8a66c34c26f066948310442c77cb4\"", "size": 41394, "mimetype": "image/jpeg", "cacheControl": "max-age=3600", "lastModified": "2025-12-02T17:52:58.000Z", "contentLength": 41394, "httpStatusCode": 200}', '67395ffc-bec6-4385-a93c-cd1e89dc32e6', '51b85870-5538-4336-bcc6-1bfd7fd3699a', '{}', 2),
	('5fa8e218-20e5-4284-ae61-56aa9a5f7ea4', 'receipts', '51b85870-5538-4336-bcc6-1bfd7fd3699a/9790f4dc-7af3-4df3-8d74-4cc1b19d41c7.jpg', '51b85870-5538-4336-bcc6-1bfd7fd3699a', '2025-12-02 17:53:29.347344+00', '2025-12-02 17:53:29.347344+00', '2025-12-02 17:53:29.347344+00', '{"eTag": "\"21ae1a29a648bd098fefff9316ac6912\"", "size": 41411, "mimetype": "image/jpeg", "cacheControl": "max-age=3600", "lastModified": "2025-12-02T17:53:30.000Z", "contentLength": 41411, "httpStatusCode": 200}', '79b2e0c9-b7bd-4dcd-be3a-4e8402e41900', '51b85870-5538-4336-bcc6-1bfd7fd3699a', '{}', 2),
	('edc4de51-d867-4b4e-8d8b-13590cf276c9', 'receipts', '51b85870-5538-4336-bcc6-1bfd7fd3699a/cf2996d6-c414-47d9-acca-2d7a88662c16.jpg', '51b85870-5538-4336-bcc6-1bfd7fd3699a', '2025-12-02 17:58:22.267233+00', '2025-12-02 17:58:22.267233+00', '2025-12-02 17:58:22.267233+00', '{"eTag": "\"21ae1a29a648bd098fefff9316ac6912\"", "size": 41411, "mimetype": "image/jpeg", "cacheControl": "max-age=3600", "lastModified": "2025-12-02T17:58:23.000Z", "contentLength": 41411, "httpStatusCode": 200}', '60285c24-c1af-4b57-b67c-3ecc862543fd', '51b85870-5538-4336-bcc6-1bfd7fd3699a', '{}', 2),
	('4367b3c1-1322-4da2-bbf5-4bbc64cfb728', 'receipts', '51b85870-5538-4336-bcc6-1bfd7fd3699a/9c994974-65a3-4dc8-86ea-4b8a0edf857d.jpg', '51b85870-5538-4336-bcc6-1bfd7fd3699a', '2025-12-02 18:38:29.841529+00', '2025-12-02 18:38:29.841529+00', '2025-12-02 18:38:29.841529+00', '{"eTag": "\"b5b8a66c34c26f066948310442c77cb4\"", "size": 41394, "mimetype": "image/jpeg", "cacheControl": "max-age=3600", "lastModified": "2025-12-02T18:38:30.000Z", "contentLength": 41394, "httpStatusCode": 200}', '17a68935-ee23-49b6-a3b4-92a6776bf5d5', '51b85870-5538-4336-bcc6-1bfd7fd3699a', '{}', 2),
	('61cfaaf3-4552-4db2-a35c-d12c50937a58', 'receipts', '1721245b-3bd8-4226-9c5e-ab6ef9826024/465dd34f-2cd3-49fa-8a93-f497d5a99290.jpg', '1721245b-3bd8-4226-9c5e-ab6ef9826024', '2025-12-04 01:11:12.867383+00', '2025-12-04 01:11:12.867383+00', '2025-12-04 01:11:12.867383+00', '{"eTag": "\"a8faafe286078655f8e19f5bd0270350\"", "size": 126154, "mimetype": "image/jpeg", "cacheControl": "max-age=3600", "lastModified": "2025-12-04T01:11:13.000Z", "contentLength": 126154, "httpStatusCode": 200}', '9954d8c9-a9a9-491c-897c-4ecb36f56b36', '1721245b-3bd8-4226-9c5e-ab6ef9826024', '{}', 2),
	('f7afe397-9a5e-4aae-866d-cc72b81c9ab4', 'receipts', '6817b433-fce4-4c3e-9e3f-02510fced788/4c800e2d-8f03-4ccc-b34a-4b5bbe53f267.jpg', '6817b433-fce4-4c3e-9e3f-02510fced788', '2025-12-05 23:15:31.562937+00', '2025-12-05 23:15:31.562937+00', '2025-12-05 23:15:31.562937+00', '{"eTag": "\"99844fb1d9e2edf883e0fac1103022f8\"", "size": 123272, "mimetype": "image/jpeg", "cacheControl": "max-age=3600", "lastModified": "2025-12-05T23:15:32.000Z", "contentLength": 123272, "httpStatusCode": 200}', 'b65224d0-4c74-45e1-8e10-fb4661e80bb3', '6817b433-fce4-4c3e-9e3f-02510fced788', '{}', 2),
	('90900b2f-1e66-4d64-b755-ce175a2fbe4e', 'receipts', '85d521d4-986d-40cb-9eeb-ea49dd302809/5c9ed3ea-9ac5-489e-9ada-ab5888d9ce3f.jpg', '85d521d4-986d-40cb-9eeb-ea49dd302809', '2025-12-06 16:53:44.856287+00', '2025-12-06 16:53:44.856287+00', '2025-12-06 16:53:44.856287+00', '{"eTag": "\"65a191e772613848e98408fae07e51f9\"", "size": 145318, "mimetype": "image/jpeg", "cacheControl": "max-age=3600", "lastModified": "2025-12-06T16:53:45.000Z", "contentLength": 145318, "httpStatusCode": 200}', 'cd679997-c5b9-49c9-88fd-2f0e553eb677', '85d521d4-986d-40cb-9eeb-ea49dd302809', '{}', 2),
	('c73d9286-85b6-48ec-9e6d-5932e7ec03a2', 'receipts', 'ff13af8e-d0ad-45cc-afa3-a146e498e6eb/6fccde48-7722-4d52-81f2-f20dd77bd8a7.jpg', 'ff13af8e-d0ad-45cc-afa3-a146e498e6eb', '2025-12-06 20:20:47.326169+00', '2025-12-06 20:20:47.326169+00', '2025-12-06 20:20:47.326169+00', '{"eTag": "\"739c1dfd64ba640fcadba6c229a420f3\"", "size": 49760, "mimetype": "image/jpeg", "cacheControl": "max-age=3600", "lastModified": "2025-12-06T20:20:48.000Z", "contentLength": 49760, "httpStatusCode": 200}', '06745746-ec0e-4090-93e8-88c35eecb6a2', 'ff13af8e-d0ad-45cc-afa3-a146e498e6eb', '{}', 2),
	('f61dbac2-a13a-4907-b997-3bf70005fa5a', 'receipts', 'ff13af8e-d0ad-45cc-afa3-a146e498e6eb/ef9eb872-249a-4360-adab-e9b64523e500.jpg', 'ff13af8e-d0ad-45cc-afa3-a146e498e6eb', '2025-12-06 20:22:15.691517+00', '2025-12-06 20:22:15.691517+00', '2025-12-06 20:22:15.691517+00', '{"eTag": "\"48a8f8bb3db47b72b82590e5d5fead75\"", "size": 40582, "mimetype": "image/jpeg", "cacheControl": "max-age=3600", "lastModified": "2025-12-06T20:22:16.000Z", "contentLength": 40582, "httpStatusCode": 200}', 'f4c48eec-f66c-484c-8846-33aea64d2681', 'ff13af8e-d0ad-45cc-afa3-a146e498e6eb', '{}', 2),
	('c45e8eb2-5d70-4a9a-88c8-e24cf6b7f191', 'receipts', '85d521d4-986d-40cb-9eeb-ea49dd302809/8afcb085-d489-4cf9-9a3d-7cdafa5c8012.jpg', '85d521d4-986d-40cb-9eeb-ea49dd302809', '2025-12-07 14:25:16.729828+00', '2025-12-07 14:25:16.729828+00', '2025-12-07 14:25:16.729828+00', '{"eTag": "\"02c134a53248b6db626742d7573f6550\"", "size": 94445, "mimetype": "image/jpeg", "cacheControl": "max-age=3600", "lastModified": "2025-12-07T14:25:17.000Z", "contentLength": 94445, "httpStatusCode": 200}', '366bbc34-d3b0-4724-84b9-7fea0614a9a4', '85d521d4-986d-40cb-9eeb-ea49dd302809', '{}', 2),
	('bfdce4c0-1d79-4913-960e-58ac9f9d13c4', 'receipts', '51b85870-5538-4336-bcc6-1bfd7fd3699a/cce08a1c-bae3-41ab-8fc3-dbe1d14e9e04.jpg', '51b85870-5538-4336-bcc6-1bfd7fd3699a', '2025-12-10 01:43:42.697215+00', '2025-12-10 01:43:42.697215+00', '2025-12-10 01:43:42.697215+00', '{"eTag": "\"3e7b843b6ec402cd90176b71c899f14a\"", "size": 146354, "mimetype": "image/jpeg", "cacheControl": "max-age=3600", "lastModified": "2025-12-10T01:43:43.000Z", "contentLength": 146354, "httpStatusCode": 200}', '38d7cc3d-0837-4696-9442-874801df1d77', '51b85870-5538-4336-bcc6-1bfd7fd3699a', '{}', 2),
	('21a0d310-c4a5-498e-b1a0-3dad69a416f4', 'receipts', '51b85870-5538-4336-bcc6-1bfd7fd3699a/055bd52f-91f9-4162-8641-250fff582db6.jpg', '51b85870-5538-4336-bcc6-1bfd7fd3699a', '2025-12-10 01:46:04.024158+00', '2025-12-10 01:46:04.024158+00', '2025-12-10 01:46:04.024158+00', '{"eTag": "\"6c006d25e01bf616ec201711e8222892\"", "size": 149513, "mimetype": "image/jpeg", "cacheControl": "max-age=3600", "lastModified": "2025-12-10T01:46:04.000Z", "contentLength": 149513, "httpStatusCode": 200}', '52a4b989-2a6f-48ff-b8dd-417943bea755', '51b85870-5538-4336-bcc6-1bfd7fd3699a', '{}', 2),
	('99fffb69-cb30-4ecf-adbc-e451a3ef6f74', 'receipts', '51b85870-5538-4336-bcc6-1bfd7fd3699a/dbbbd022-d546-4a75-a4c3-fe9f121419a0.jpg', '51b85870-5538-4336-bcc6-1bfd7fd3699a', '2025-12-10 01:46:25.240982+00', '2025-12-10 01:46:25.240982+00', '2025-12-10 01:46:25.240982+00', '{"eTag": "\"a10126b01575daf4ebedcdc789f13ba9\"", "size": 131574, "mimetype": "image/jpeg", "cacheControl": "max-age=3600", "lastModified": "2025-12-10T01:46:26.000Z", "contentLength": 131574, "httpStatusCode": 200}', 'ea5a8fab-a776-48a3-9be0-e7f4109fba95', '51b85870-5538-4336-bcc6-1bfd7fd3699a', '{}', 2),
	('84547c98-3e53-43df-9a30-8c9138292a15', 'receipts', '51b85870-5538-4336-bcc6-1bfd7fd3699a/e0e729ce-2f78-456a-9e73-c9ea3daab225.jpg', '51b85870-5538-4336-bcc6-1bfd7fd3699a', '2025-12-10 01:46:44.338312+00', '2025-12-10 01:46:44.338312+00', '2025-12-10 01:46:44.338312+00', '{"eTag": "\"f9466e0226b54a17ee52f181bec73057\"", "size": 109567, "mimetype": "image/jpeg", "cacheControl": "max-age=3600", "lastModified": "2025-12-10T01:46:45.000Z", "contentLength": 109567, "httpStatusCode": 200}', 'b964b6e0-a11f-4b1d-83af-406709ae1ce8', '51b85870-5538-4336-bcc6-1bfd7fd3699a', '{}', 2),
	('362aa3ff-8c58-41a1-816d-026f07f3a7e5', 'receipts', '51b85870-5538-4336-bcc6-1bfd7fd3699a/8761181c-e3bb-4b5d-9f58-418ee1d305fb.jpg', '51b85870-5538-4336-bcc6-1bfd7fd3699a', '2025-12-10 01:47:27.435767+00', '2025-12-10 01:47:27.435767+00', '2025-12-10 01:47:27.435767+00', '{"eTag": "\"71af2bba901bed4f733b5411cf40c5ad\"", "size": 126134, "mimetype": "image/jpeg", "cacheControl": "max-age=3600", "lastModified": "2025-12-10T01:47:28.000Z", "contentLength": 126134, "httpStatusCode": 200}', '498f63bb-45d7-4869-9b39-235731dc2d7a', '51b85870-5538-4336-bcc6-1bfd7fd3699a', '{}', 2),
	('e7f7a41c-933e-41c9-b87f-479d5837b785', 'receipts', '6817b433-fce4-4c3e-9e3f-02510fced788/21d3b53f-8036-45c0-b0be-8527c7834b01.jpg', '6817b433-fce4-4c3e-9e3f-02510fced788', '2025-12-13 01:38:35.739628+00', '2025-12-13 01:38:35.739628+00', '2025-12-13 01:38:35.739628+00', '{"eTag": "\"32defbff7f989f14b200fb579aec04a2\"", "size": 182709, "mimetype": "image/jpeg", "cacheControl": "max-age=3600", "lastModified": "2025-12-13T01:38:36.000Z", "contentLength": 182709, "httpStatusCode": 200}', 'a4929626-6633-47fe-93a1-d50ecd8215b8', '6817b433-fce4-4c3e-9e3f-02510fced788', '{}', 2),
	('dba93d14-748c-4952-bb05-a4aac10b97e7', 'receipts', '85d521d4-986d-40cb-9eeb-ea49dd302809/c8cd8781-3dd5-49ec-bc8d-7e2b8fafc1af.jpg', '85d521d4-986d-40cb-9eeb-ea49dd302809', '2025-12-14 10:37:20.347069+00', '2025-12-14 10:37:20.347069+00', '2025-12-14 10:37:20.347069+00', '{"eTag": "\"c0f0c13edb7cd4a817e2642e4b501124\"", "size": 83667, "mimetype": "image/jpeg", "cacheControl": "max-age=3600", "lastModified": "2025-12-14T10:37:21.000Z", "contentLength": 83667, "httpStatusCode": 200}', '8c958b67-0eed-47b3-bdf8-2ca9d05afade', '85d521d4-986d-40cb-9eeb-ea49dd302809', '{}', 2);


--
-- Data for Name: prefixes; Type: TABLE DATA; Schema: storage; Owner: supabase_storage_admin
--

INSERT INTO "storage"."prefixes" ("bucket_id", "name", "created_at", "updated_at") VALUES
	('receipts', '51b85870-5538-4336-bcc6-1bfd7fd3699a', '2025-08-26 15:38:08.105343+00', '2025-08-26 15:38:08.105343+00'),
	('receipts', '6817b433-fce4-4c3e-9e3f-02510fced788', '2025-08-26 15:38:08.105343+00', '2025-08-26 15:38:08.105343+00'),
	('receipts', '052c24c5-c4cf-4393-8acd-108a2a894853', '2025-11-25 00:32:06.308398+00', '2025-11-25 00:32:06.308398+00'),
	('receipts', '607a75ff-2be2-4eb7-a6b9-98e1479f9c9c', '2025-11-29 01:30:04.481522+00', '2025-11-29 01:30:04.481522+00'),
	('receipts', '579e9c00-fe76-4825-8390-24d030373970', '2025-11-30 01:49:34.814738+00', '2025-11-30 01:49:34.814738+00'),
	('receipts', '1721245b-3bd8-4226-9c5e-ab6ef9826024', '2025-12-04 01:11:12.867383+00', '2025-12-04 01:11:12.867383+00'),
	('receipts', '85d521d4-986d-40cb-9eeb-ea49dd302809', '2025-12-06 16:53:44.856287+00', '2025-12-06 16:53:44.856287+00'),
	('receipts', 'ff13af8e-d0ad-45cc-afa3-a146e498e6eb', '2025-12-06 20:20:47.326169+00', '2025-12-06 20:20:47.326169+00');


--
-- Data for Name: s3_multipart_uploads; Type: TABLE DATA; Schema: storage; Owner: supabase_storage_admin
--



--
-- Data for Name: s3_multipart_uploads_parts; Type: TABLE DATA; Schema: storage; Owner: supabase_storage_admin
--



--
-- Data for Name: vector_indexes; Type: TABLE DATA; Schema: storage; Owner: supabase_storage_admin
--



--
-- Name: refresh_tokens_id_seq; Type: SEQUENCE SET; Schema: auth; Owner: supabase_auth_admin
--

SELECT pg_catalog.setval('"auth"."refresh_tokens_id_seq"', 485, true);


--
-- PostgreSQL database dump complete
--

RESET ALL;
